[debug] [2025-10-02T16:52:13.305Z] ----------------------------------------------------------------------
[debug] [2025-10-02T16:52:13.309Z] Command:       C:\Program Files\nodejs\node.exe C:\Users\sebas\AppData\Roaming\npm\node_modules\firebase-tools\lib\bin\firebase.js deploy --only functions
[debug] [2025-10-02T16:52:13.310Z] CLI Version:   14.17.0
[debug] [2025-10-02T16:52:13.310Z] Platform:      win32
[debug] [2025-10-02T16:52:13.310Z] Node Version:  v22.16.0
[debug] [2025-10-02T16:52:13.310Z] Time:          Thu Oct 02 2025 11:52:13 GMT-0500 (Colombia Standard Time)
[debug] [2025-10-02T16:52:13.311Z] ----------------------------------------------------------------------
[debug] 
[debug] [2025-10-02T16:52:13.547Z] > command requires scopes: ["email","openid","https://www.googleapis.com/auth/cloudplatformprojects.readonly","https://www.googleapis.com/auth/firebase","https://www.googleapis.com/auth/cloud-platform"]
[debug] [2025-10-02T16:52:13.547Z] > authorizing via signed-in user (sebastramireza@gmail.com)
[debug] [2025-10-02T16:52:13.548Z] [iam] checking project monify-1384d for permissions ["cloudfunctions.functions.create","cloudfunctions.functions.delete","cloudfunctions.functions.get","cloudfunctions.functions.list","cloudfunctions.functions.update","cloudfunctions.operations.get","firebase.projects.get"]
[debug] [2025-10-02T16:52:13.549Z] Checked if tokens are valid: false, expires at: 1759423832485
[debug] [2025-10-02T16:52:13.549Z] Checked if tokens are valid: false, expires at: 1759423832485
[debug] [2025-10-02T16:52:13.549Z] > refreshing access token with scopes: []
[debug] [2025-10-02T16:52:13.551Z] >>> [apiv2][query] POST https://www.googleapis.com/oauth2/v3/token [none]
[debug] [2025-10-02T16:52:13.552Z] >>> [apiv2][body] POST https://www.googleapis.com/oauth2/v3/token [omitted]
[debug] [2025-10-02T16:52:13.849Z] <<< [apiv2][status] POST https://www.googleapis.com/oauth2/v3/token 200
[debug] [2025-10-02T16:52:13.849Z] <<< [apiv2][body] POST https://www.googleapis.com/oauth2/v3/token [omitted]
[debug] [2025-10-02T16:52:13.862Z] >>> [apiv2][query] POST https://cloudresourcemanager.googleapis.com/v1/projects/monify-1384d:testIamPermissions [none]
[debug] [2025-10-02T16:52:13.862Z] >>> [apiv2][(partial)header] POST https://cloudresourcemanager.googleapis.com/v1/projects/monify-1384d:testIamPermissions x-goog-quota-user=projects/monify-1384d
[debug] [2025-10-02T16:52:13.862Z] >>> [apiv2][body] POST https://cloudresourcemanager.googleapis.com/v1/projects/monify-1384d:testIamPermissions {"permissions":["cloudfunctions.functions.create","cloudfunctions.functions.delete","cloudfunctions.functions.get","cloudfunctions.functions.list","cloudfunctions.functions.update","cloudfunctions.operations.get","firebase.projects.get"]}
[debug] [2025-10-02T16:52:14.463Z] <<< [apiv2][status] POST https://cloudresourcemanager.googleapis.com/v1/projects/monify-1384d:testIamPermissions 200
[debug] [2025-10-02T16:52:14.463Z] <<< [apiv2][body] POST https://cloudresourcemanager.googleapis.com/v1/projects/monify-1384d:testIamPermissions {"permissions":["cloudfunctions.functions.create","cloudfunctions.functions.delete","cloudfunctions.functions.get","cloudfunctions.functions.list","cloudfunctions.functions.update","cloudfunctions.operations.get","firebase.projects.get"]}
[debug] [2025-10-02T16:52:14.464Z] Checked if tokens are valid: true, expires at: 1759427532850
[debug] [2025-10-02T16:52:14.464Z] Checked if tokens are valid: true, expires at: 1759427532850
[debug] [2025-10-02T16:52:14.464Z] >>> [apiv2][query] POST https://iam.googleapis.com/v1/projects/monify-1384d/serviceAccounts/monify-1384d@appspot.gserviceaccount.com:testIamPermissions [none]
[debug] [2025-10-02T16:52:14.464Z] >>> [apiv2][body] POST https://iam.googleapis.com/v1/projects/monify-1384d/serviceAccounts/monify-1384d@appspot.gserviceaccount.com:testIamPermissions {"permissions":["iam.serviceAccounts.actAs"]}
[debug] [2025-10-02T16:52:15.389Z] <<< [apiv2][status] POST https://iam.googleapis.com/v1/projects/monify-1384d/serviceAccounts/monify-1384d@appspot.gserviceaccount.com:testIamPermissions 200
[debug] [2025-10-02T16:52:15.389Z] <<< [apiv2][body] POST https://iam.googleapis.com/v1/projects/monify-1384d/serviceAccounts/monify-1384d@appspot.gserviceaccount.com:testIamPermissions {"permissions":["iam.serviceAccounts.actAs"]}
[info] 
[info] === Deploying to 'monify-1384d'...
[info] 
[info] i  deploying functions 
[info] Running command: npm --prefix "$RESOURCE_DIR" run build
[info] +  functions: Finished running predeploy script. 
[debug] [2025-10-02T16:52:22.083Z] Checked if tokens are valid: true, expires at: 1759427532850
[debug] [2025-10-02T16:52:22.084Z] Checked if tokens are valid: true, expires at: 1759427532850
[debug] [2025-10-02T16:52:22.084Z] >>> [apiv2][query] GET https://serviceusage.googleapis.com/v1/projects/monify-1384d/services/cloudresourcemanager.googleapis.com [none]
[debug] [2025-10-02T16:52:22.084Z] >>> [apiv2][(partial)header] GET https://serviceusage.googleapis.com/v1/projects/monify-1384d/services/cloudresourcemanager.googleapis.com x-goog-quota-user=projects/monify-1384d
[debug] [2025-10-02T16:52:22.860Z] <<< [apiv2][status] GET https://serviceusage.googleapis.com/v1/projects/monify-1384d/services/cloudresourcemanager.googleapis.com 200
[debug] [2025-10-02T16:52:22.861Z] <<< [apiv2][body] GET https://serviceusage.googleapis.com/v1/projects/monify-1384d/services/cloudresourcemanager.googleapis.com [omitted]
[debug] [2025-10-02T16:52:22.873Z] Checked if tokens are valid: true, expires at: 1759427532850
[debug] [2025-10-02T16:52:22.873Z] Checked if tokens are valid: true, expires at: 1759427532850
[debug] [2025-10-02T16:52:22.874Z] >>> [apiv2][query] GET https://cloudresourcemanager.googleapis.com/v1/projects/monify-1384d [none]
[debug] [2025-10-02T16:52:23.585Z] <<< [apiv2][status] GET https://cloudresourcemanager.googleapis.com/v1/projects/monify-1384d 200
[debug] [2025-10-02T16:52:23.586Z] <<< [apiv2][body] GET https://cloudresourcemanager.googleapis.com/v1/projects/monify-1384d {"projectNumber":"783109027463","projectId":"monify-1384d","lifecycleState":"ACTIVE","name":"monify","labels":{"firebase":"enabled","firebase-core":"disabled"},"createTime":"2025-10-02T15:11:13.903090Z"}
[info] i  functions: preparing codebase default for deployment 
[info] i  functions: ensuring required API cloudfunctions.googleapis.com is enabled... 
[info] i  functions: ensuring required API cloudbuild.googleapis.com is enabled... 
[debug] [2025-10-02T16:52:23.591Z] Checked if tokens are valid: true, expires at: 1759427532850
[debug] [2025-10-02T16:52:23.591Z] Checked if tokens are valid: true, expires at: 1759427532850
[info] i  artifactregistry: ensuring required API artifactregistry.googleapis.com is enabled... 
[debug] [2025-10-02T16:52:23.592Z] Checked if tokens are valid: true, expires at: 1759427532850
[debug] [2025-10-02T16:52:23.592Z] Checked if tokens are valid: true, expires at: 1759427532850
[debug] [2025-10-02T16:52:23.592Z] >>> [apiv2][query] GET https://serviceusage.googleapis.com/v1/projects/monify-1384d/services/cloudbuild.googleapis.com [none]
[debug] [2025-10-02T16:52:23.592Z] >>> [apiv2][(partial)header] GET https://serviceusage.googleapis.com/v1/projects/monify-1384d/services/cloudbuild.googleapis.com x-goog-quota-user=projects/monify-1384d
[debug] [2025-10-02T16:52:23.593Z] >>> [apiv2][query] GET https://serviceusage.googleapis.com/v1/projects/monify-1384d/services/artifactregistry.googleapis.com [none]
[debug] [2025-10-02T16:52:23.593Z] >>> [apiv2][(partial)header] GET https://serviceusage.googleapis.com/v1/projects/monify-1384d/services/artifactregistry.googleapis.com x-goog-quota-user=projects/monify-1384d
[debug] [2025-10-02T16:52:23.985Z] <<< [apiv2][status] GET https://serviceusage.googleapis.com/v1/projects/monify-1384d/services/cloudbuild.googleapis.com 200
[debug] [2025-10-02T16:52:23.985Z] <<< [apiv2][body] GET https://serviceusage.googleapis.com/v1/projects/monify-1384d/services/cloudbuild.googleapis.com [omitted]
[warn] !  functions: missing required API cloudbuild.googleapis.com. Enabling now... 
[debug] [2025-10-02T16:52:23.987Z] Checked if tokens are valid: true, expires at: 1759427532850
[debug] [2025-10-02T16:52:23.987Z] Checked if tokens are valid: true, expires at: 1759427532850
[debug] [2025-10-02T16:52:23.987Z] >>> [apiv2][query] POST https://serviceusage.googleapis.com/v1/projects/monify-1384d/services/cloudbuild.googleapis.com:enable [none]
[debug] [2025-10-02T16:52:23.987Z] >>> [apiv2][(partial)header] POST https://serviceusage.googleapis.com/v1/projects/monify-1384d/services/cloudbuild.googleapis.com:enable x-goog-quota-user=projects/monify-1384d
[debug] [2025-10-02T16:52:24.341Z] <<< [apiv2][status] GET https://serviceusage.googleapis.com/v1/projects/monify-1384d/services/artifactregistry.googleapis.com 200
[debug] [2025-10-02T16:52:24.342Z] <<< [apiv2][body] GET https://serviceusage.googleapis.com/v1/projects/monify-1384d/services/artifactregistry.googleapis.com [omitted]
[warn] !  artifactregistry: missing required API artifactregistry.googleapis.com. Enabling now... 
[debug] [2025-10-02T16:52:24.342Z] Checked if tokens are valid: true, expires at: 1759427532850
[debug] [2025-10-02T16:52:24.342Z] Checked if tokens are valid: true, expires at: 1759427532850
[debug] [2025-10-02T16:52:24.343Z] >>> [apiv2][query] POST https://serviceusage.googleapis.com/v1/projects/monify-1384d/services/artifactregistry.googleapis.com:enable [none]
[debug] [2025-10-02T16:52:24.343Z] >>> [apiv2][(partial)header] POST https://serviceusage.googleapis.com/v1/projects/monify-1384d/services/artifactregistry.googleapis.com:enable x-goog-quota-user=projects/monify-1384d
[debug] [2025-10-02T16:52:24.925Z] <<< [apiv2][status] POST https://serviceusage.googleapis.com/v1/projects/monify-1384d/services/cloudbuild.googleapis.com:enable 200
[debug] [2025-10-02T16:52:24.925Z] <<< [apiv2][body] POST https://serviceusage.googleapis.com/v1/projects/monify-1384d/services/cloudbuild.googleapis.com:enable [omitted]
[debug] [2025-10-02T16:52:25.225Z] <<< [apiv2][status] POST https://serviceusage.googleapis.com/v1/projects/monify-1384d/services/artifactregistry.googleapis.com:enable 200
[debug] [2025-10-02T16:52:25.226Z] <<< [apiv2][body] POST https://serviceusage.googleapis.com/v1/projects/monify-1384d/services/artifactregistry.googleapis.com:enable [omitted]
[debug] [2025-10-02T16:52:35.245Z] Checked if tokens are valid: true, expires at: 1759427532850
[debug] [2025-10-02T16:52:35.246Z] Checked if tokens are valid: true, expires at: 1759427532850
[debug] [2025-10-02T16:52:35.246Z] >>> [apiv2][query] GET https://firebase.googleapis.com/v1beta1/projects/monify-1384d/adminSdkConfig [none]
[debug] [2025-10-02T16:52:35.864Z] <<< [apiv2][status] GET https://firebase.googleapis.com/v1beta1/projects/monify-1384d/adminSdkConfig 200
[debug] [2025-10-02T16:52:35.864Z] <<< [apiv2][body] GET https://firebase.googleapis.com/v1beta1/projects/monify-1384d/adminSdkConfig {"projectId":"monify-1384d","storageBucket":"monify-1384d.firebasestorage.app"}
[debug] [2025-10-02T16:52:35.865Z] Checked if tokens are valid: true, expires at: 1759427532850
[debug] [2025-10-02T16:52:35.866Z] Checked if tokens are valid: true, expires at: 1759427532850
[debug] [2025-10-02T16:52:35.866Z] >>> [apiv2][query] GET https://runtimeconfig.googleapis.com/v1beta1/projects/monify-1384d/configs [none]
[debug] [2025-10-02T16:52:36.452Z] <<< [apiv2][status] GET https://runtimeconfig.googleapis.com/v1beta1/projects/monify-1384d/configs 200
[debug] [2025-10-02T16:52:36.453Z] <<< [apiv2][body] GET https://runtimeconfig.googleapis.com/v1beta1/projects/monify-1384d/configs {}
[debug] [2025-10-02T16:52:36.455Z] Validating nodejs source
[debug] [2025-10-02T16:52:37.851Z] > [functions] package.json contents: {
  "name": "functions",
  "scripts": {
    "lint": "eslint --ext .js,.ts .",
    "build": "tsc",
    "build:watch": "tsc --watch",
    "serve": "npm run build && firebase emulators:start --only functions",
    "shell": "npm run build && firebase functions:shell",
    "start": "npm run shell",
    "deploy": "firebase deploy --only functions",
    "logs": "firebase functions:log"
  },
  "engines": {
    "node": "22"
  },
  "main": "lib/index.js",
  "dependencies": {
    "firebase-admin": "^12.6.0",
    "firebase-functions": "^6.0.1"
  },
  "devDependencies": {
    "@typescript-eslint/eslint-plugin": "^5.12.0",
    "@typescript-eslint/parser": "^5.12.0",
    "eslint": "^8.9.0",
    "eslint-config-google": "^0.14.0",
    "eslint-plugin-import": "^2.25.4",
    "firebase-functions-test": "^3.1.0",
    "typescript": "^5.7.3"
  },
  "private": true
}
[debug] [2025-10-02T16:52:37.851Z] Building nodejs source
[info] i  functions: Loading and analyzing source code for codebase default to determine what to deploy 
[debug] [2025-10-02T16:52:37.853Z] Could not find functions.yaml. Must use http discovery
[debug] [2025-10-02T16:52:37.874Z] Found firebase-functions binary at 'C:\Users\sebas\AndroidStudioProjects\Kotlin\backend\functions\node_modules\.bin\firebase-functions'
[info] Serving at port 8865

[debug] [2025-10-02T16:52:39.035Z] Got response from /__/functions.yaml {"endpoints":{"authOnCreate":{"platform":"gcfv1","availableMemoryMb":null,"timeoutSeconds":null,"minInstances":null,"maxInstances":null,"ingressSettings":null,"serviceAccountEmail":null,"vpc":null,"eventTrigger":{"eventType":"providers/firebase.auth/eventTypes/user.create","eventFilters":{"resource":"projects/monify-1384d"},"retry":false},"labels":{},"entryPoint":"authOnCreate"},"updateProfile":{"availableMemoryMb":null,"timeoutSeconds":null,"minInstances":null,"maxInstances":null,"ingressSettings":null,"concurrency":null,"serviceAccountEmail":null,"vpc":null,"platform":"gcfv2","labels":{},"callableTrigger":{},"entryPoint":"updateProfile"},"createCategory":{"availableMemoryMb":null,"timeoutSeconds":null,"minInstances":null,"maxInstances":null,"ingressSettings":null,"concurrency":null,"serviceAccountEmail":null,"vpc":null,"platform":"gcfv2","labels":{},"callableTrigger":{},"entryPoint":"createCategory"},"createExpense":{"availableMemoryMb":null,"timeoutSeconds":null,"minInstances":null,"maxInstances":null,"ingressSettings":null,"concurrency":null,"serviceAccountEmail":null,"vpc":null,"platform":"gcfv2","labels":{},"callableTrigger":{},"entryPoint":"createExpense"},"createIncome":{"availableMemoryMb":null,"timeoutSeconds":null,"minInstances":null,"maxInstances":null,"ingressSettings":null,"concurrency":null,"serviceAccountEmail":null,"vpc":null,"platform":"gcfv2","labels":{},"callableTrigger":{},"entryPoint":"createIncome"},"createGoal":{"availableMemoryMb":null,"timeoutSeconds":null,"minInstances":null,"maxInstances":null,"ingressSettings":null,"concurrency":null,"serviceAccountEmail":null,"vpc":null,"platform":"gcfv2","labels":{},"callableTrigger":{},"entryPoint":"createGoal"},"updateGoalProgress":{"availableMemoryMb":null,"timeoutSeconds":null,"minInstances":null,"maxInstances":null,"ingressSettings":null,"concurrency":null,"serviceAccountEmail":null,"vpc":null,"platform":"gcfv2","labels":{},"callableTrigger":{},"entryPoint":"updateGoalProgress"},"getMonthlySummary":{"availableMemoryMb":null,"timeoutSeconds":null,"minInstances":null,"maxInstances":null,"ingressSettings":null,"concurrency":null,"serviceAccountEmail":null,"vpc":null,"platform":"gcfv2","labels":{},"callableTrigger":{},"entryPoint":"getMonthlySummary"},"getGoalProgressSummary":{"availableMemoryMb":null,"timeoutSeconds":null,"minInstances":null,"maxInstances":null,"ingressSettings":null,"concurrency":null,"serviceAccountEmail":null,"vpc":null,"platform":"gcfv2","labels":{},"callableTrigger":{},"entryPoint":"getGoalProgressSummary"}},"specVersion":"v1alpha1","requiredAPIs":[],"extensions":{}}
[info] i  extensions: ensuring required API firebaseextensions.googleapis.com is enabled... 
[debug] [2025-10-02T16:52:43.112Z] Checked if tokens are valid: true, expires at: 1759427532850
[debug] [2025-10-02T16:52:43.112Z] Checked if tokens are valid: true, expires at: 1759427532850
[debug] [2025-10-02T16:52:43.112Z] >>> [apiv2][query] GET https://serviceusage.googleapis.com/v1/projects/monify-1384d/services/firebaseextensions.googleapis.com [none]
[debug] [2025-10-02T16:52:43.112Z] >>> [apiv2][(partial)header] GET https://serviceusage.googleapis.com/v1/projects/monify-1384d/services/firebaseextensions.googleapis.com x-goog-quota-user=projects/monify-1384d
[debug] [2025-10-02T16:52:43.953Z] <<< [apiv2][status] GET https://serviceusage.googleapis.com/v1/projects/monify-1384d/services/firebaseextensions.googleapis.com 200
[debug] [2025-10-02T16:52:43.953Z] <<< [apiv2][body] GET https://serviceusage.googleapis.com/v1/projects/monify-1384d/services/firebaseextensions.googleapis.com [omitted]
[warn] !  extensions: missing required API firebaseextensions.googleapis.com. Enabling now... 
[debug] [2025-10-02T16:52:43.954Z] Checked if tokens are valid: true, expires at: 1759427532850
[debug] [2025-10-02T16:52:43.954Z] Checked if tokens are valid: true, expires at: 1759427532850
[debug] [2025-10-02T16:52:43.954Z] >>> [apiv2][query] POST https://serviceusage.googleapis.com/v1/projects/monify-1384d/services/firebaseextensions.googleapis.com:enable [none]
[debug] [2025-10-02T16:52:43.954Z] >>> [apiv2][(partial)header] POST https://serviceusage.googleapis.com/v1/projects/monify-1384d/services/firebaseextensions.googleapis.com:enable x-goog-quota-user=projects/monify-1384d
[debug] [2025-10-02T16:52:44.773Z] <<< [apiv2][status] POST https://serviceusage.googleapis.com/v1/projects/monify-1384d/services/firebaseextensions.googleapis.com:enable 200
[debug] [2025-10-02T16:52:44.773Z] <<< [apiv2][body] POST https://serviceusage.googleapis.com/v1/projects/monify-1384d/services/firebaseextensions.googleapis.com:enable [omitted]
[debug] [2025-10-02T16:52:54.803Z] > command requires scopes: ["email","openid","https://www.googleapis.com/auth/cloudplatformprojects.readonly","https://www.googleapis.com/auth/firebase","https://www.googleapis.com/auth/cloud-platform"]
[debug] [2025-10-02T16:52:54.803Z] > authorizing via signed-in user (sebastramireza@gmail.com)
[debug] [2025-10-02T16:52:54.803Z] [iam] checking project monify-1384d for permissions ["firebase.projects.get","firebaseextensions.instances.list"]
[debug] [2025-10-02T16:52:54.804Z] Checked if tokens are valid: true, expires at: 1759427532850
[debug] [2025-10-02T16:52:54.804Z] Checked if tokens are valid: true, expires at: 1759427532850
[debug] [2025-10-02T16:52:54.805Z] >>> [apiv2][query] POST https://cloudresourcemanager.googleapis.com/v1/projects/monify-1384d:testIamPermissions [none]
[debug] [2025-10-02T16:52:54.805Z] >>> [apiv2][(partial)header] POST https://cloudresourcemanager.googleapis.com/v1/projects/monify-1384d:testIamPermissions x-goog-quota-user=projects/monify-1384d
[debug] [2025-10-02T16:52:54.805Z] >>> [apiv2][body] POST https://cloudresourcemanager.googleapis.com/v1/projects/monify-1384d:testIamPermissions {"permissions":["firebase.projects.get","firebaseextensions.instances.list"]}
[debug] [2025-10-02T16:52:55.524Z] <<< [apiv2][status] POST https://cloudresourcemanager.googleapis.com/v1/projects/monify-1384d:testIamPermissions 200
[debug] [2025-10-02T16:52:55.524Z] <<< [apiv2][body] POST https://cloudresourcemanager.googleapis.com/v1/projects/monify-1384d:testIamPermissions {"permissions":["firebase.projects.get","firebaseextensions.instances.list"]}
[debug] [2025-10-02T16:52:55.525Z] Checked if tokens are valid: true, expires at: 1759427532850
[debug] [2025-10-02T16:52:55.525Z] Checked if tokens are valid: true, expires at: 1759427532850
[debug] [2025-10-02T16:52:55.526Z] >>> [apiv2][query] GET https://firebaseextensions.googleapis.com/v1beta/projects/monify-1384d/instances pageSize=100&pageToken=
[debug] [2025-10-02T16:52:57.697Z] <<< [apiv2][status] GET https://firebaseextensions.googleapis.com/v1beta/projects/monify-1384d/instances 200
[debug] [2025-10-02T16:52:57.697Z] <<< [apiv2][body] GET https://firebaseextensions.googleapis.com/v1beta/projects/monify-1384d/instances {}
[info] i  functions: preparing backend/functions directory for uploading... 
[info] i  functions: packaged C:\Users\sebas\AndroidStudioProjects\Kotlin\backend\functions (100.62 KB) for uploading 
[info] i  functions: packaged C:\Users\sebas\AndroidStudioProjects\Kotlin\backend\functions (100.83 KB) for uploading 
[debug] [2025-10-02T16:52:57.810Z] Checked if tokens are valid: true, expires at: 1759427532850
[debug] [2025-10-02T16:52:57.810Z] Checked if tokens are valid: true, expires at: 1759427532850
[debug] [2025-10-02T16:52:57.810Z] >>> [apiv2][query] GET https://cloudfunctions.googleapis.com/v1/projects/monify-1384d/locations/-/functions [none]
[debug] [2025-10-02T16:52:58.712Z] <<< [apiv2][status] GET https://cloudfunctions.googleapis.com/v1/projects/monify-1384d/locations/-/functions 200
[debug] [2025-10-02T16:52:58.712Z] <<< [apiv2][body] GET https://cloudfunctions.googleapis.com/v1/projects/monify-1384d/locations/-/functions {}
[debug] [2025-10-02T16:52:58.713Z] Checked if tokens are valid: true, expires at: 1759427532850
[debug] [2025-10-02T16:52:58.713Z] Checked if tokens are valid: true, expires at: 1759427532850
[debug] [2025-10-02T16:52:58.713Z] >>> [apiv2][query] GET https://cloudfunctions.googleapis.com/v2/projects/monify-1384d/locations/-/functions filter=environment%3D%22GEN_2%22
[debug] [2025-10-02T16:52:59.209Z] <<< [apiv2][status] GET https://cloudfunctions.googleapis.com/v2/projects/monify-1384d/locations/-/functions 200
[debug] [2025-10-02T16:52:59.210Z] <<< [apiv2][body] GET https://cloudfunctions.googleapis.com/v2/projects/monify-1384d/locations/-/functions {}
[info] i  functions: ensuring required API run.googleapis.com is enabled... 
[debug] [2025-10-02T16:52:59.214Z] Checked if tokens are valid: true, expires at: 1759427532850
[debug] [2025-10-02T16:52:59.214Z] Checked if tokens are valid: true, expires at: 1759427532850
[info] i  functions: ensuring required API eventarc.googleapis.com is enabled... 
[debug] [2025-10-02T16:52:59.215Z] Checked if tokens are valid: true, expires at: 1759427532850
[debug] [2025-10-02T16:52:59.215Z] Checked if tokens are valid: true, expires at: 1759427532850
[info] i  functions: ensuring required API pubsub.googleapis.com is enabled... 
[debug] [2025-10-02T16:52:59.216Z] Checked if tokens are valid: true, expires at: 1759427532850
[debug] [2025-10-02T16:52:59.216Z] Checked if tokens are valid: true, expires at: 1759427532850
[info] i  functions: ensuring required API storage.googleapis.com is enabled... 
[debug] [2025-10-02T16:52:59.217Z] Checked if tokens are valid: true, expires at: 1759427532850
[debug] [2025-10-02T16:52:59.218Z] Checked if tokens are valid: true, expires at: 1759427532850
[debug] [2025-10-02T16:52:59.218Z] >>> [apiv2][query] GET https://serviceusage.googleapis.com/v1/projects/783109027463/services/run.googleapis.com [none]
[debug] [2025-10-02T16:52:59.218Z] >>> [apiv2][(partial)header] GET https://serviceusage.googleapis.com/v1/projects/783109027463/services/run.googleapis.com x-goog-quota-user=projects/783109027463
[debug] [2025-10-02T16:52:59.221Z] >>> [apiv2][query] GET https://serviceusage.googleapis.com/v1/projects/783109027463/services/eventarc.googleapis.com [none]
[debug] [2025-10-02T16:52:59.221Z] >>> [apiv2][(partial)header] GET https://serviceusage.googleapis.com/v1/projects/783109027463/services/eventarc.googleapis.com x-goog-quota-user=projects/783109027463
[debug] [2025-10-02T16:52:59.223Z] >>> [apiv2][query] GET https://serviceusage.googleapis.com/v1/projects/783109027463/services/pubsub.googleapis.com [none]
[debug] [2025-10-02T16:52:59.223Z] >>> [apiv2][(partial)header] GET https://serviceusage.googleapis.com/v1/projects/783109027463/services/pubsub.googleapis.com x-goog-quota-user=projects/783109027463
[debug] [2025-10-02T16:52:59.225Z] >>> [apiv2][query] GET https://serviceusage.googleapis.com/v1/projects/783109027463/services/storage.googleapis.com [none]
[debug] [2025-10-02T16:52:59.226Z] >>> [apiv2][(partial)header] GET https://serviceusage.googleapis.com/v1/projects/783109027463/services/storage.googleapis.com x-goog-quota-user=projects/783109027463
[debug] [2025-10-02T16:53:00.041Z] <<< [apiv2][status] GET https://serviceusage.googleapis.com/v1/projects/783109027463/services/eventarc.googleapis.com 200
[debug] [2025-10-02T16:53:00.042Z] <<< [apiv2][body] GET https://serviceusage.googleapis.com/v1/projects/783109027463/services/eventarc.googleapis.com [omitted]
[warn] !  functions: missing required API eventarc.googleapis.com. Enabling now... 
[debug] [2025-10-02T16:53:00.043Z] Checked if tokens are valid: true, expires at: 1759427532850
[debug] [2025-10-02T16:53:00.043Z] Checked if tokens are valid: true, expires at: 1759427532850
[debug] [2025-10-02T16:53:00.043Z] >>> [apiv2][query] POST https://serviceusage.googleapis.com/v1/projects/783109027463/services/eventarc.googleapis.com:enable [none]
[debug] [2025-10-02T16:53:00.043Z] >>> [apiv2][(partial)header] POST https://serviceusage.googleapis.com/v1/projects/783109027463/services/eventarc.googleapis.com:enable x-goog-quota-user=projects/783109027463
[debug] [2025-10-02T16:53:00.044Z] <<< [apiv2][status] GET https://serviceusage.googleapis.com/v1/projects/783109027463/services/pubsub.googleapis.com 200
[debug] [2025-10-02T16:53:00.044Z] <<< [apiv2][body] GET https://serviceusage.googleapis.com/v1/projects/783109027463/services/pubsub.googleapis.com [omitted]
[info] +  functions: required API pubsub.googleapis.com is enabled 
[debug] [2025-10-02T16:53:00.052Z] <<< [apiv2][status] GET https://serviceusage.googleapis.com/v1/projects/783109027463/services/storage.googleapis.com 200
[debug] [2025-10-02T16:53:00.052Z] <<< [apiv2][body] GET https://serviceusage.googleapis.com/v1/projects/783109027463/services/storage.googleapis.com [omitted]
[info] +  functions: required API storage.googleapis.com is enabled 
[debug] [2025-10-02T16:53:00.063Z] <<< [apiv2][status] GET https://serviceusage.googleapis.com/v1/projects/783109027463/services/run.googleapis.com 200
[debug] [2025-10-02T16:53:00.063Z] <<< [apiv2][body] GET https://serviceusage.googleapis.com/v1/projects/783109027463/services/run.googleapis.com [omitted]
[warn] !  functions: missing required API run.googleapis.com. Enabling now... 
[debug] [2025-10-02T16:53:00.064Z] Checked if tokens are valid: true, expires at: 1759427532850
[debug] [2025-10-02T16:53:00.064Z] Checked if tokens are valid: true, expires at: 1759427532850
[debug] [2025-10-02T16:53:00.064Z] >>> [apiv2][query] POST https://serviceusage.googleapis.com/v1/projects/783109027463/services/run.googleapis.com:enable [none]
[debug] [2025-10-02T16:53:00.064Z] >>> [apiv2][(partial)header] POST https://serviceusage.googleapis.com/v1/projects/783109027463/services/run.googleapis.com:enable x-goog-quota-user=projects/783109027463
[debug] [2025-10-02T16:53:01.073Z] <<< [apiv2][status] POST https://serviceusage.googleapis.com/v1/projects/783109027463/services/eventarc.googleapis.com:enable 200
[debug] [2025-10-02T16:53:01.073Z] <<< [apiv2][body] POST https://serviceusage.googleapis.com/v1/projects/783109027463/services/eventarc.googleapis.com:enable [omitted]
[debug] [2025-10-02T16:53:01.087Z] <<< [apiv2][status] POST https://serviceusage.googleapis.com/v1/projects/783109027463/services/run.googleapis.com:enable 200
[debug] [2025-10-02T16:53:01.087Z] <<< [apiv2][body] POST https://serviceusage.googleapis.com/v1/projects/783109027463/services/run.googleapis.com:enable [omitted]
[info] i  functions: generating the service identity for pubsub.googleapis.com... 
[debug] [2025-10-02T16:53:11.104Z] Checked if tokens are valid: true, expires at: 1759427532850
[debug] [2025-10-02T16:53:11.104Z] Checked if tokens are valid: true, expires at: 1759427532850
[info] i  functions: generating the service identity for eventarc.googleapis.com... 
[debug] [2025-10-02T16:53:11.105Z] Checked if tokens are valid: true, expires at: 1759427532850
[debug] [2025-10-02T16:53:11.105Z] Checked if tokens are valid: true, expires at: 1759427532850
[debug] [2025-10-02T16:53:11.105Z] >>> [apiv2][query] POST https://serviceusage.googleapis.com/v1beta1/projects/783109027463/services/pubsub.googleapis.com:generateServiceIdentity [none]
[debug] [2025-10-02T16:53:11.105Z] >>> [apiv2][(partial)header] POST https://serviceusage.googleapis.com/v1beta1/projects/783109027463/services/pubsub.googleapis.com:generateServiceIdentity x-goog-quota-user=projects/783109027463
[debug] [2025-10-02T16:53:11.105Z] >>> [apiv2][body] POST https://serviceusage.googleapis.com/v1beta1/projects/783109027463/services/pubsub.googleapis.com:generateServiceIdentity {}
[debug] [2025-10-02T16:53:11.108Z] >>> [apiv2][query] POST https://serviceusage.googleapis.com/v1beta1/projects/783109027463/services/eventarc.googleapis.com:generateServiceIdentity [none]
[debug] [2025-10-02T16:53:11.108Z] >>> [apiv2][(partial)header] POST https://serviceusage.googleapis.com/v1beta1/projects/783109027463/services/eventarc.googleapis.com:generateServiceIdentity x-goog-quota-user=projects/783109027463
[debug] [2025-10-02T16:53:11.108Z] >>> [apiv2][body] POST https://serviceusage.googleapis.com/v1beta1/projects/783109027463/services/eventarc.googleapis.com:generateServiceIdentity {}
[debug] [2025-10-02T16:53:12.012Z] <<< [apiv2][status] POST https://serviceusage.googleapis.com/v1beta1/projects/783109027463/services/pubsub.googleapis.com:generateServiceIdentity 200
[debug] [2025-10-02T16:53:12.012Z] <<< [apiv2][body] POST https://serviceusage.googleapis.com/v1beta1/projects/783109027463/services/pubsub.googleapis.com:generateServiceIdentity {"name":"operations/finished.DONE_OPERATION","done":true,"response":{"@type":"type.googleapis.com/google.api.serviceusage.v1beta1.ServiceIdentity","email":"service-783109027463@gcp-sa-pubsub.iam.gserviceaccount.com","uniqueId":"105253592874137241273"}}
[debug] [2025-10-02T16:53:12.222Z] <<< [apiv2][status] POST https://serviceusage.googleapis.com/v1beta1/projects/783109027463/services/eventarc.googleapis.com:generateServiceIdentity 200
[debug] [2025-10-02T16:53:12.223Z] <<< [apiv2][body] POST https://serviceusage.googleapis.com/v1beta1/projects/783109027463/services/eventarc.googleapis.com:generateServiceIdentity {"name":"operations/finished.DONE_OPERATION","done":true,"response":{"@type":"type.googleapis.com/google.api.serviceusage.v1beta1.ServiceIdentity","email":"service-783109027463@gcp-sa-eventarc.iam.gserviceaccount.com","uniqueId":"108501061115378110334"}}
[debug] [2025-10-02T16:53:12.227Z] Checked if tokens are valid: true, expires at: 1759427532850
[debug] [2025-10-02T16:53:12.227Z] Checked if tokens are valid: true, expires at: 1759427532850
[debug] [2025-10-02T16:53:12.227Z] >>> [apiv2][query] GET https://cloudresourcemanager.googleapis.com/v1/projects/monify-1384d [none]
[debug] [2025-10-02T16:53:13.046Z] <<< [apiv2][status] GET https://cloudresourcemanager.googleapis.com/v1/projects/monify-1384d 200
[debug] [2025-10-02T16:53:13.046Z] <<< [apiv2][body] GET https://cloudresourcemanager.googleapis.com/v1/projects/monify-1384d {"projectNumber":"783109027463","projectId":"monify-1384d","lifecycleState":"ACTIVE","name":"monify","labels":{"firebase":"enabled","firebase-core":"disabled"},"createTime":"2025-10-02T15:11:13.903090Z"}
[debug] [2025-10-02T16:53:13.046Z] Checked if tokens are valid: true, expires at: 1759427532850
[debug] [2025-10-02T16:53:13.046Z] Checked if tokens are valid: true, expires at: 1759427532850
[debug] [2025-10-02T16:53:13.046Z] >>> [apiv2][query] GET https://compute.googleapis.com/compute/v1/projects/783109027463 [none]
[debug] [2025-10-02T16:53:13.556Z] <<< [apiv2][status] GET https://compute.googleapis.com/compute/v1/projects/783109027463 403
[debug] [2025-10-02T16:53:13.556Z] <<< [apiv2][body] GET https://compute.googleapis.com/compute/v1/projects/783109027463 {"error":{"code":403,"message":"Compute Engine API has not been used in project 783109027463 before or it is disabled. Enable it by visiting https://console.developers.google.com/apis/api/compute.googleapis.com/overview?project=783109027463 then retry. If you enabled this API recently, wait a few minutes for the action to propagate to our systems and retry.","errors":[{"message":"Compute Engine API has not been used in project 783109027463 before or it is disabled. Enable it by visiting https://console.developers.google.com/apis/api/compute.googleapis.com/overview?project=783109027463 then retry. If you enabled this API recently, wait a few minutes for the action to propagate to our systems and retry.","domain":"usageLimits","reason":"accessNotConfigured","extendedHelp":"https://console.developers.google.com"}],"status":"PERMISSION_DENIED","details":[{"@type":"type.googleapis.com/google.rpc.ErrorInfo","reason":"SERVICE_DISABLED","domain":"googleapis.com","metadata":{"consumer":"projects/783109027463","service":"compute.googleapis.com","activationUrl":"https://console.developers.google.com/apis/api/compute.googleapis.com/overview?project=783109027463","containerInfo":"783109027463","serviceTitle":"Compute Engine API"}},{"@type":"type.googleapis.com/google.rpc.LocalizedMessage","locale":"en-US","message":"Compute Engine API has not been used in project 783109027463 before or it is disabled. Enable it by visiting https://console.developers.google.com/apis/api/compute.googleapis.com/overview?project=783109027463 then retry. If you enabled this API recently, wait a few minutes for the action to propagate to our systems and retry."},{"@type":"type.googleapis.com/google.rpc.Help","links":[{"description":"Google developers console API activation","url":"https://console.developers.google.com/apis/api/compute.googleapis.com/overview?project=783109027463"}]}]}}
[debug] [2025-10-02T16:53:13.558Z] unable to look up default compute service account. Falling back to 783109027463-compute@developer.gserviceaccount.com. Error: {"name":"FirebaseError","children":[],"context":{"body":{"error":{"code":403,"message":"Compute Engine API has not been used in project 783109027463 before or it is disabled. Enable it by visiting https://console.developers.google.com/apis/api/compute.googleapis.com/overview?project=783109027463 then retry. If you enabled this API recently, wait a few minutes for the action to propagate to our systems and retry.","errors":[{"message":"Compute Engine API has not been used in project 783109027463 before or it is disabled. Enable it by visiting https://console.developers.google.com/apis/api/compute.googleapis.com/overview?project=783109027463 then retry. If you enabled this API recently, wait a few minutes for the action to propagate to our systems and retry.","domain":"usageLimits","reason":"accessNotConfigured","extendedHelp":"https://console.developers.google.com"}],"status":"PERMISSION_DENIED","details":[{"@type":"type.googleapis.com/google.rpc.ErrorInfo","reason":"SERVICE_DISABLED","domain":"googleapis.com","metadata":{"consumer":"projects/783109027463","service":"compute.googleapis.com","activationUrl":"https://console.developers.google.com/apis/api/compute.googleapis.com/overview?project=783109027463","containerInfo":"783109027463","serviceTitle":"Compute Engine API"}},{"@type":"type.googleapis.com/google.rpc.LocalizedMessage","locale":"en-US","message":"Compute Engine API has not been used in project 783109027463 before or it is disabled. Enable it by visiting https://console.developers.google.com/apis/api/compute.googleapis.com/overview?project=783109027463 then retry. If you enabled this API recently, wait a few minutes for the action to propagate to our systems and retry."},{"@type":"type.googleapis.com/google.rpc.Help","links":[{"description":"Google developers console API activation","url":"https://console.developers.google.com/apis/api/compute.googleapis.com/overview?project=783109027463"}]}]}},"response":{"statusCode":403}},"exit":1,"message":"Request to https://compute.googleapis.com/compute/v1/projects/783109027463 had HTTP Error: 403, Compute Engine API has not been used in project 783109027463 before or it is disabled. Enable it by visiting https://console.developers.google.com/apis/api/compute.googleapis.com/overview?project=783109027463 then retry. If you enabled this API recently, wait a few minutes for the action to propagate to our systems and retry.","status":403}
[debug] [2025-10-02T16:53:13.558Z] Checked if tokens are valid: true, expires at: 1759427532850
[debug] [2025-10-02T16:53:13.558Z] Checked if tokens are valid: true, expires at: 1759427532850
[debug] [2025-10-02T16:53:13.558Z] >>> [apiv2][query] GET https://compute.googleapis.com/compute/v1/projects/783109027463 [none]
[debug] [2025-10-02T16:53:13.755Z] <<< [apiv2][status] GET https://compute.googleapis.com/compute/v1/projects/783109027463 403
[debug] [2025-10-02T16:53:13.755Z] <<< [apiv2][body] GET https://compute.googleapis.com/compute/v1/projects/783109027463 {"error":{"code":403,"message":"Compute Engine API has not been used in project 783109027463 before or it is disabled. Enable it by visiting https://console.developers.google.com/apis/api/compute.googleapis.com/overview?project=783109027463 then retry. If you enabled this API recently, wait a few minutes for the action to propagate to our systems and retry.","errors":[{"message":"Compute Engine API has not been used in project 783109027463 before or it is disabled. Enable it by visiting https://console.developers.google.com/apis/api/compute.googleapis.com/overview?project=783109027463 then retry. If you enabled this API recently, wait a few minutes for the action to propagate to our systems and retry.","domain":"usageLimits","reason":"accessNotConfigured","extendedHelp":"https://console.developers.google.com"}],"status":"PERMISSION_DENIED","details":[{"@type":"type.googleapis.com/google.rpc.ErrorInfo","reason":"SERVICE_DISABLED","domain":"googleapis.com","metadata":{"serviceTitle":"Compute Engine API","service":"compute.googleapis.com","consumer":"projects/783109027463","containerInfo":"783109027463","activationUrl":"https://console.developers.google.com/apis/api/compute.googleapis.com/overview?project=783109027463"}},{"@type":"type.googleapis.com/google.rpc.LocalizedMessage","locale":"en-US","message":"Compute Engine API has not been used in project 783109027463 before or it is disabled. Enable it by visiting https://console.developers.google.com/apis/api/compute.googleapis.com/overview?project=783109027463 then retry. If you enabled this API recently, wait a few minutes for the action to propagate to our systems and retry."},{"@type":"type.googleapis.com/google.rpc.Help","links":[{"description":"Google developers console API activation","url":"https://console.developers.google.com/apis/api/compute.googleapis.com/overview?project=783109027463"}]}]}}
[debug] [2025-10-02T16:53:13.756Z] unable to look up default compute service account. Falling back to 783109027463-compute@developer.gserviceaccount.com. Error: {"name":"FirebaseError","children":[],"context":{"body":{"error":{"code":403,"message":"Compute Engine API has not been used in project 783109027463 before or it is disabled. Enable it by visiting https://console.developers.google.com/apis/api/compute.googleapis.com/overview?project=783109027463 then retry. If you enabled this API recently, wait a few minutes for the action to propagate to our systems and retry.","errors":[{"message":"Compute Engine API has not been used in project 783109027463 before or it is disabled. Enable it by visiting https://console.developers.google.com/apis/api/compute.googleapis.com/overview?project=783109027463 then retry. If you enabled this API recently, wait a few minutes for the action to propagate to our systems and retry.","domain":"usageLimits","reason":"accessNotConfigured","extendedHelp":"https://console.developers.google.com"}],"status":"PERMISSION_DENIED","details":[{"@type":"type.googleapis.com/google.rpc.ErrorInfo","reason":"SERVICE_DISABLED","domain":"googleapis.com","metadata":{"serviceTitle":"Compute Engine API","service":"compute.googleapis.com","consumer":"projects/783109027463","containerInfo":"783109027463","activationUrl":"https://console.developers.google.com/apis/api/compute.googleapis.com/overview?project=783109027463"}},{"@type":"type.googleapis.com/google.rpc.LocalizedMessage","locale":"en-US","message":"Compute Engine API has not been used in project 783109027463 before or it is disabled. Enable it by visiting https://console.developers.google.com/apis/api/compute.googleapis.com/overview?project=783109027463 then retry. If you enabled this API recently, wait a few minutes for the action to propagate to our systems and retry."},{"@type":"type.googleapis.com/google.rpc.Help","links":[{"description":"Google developers console API activation","url":"https://console.developers.google.com/apis/api/compute.googleapis.com/overview?project=783109027463"}]}]}},"response":{"statusCode":403}},"exit":1,"message":"Request to https://compute.googleapis.com/compute/v1/projects/783109027463 had HTTP Error: 403, Compute Engine API has not been used in project 783109027463 before or it is disabled. Enable it by visiting https://console.developers.google.com/apis/api/compute.googleapis.com/overview?project=783109027463 then retry. If you enabled this API recently, wait a few minutes for the action to propagate to our systems and retry.","status":403}
[debug] [2025-10-02T16:53:13.756Z] Checked if tokens are valid: true, expires at: 1759427532850
[debug] [2025-10-02T16:53:13.756Z] Checked if tokens are valid: true, expires at: 1759427532850
[debug] [2025-10-02T16:53:13.756Z] >>> [apiv2][query] GET https://compute.googleapis.com/compute/v1/projects/783109027463 [none]
[debug] [2025-10-02T16:53:13.958Z] <<< [apiv2][status] GET https://compute.googleapis.com/compute/v1/projects/783109027463 403
[debug] [2025-10-02T16:53:13.958Z] <<< [apiv2][body] GET https://compute.googleapis.com/compute/v1/projects/783109027463 {"error":{"code":403,"message":"Compute Engine API has not been used in project 783109027463 before or it is disabled. Enable it by visiting https://console.developers.google.com/apis/api/compute.googleapis.com/overview?project=783109027463 then retry. If you enabled this API recently, wait a few minutes for the action to propagate to our systems and retry.","errors":[{"message":"Compute Engine API has not been used in project 783109027463 before or it is disabled. Enable it by visiting https://console.developers.google.com/apis/api/compute.googleapis.com/overview?project=783109027463 then retry. If you enabled this API recently, wait a few minutes for the action to propagate to our systems and retry.","domain":"usageLimits","reason":"accessNotConfigured","extendedHelp":"https://console.developers.google.com"}],"status":"PERMISSION_DENIED","details":[{"@type":"type.googleapis.com/google.rpc.ErrorInfo","reason":"SERVICE_DISABLED","domain":"googleapis.com","metadata":{"activationUrl":"https://console.developers.google.com/apis/api/compute.googleapis.com/overview?project=783109027463","service":"compute.googleapis.com","serviceTitle":"Compute Engine API","consumer":"projects/783109027463","containerInfo":"783109027463"}},{"@type":"type.googleapis.com/google.rpc.LocalizedMessage","locale":"en-US","message":"Compute Engine API has not been used in project 783109027463 before or it is disabled. Enable it by visiting https://console.developers.google.com/apis/api/compute.googleapis.com/overview?project=783109027463 then retry. If you enabled this API recently, wait a few minutes for the action to propagate to our systems and retry."},{"@type":"type.googleapis.com/google.rpc.Help","links":[{"description":"Google developers console API activation","url":"https://console.developers.google.com/apis/api/compute.googleapis.com/overview?project=783109027463"}]}]}}
[debug] [2025-10-02T16:53:13.959Z] unable to look up default compute service account. Falling back to 783109027463-compute@developer.gserviceaccount.com. Error: {"name":"FirebaseError","children":[],"context":{"body":{"error":{"code":403,"message":"Compute Engine API has not been used in project 783109027463 before or it is disabled. Enable it by visiting https://console.developers.google.com/apis/api/compute.googleapis.com/overview?project=783109027463 then retry. If you enabled this API recently, wait a few minutes for the action to propagate to our systems and retry.","errors":[{"message":"Compute Engine API has not been used in project 783109027463 before or it is disabled. Enable it by visiting https://console.developers.google.com/apis/api/compute.googleapis.com/overview?project=783109027463 then retry. If you enabled this API recently, wait a few minutes for the action to propagate to our systems and retry.","domain":"usageLimits","reason":"accessNotConfigured","extendedHelp":"https://console.developers.google.com"}],"status":"PERMISSION_DENIED","details":[{"@type":"type.googleapis.com/google.rpc.ErrorInfo","reason":"SERVICE_DISABLED","domain":"googleapis.com","metadata":{"activationUrl":"https://console.developers.google.com/apis/api/compute.googleapis.com/overview?project=783109027463","service":"compute.googleapis.com","serviceTitle":"Compute Engine API","consumer":"projects/783109027463","containerInfo":"783109027463"}},{"@type":"type.googleapis.com/google.rpc.LocalizedMessage","locale":"en-US","message":"Compute Engine API has not been used in project 783109027463 before or it is disabled. Enable it by visiting https://console.developers.google.com/apis/api/compute.googleapis.com/overview?project=783109027463 then retry. If you enabled this API recently, wait a few minutes for the action to propagate to our systems and retry."},{"@type":"type.googleapis.com/google.rpc.Help","links":[{"description":"Google developers console API activation","url":"https://console.developers.google.com/apis/api/compute.googleapis.com/overview?project=783109027463"}]}]}},"response":{"statusCode":403}},"exit":1,"message":"Request to https://compute.googleapis.com/compute/v1/projects/783109027463 had HTTP Error: 403, Compute Engine API has not been used in project 783109027463 before or it is disabled. Enable it by visiting https://console.developers.google.com/apis/api/compute.googleapis.com/overview?project=783109027463 then retry. If you enabled this API recently, wait a few minutes for the action to propagate to our systems and retry.","status":403}
[debug] [2025-10-02T16:53:13.959Z] Checked if tokens are valid: true, expires at: 1759427532850
[debug] [2025-10-02T16:53:13.959Z] Checked if tokens are valid: true, expires at: 1759427532850
[debug] [2025-10-02T16:53:13.959Z] >>> [apiv2][query] GET https://compute.googleapis.com/compute/v1/projects/783109027463 [none]
[debug] [2025-10-02T16:53:14.069Z] <<< [apiv2][status] GET https://compute.googleapis.com/compute/v1/projects/783109027463 403
[debug] [2025-10-02T16:53:14.069Z] <<< [apiv2][body] GET https://compute.googleapis.com/compute/v1/projects/783109027463 {"error":{"code":403,"message":"Compute Engine API has not been used in project 783109027463 before or it is disabled. Enable it by visiting https://console.developers.google.com/apis/api/compute.googleapis.com/overview?project=783109027463 then retry. If you enabled this API recently, wait a few minutes for the action to propagate to our systems and retry.","errors":[{"message":"Compute Engine API has not been used in project 783109027463 before or it is disabled. Enable it by visiting https://console.developers.google.com/apis/api/compute.googleapis.com/overview?project=783109027463 then retry. If you enabled this API recently, wait a few minutes for the action to propagate to our systems and retry.","domain":"usageLimits","reason":"accessNotConfigured","extendedHelp":"https://console.developers.google.com"}],"status":"PERMISSION_DENIED","details":[{"@type":"type.googleapis.com/google.rpc.ErrorInfo","reason":"SERVICE_DISABLED","domain":"googleapis.com","metadata":{"consumer":"projects/783109027463","serviceTitle":"Compute Engine API","containerInfo":"783109027463","activationUrl":"https://console.developers.google.com/apis/api/compute.googleapis.com/overview?project=783109027463","service":"compute.googleapis.com"}},{"@type":"type.googleapis.com/google.rpc.LocalizedMessage","locale":"en-US","message":"Compute Engine API has not been used in project 783109027463 before or it is disabled. Enable it by visiting https://console.developers.google.com/apis/api/compute.googleapis.com/overview?project=783109027463 then retry. If you enabled this API recently, wait a few minutes for the action to propagate to our systems and retry."},{"@type":"type.googleapis.com/google.rpc.Help","links":[{"description":"Google developers console API activation","url":"https://console.developers.google.com/apis/api/compute.googleapis.com/overview?project=783109027463"}]}]}}
[debug] [2025-10-02T16:53:14.069Z] unable to look up default compute service account. Falling back to 783109027463-compute@developer.gserviceaccount.com. Error: {"name":"FirebaseError","children":[],"context":{"body":{"error":{"code":403,"message":"Compute Engine API has not been used in project 783109027463 before or it is disabled. Enable it by visiting https://console.developers.google.com/apis/api/compute.googleapis.com/overview?project=783109027463 then retry. If you enabled this API recently, wait a few minutes for the action to propagate to our systems and retry.","errors":[{"message":"Compute Engine API has not been used in project 783109027463 before or it is disabled. Enable it by visiting https://console.developers.google.com/apis/api/compute.googleapis.com/overview?project=783109027463 then retry. If you enabled this API recently, wait a few minutes for the action to propagate to our systems and retry.","domain":"usageLimits","reason":"accessNotConfigured","extendedHelp":"https://console.developers.google.com"}],"status":"PERMISSION_DENIED","details":[{"@type":"type.googleapis.com/google.rpc.ErrorInfo","reason":"SERVICE_DISABLED","domain":"googleapis.com","metadata":{"consumer":"projects/783109027463","serviceTitle":"Compute Engine API","containerInfo":"783109027463","activationUrl":"https://console.developers.google.com/apis/api/compute.googleapis.com/overview?project=783109027463","service":"compute.googleapis.com"}},{"@type":"type.googleapis.com/google.rpc.LocalizedMessage","locale":"en-US","message":"Compute Engine API has not been used in project 783109027463 before or it is disabled. Enable it by visiting https://console.developers.google.com/apis/api/compute.googleapis.com/overview?project=783109027463 then retry. If you enabled this API recently, wait a few minutes for the action to propagate to our systems and retry."},{"@type":"type.googleapis.com/google.rpc.Help","links":[{"description":"Google developers console API activation","url":"https://console.developers.google.com/apis/api/compute.googleapis.com/overview?project=783109027463"}]}]}},"response":{"statusCode":403}},"exit":1,"message":"Request to https://compute.googleapis.com/compute/v1/projects/783109027463 had HTTP Error: 403, Compute Engine API has not been used in project 783109027463 before or it is disabled. Enable it by visiting https://console.developers.google.com/apis/api/compute.googleapis.com/overview?project=783109027463 then retry. If you enabled this API recently, wait a few minutes for the action to propagate to our systems and retry.","status":403}
[debug] [2025-10-02T16:53:14.070Z] Checked if tokens are valid: true, expires at: 1759427532850
[debug] [2025-10-02T16:53:14.070Z] Checked if tokens are valid: true, expires at: 1759427532850
[debug] [2025-10-02T16:53:14.070Z] >>> [apiv2][query] GET https://compute.googleapis.com/compute/v1/projects/783109027463 [none]
[debug] [2025-10-02T16:53:14.165Z] <<< [apiv2][status] GET https://compute.googleapis.com/compute/v1/projects/783109027463 403
[debug] [2025-10-02T16:53:14.166Z] <<< [apiv2][body] GET https://compute.googleapis.com/compute/v1/projects/783109027463 {"error":{"code":403,"message":"Compute Engine API has not been used in project 783109027463 before or it is disabled. Enable it by visiting https://console.developers.google.com/apis/api/compute.googleapis.com/overview?project=783109027463 then retry. If you enabled this API recently, wait a few minutes for the action to propagate to our systems and retry.","errors":[{"message":"Compute Engine API has not been used in project 783109027463 before or it is disabled. Enable it by visiting https://console.developers.google.com/apis/api/compute.googleapis.com/overview?project=783109027463 then retry. If you enabled this API recently, wait a few minutes for the action to propagate to our systems and retry.","domain":"usageLimits","reason":"accessNotConfigured","extendedHelp":"https://console.developers.google.com"}],"status":"PERMISSION_DENIED","details":[{"@type":"type.googleapis.com/google.rpc.ErrorInfo","reason":"SERVICE_DISABLED","domain":"googleapis.com","metadata":{"consumer":"projects/783109027463","serviceTitle":"Compute Engine API","containerInfo":"783109027463","activationUrl":"https://console.developers.google.com/apis/api/compute.googleapis.com/overview?project=783109027463","service":"compute.googleapis.com"}},{"@type":"type.googleapis.com/google.rpc.LocalizedMessage","locale":"en-US","message":"Compute Engine API has not been used in project 783109027463 before or it is disabled. Enable it by visiting https://console.developers.google.com/apis/api/compute.googleapis.com/overview?project=783109027463 then retry. If you enabled this API recently, wait a few minutes for the action to propagate to our systems and retry."},{"@type":"type.googleapis.com/google.rpc.Help","links":[{"description":"Google developers console API activation","url":"https://console.developers.google.com/apis/api/compute.googleapis.com/overview?project=783109027463"}]}]}}
[debug] [2025-10-02T16:53:14.166Z] unable to look up default compute service account. Falling back to 783109027463-compute@developer.gserviceaccount.com. Error: {"name":"FirebaseError","children":[],"context":{"body":{"error":{"code":403,"message":"Compute Engine API has not been used in project 783109027463 before or it is disabled. Enable it by visiting https://console.developers.google.com/apis/api/compute.googleapis.com/overview?project=783109027463 then retry. If you enabled this API recently, wait a few minutes for the action to propagate to our systems and retry.","errors":[{"message":"Compute Engine API has not been used in project 783109027463 before or it is disabled. Enable it by visiting https://console.developers.google.com/apis/api/compute.googleapis.com/overview?project=783109027463 then retry. If you enabled this API recently, wait a few minutes for the action to propagate to our systems and retry.","domain":"usageLimits","reason":"accessNotConfigured","extendedHelp":"https://console.developers.google.com"}],"status":"PERMISSION_DENIED","details":[{"@type":"type.googleapis.com/google.rpc.ErrorInfo","reason":"SERVICE_DISABLED","domain":"googleapis.com","metadata":{"consumer":"projects/783109027463","serviceTitle":"Compute Engine API","containerInfo":"783109027463","activationUrl":"https://console.developers.google.com/apis/api/compute.googleapis.com/overview?project=783109027463","service":"compute.googleapis.com"}},{"@type":"type.googleapis.com/google.rpc.LocalizedMessage","locale":"en-US","message":"Compute Engine API has not been used in project 783109027463 before or it is disabled. Enable it by visiting https://console.developers.google.com/apis/api/compute.googleapis.com/overview?project=783109027463 then retry. If you enabled this API recently, wait a few minutes for the action to propagate to our systems and retry."},{"@type":"type.googleapis.com/google.rpc.Help","links":[{"description":"Google developers console API activation","url":"https://console.developers.google.com/apis/api/compute.googleapis.com/overview?project=783109027463"}]}]}},"response":{"statusCode":403}},"exit":1,"message":"Request to https://compute.googleapis.com/compute/v1/projects/783109027463 had HTTP Error: 403, Compute Engine API has not been used in project 783109027463 before or it is disabled. Enable it by visiting https://console.developers.google.com/apis/api/compute.googleapis.com/overview?project=783109027463 then retry. If you enabled this API recently, wait a few minutes for the action to propagate to our systems and retry.","status":403}
[debug] [2025-10-02T16:53:14.166Z] Checked if tokens are valid: true, expires at: 1759427532850
[debug] [2025-10-02T16:53:14.166Z] Checked if tokens are valid: true, expires at: 1759427532850
[debug] [2025-10-02T16:53:14.166Z] >>> [apiv2][query] GET https://compute.googleapis.com/compute/v1/projects/783109027463 [none]
[debug] [2025-10-02T16:53:14.271Z] <<< [apiv2][status] GET https://compute.googleapis.com/compute/v1/projects/783109027463 403
[debug] [2025-10-02T16:53:14.271Z] <<< [apiv2][body] GET https://compute.googleapis.com/compute/v1/projects/783109027463 {"error":{"code":403,"message":"Compute Engine API has not been used in project 783109027463 before or it is disabled. Enable it by visiting https://console.developers.google.com/apis/api/compute.googleapis.com/overview?project=783109027463 then retry. If you enabled this API recently, wait a few minutes for the action to propagate to our systems and retry.","errors":[{"message":"Compute Engine API has not been used in project 783109027463 before or it is disabled. Enable it by visiting https://console.developers.google.com/apis/api/compute.googleapis.com/overview?project=783109027463 then retry. If you enabled this API recently, wait a few minutes for the action to propagate to our systems and retry.","domain":"usageLimits","reason":"accessNotConfigured","extendedHelp":"https://console.developers.google.com"}],"status":"PERMISSION_DENIED","details":[{"@type":"type.googleapis.com/google.rpc.ErrorInfo","reason":"SERVICE_DISABLED","domain":"googleapis.com","metadata":{"consumer":"projects/783109027463","containerInfo":"783109027463","serviceTitle":"Compute Engine API","activationUrl":"https://console.developers.google.com/apis/api/compute.googleapis.com/overview?project=783109027463","service":"compute.googleapis.com"}},{"@type":"type.googleapis.com/google.rpc.LocalizedMessage","locale":"en-US","message":"Compute Engine API has not been used in project 783109027463 before or it is disabled. Enable it by visiting https://console.developers.google.com/apis/api/compute.googleapis.com/overview?project=783109027463 then retry. If you enabled this API recently, wait a few minutes for the action to propagate to our systems and retry."},{"@type":"type.googleapis.com/google.rpc.Help","links":[{"description":"Google developers console API activation","url":"https://console.developers.google.com/apis/api/compute.googleapis.com/overview?project=783109027463"}]}]}}
[debug] [2025-10-02T16:53:14.271Z] unable to look up default compute service account. Falling back to 783109027463-compute@developer.gserviceaccount.com. Error: {"name":"FirebaseError","children":[],"context":{"body":{"error":{"code":403,"message":"Compute Engine API has not been used in project 783109027463 before or it is disabled. Enable it by visiting https://console.developers.google.com/apis/api/compute.googleapis.com/overview?project=783109027463 then retry. If you enabled this API recently, wait a few minutes for the action to propagate to our systems and retry.","errors":[{"message":"Compute Engine API has not been used in project 783109027463 before or it is disabled. Enable it by visiting https://console.developers.google.com/apis/api/compute.googleapis.com/overview?project=783109027463 then retry. If you enabled this API recently, wait a few minutes for the action to propagate to our systems and retry.","domain":"usageLimits","reason":"accessNotConfigured","extendedHelp":"https://console.developers.google.com"}],"status":"PERMISSION_DENIED","details":[{"@type":"type.googleapis.com/google.rpc.ErrorInfo","reason":"SERVICE_DISABLED","domain":"googleapis.com","metadata":{"consumer":"projects/783109027463","containerInfo":"783109027463","serviceTitle":"Compute Engine API","activationUrl":"https://console.developers.google.com/apis/api/compute.googleapis.com/overview?project=783109027463","service":"compute.googleapis.com"}},{"@type":"type.googleapis.com/google.rpc.LocalizedMessage","locale":"en-US","message":"Compute Engine API has not been used in project 783109027463 before or it is disabled. Enable it by visiting https://console.developers.google.com/apis/api/compute.googleapis.com/overview?project=783109027463 then retry. If you enabled this API recently, wait a few minutes for the action to propagate to our systems and retry."},{"@type":"type.googleapis.com/google.rpc.Help","links":[{"description":"Google developers console API activation","url":"https://console.developers.google.com/apis/api/compute.googleapis.com/overview?project=783109027463"}]}]}},"response":{"statusCode":403}},"exit":1,"message":"Request to https://compute.googleapis.com/compute/v1/projects/783109027463 had HTTP Error: 403, Compute Engine API has not been used in project 783109027463 before or it is disabled. Enable it by visiting https://console.developers.google.com/apis/api/compute.googleapis.com/overview?project=783109027463 then retry. If you enabled this API recently, wait a few minutes for the action to propagate to our systems and retry.","status":403}
[debug] [2025-10-02T16:53:14.271Z] Checked if tokens are valid: true, expires at: 1759427532850
[debug] [2025-10-02T16:53:14.271Z] Checked if tokens are valid: true, expires at: 1759427532850
[debug] [2025-10-02T16:53:14.271Z] >>> [apiv2][query] GET https://compute.googleapis.com/compute/v1/projects/783109027463 [none]
[debug] [2025-10-02T16:53:14.472Z] <<< [apiv2][status] GET https://compute.googleapis.com/compute/v1/projects/783109027463 403
[debug] [2025-10-02T16:53:14.473Z] <<< [apiv2][body] GET https://compute.googleapis.com/compute/v1/projects/783109027463 {"error":{"code":403,"message":"Compute Engine API has not been used in project 783109027463 before or it is disabled. Enable it by visiting https://console.developers.google.com/apis/api/compute.googleapis.com/overview?project=783109027463 then retry. If you enabled this API recently, wait a few minutes for the action to propagate to our systems and retry.","errors":[{"message":"Compute Engine API has not been used in project 783109027463 before or it is disabled. Enable it by visiting https://console.developers.google.com/apis/api/compute.googleapis.com/overview?project=783109027463 then retry. If you enabled this API recently, wait a few minutes for the action to propagate to our systems and retry.","domain":"usageLimits","reason":"accessNotConfigured","extendedHelp":"https://console.developers.google.com"}],"status":"PERMISSION_DENIED","details":[{"@type":"type.googleapis.com/google.rpc.ErrorInfo","reason":"SERVICE_DISABLED","domain":"googleapis.com","metadata":{"service":"compute.googleapis.com","containerInfo":"783109027463","activationUrl":"https://console.developers.google.com/apis/api/compute.googleapis.com/overview?project=783109027463","consumer":"projects/783109027463","serviceTitle":"Compute Engine API"}},{"@type":"type.googleapis.com/google.rpc.LocalizedMessage","locale":"en-US","message":"Compute Engine API has not been used in project 783109027463 before or it is disabled. Enable it by visiting https://console.developers.google.com/apis/api/compute.googleapis.com/overview?project=783109027463 then retry. If you enabled this API recently, wait a few minutes for the action to propagate to our systems and retry."},{"@type":"type.googleapis.com/google.rpc.Help","links":[{"description":"Google developers console API activation","url":"https://console.developers.google.com/apis/api/compute.googleapis.com/overview?project=783109027463"}]}]}}
[debug] [2025-10-02T16:53:14.473Z] unable to look up default compute service account. Falling back to 783109027463-compute@developer.gserviceaccount.com. Error: {"name":"FirebaseError","children":[],"context":{"body":{"error":{"code":403,"message":"Compute Engine API has not been used in project 783109027463 before or it is disabled. Enable it by visiting https://console.developers.google.com/apis/api/compute.googleapis.com/overview?project=783109027463 then retry. If you enabled this API recently, wait a few minutes for the action to propagate to our systems and retry.","errors":[{"message":"Compute Engine API has not been used in project 783109027463 before or it is disabled. Enable it by visiting https://console.developers.google.com/apis/api/compute.googleapis.com/overview?project=783109027463 then retry. If you enabled this API recently, wait a few minutes for the action to propagate to our systems and retry.","domain":"usageLimits","reason":"accessNotConfigured","extendedHelp":"https://console.developers.google.com"}],"status":"PERMISSION_DENIED","details":[{"@type":"type.googleapis.com/google.rpc.ErrorInfo","reason":"SERVICE_DISABLED","domain":"googleapis.com","metadata":{"service":"compute.googleapis.com","containerInfo":"783109027463","activationUrl":"https://console.developers.google.com/apis/api/compute.googleapis.com/overview?project=783109027463","consumer":"projects/783109027463","serviceTitle":"Compute Engine API"}},{"@type":"type.googleapis.com/google.rpc.LocalizedMessage","locale":"en-US","message":"Compute Engine API has not been used in project 783109027463 before or it is disabled. Enable it by visiting https://console.developers.google.com/apis/api/compute.googleapis.com/overview?project=783109027463 then retry. If you enabled this API recently, wait a few minutes for the action to propagate to our systems and retry."},{"@type":"type.googleapis.com/google.rpc.Help","links":[{"description":"Google developers console API activation","url":"https://console.developers.google.com/apis/api/compute.googleapis.com/overview?project=783109027463"}]}]}},"response":{"statusCode":403}},"exit":1,"message":"Request to https://compute.googleapis.com/compute/v1/projects/783109027463 had HTTP Error: 403, Compute Engine API has not been used in project 783109027463 before or it is disabled. Enable it by visiting https://console.developers.google.com/apis/api/compute.googleapis.com/overview?project=783109027463 then retry. If you enabled this API recently, wait a few minutes for the action to propagate to our systems and retry.","status":403}
[debug] [2025-10-02T16:53:14.474Z] Checked if tokens are valid: true, expires at: 1759427532850
[debug] [2025-10-02T16:53:14.474Z] Checked if tokens are valid: true, expires at: 1759427532850
[debug] [2025-10-02T16:53:14.474Z] >>> [apiv2][query] GET https://compute.googleapis.com/compute/v1/projects/783109027463 [none]
[debug] [2025-10-02T16:53:14.567Z] <<< [apiv2][status] GET https://compute.googleapis.com/compute/v1/projects/783109027463 403
[debug] [2025-10-02T16:53:14.568Z] <<< [apiv2][body] GET https://compute.googleapis.com/compute/v1/projects/783109027463 {"error":{"code":403,"message":"Compute Engine API has not been used in project 783109027463 before or it is disabled. Enable it by visiting https://console.developers.google.com/apis/api/compute.googleapis.com/overview?project=783109027463 then retry. If you enabled this API recently, wait a few minutes for the action to propagate to our systems and retry.","errors":[{"message":"Compute Engine API has not been used in project 783109027463 before or it is disabled. Enable it by visiting https://console.developers.google.com/apis/api/compute.googleapis.com/overview?project=783109027463 then retry. If you enabled this API recently, wait a few minutes for the action to propagate to our systems and retry.","domain":"usageLimits","reason":"accessNotConfigured","extendedHelp":"https://console.developers.google.com"}],"status":"PERMISSION_DENIED","details":[{"@type":"type.googleapis.com/google.rpc.ErrorInfo","reason":"SERVICE_DISABLED","domain":"googleapis.com","metadata":{"service":"compute.googleapis.com","containerInfo":"783109027463","serviceTitle":"Compute Engine API","activationUrl":"https://console.developers.google.com/apis/api/compute.googleapis.com/overview?project=783109027463","consumer":"projects/783109027463"}},{"@type":"type.googleapis.com/google.rpc.LocalizedMessage","locale":"en-US","message":"Compute Engine API has not been used in project 783109027463 before or it is disabled. Enable it by visiting https://console.developers.google.com/apis/api/compute.googleapis.com/overview?project=783109027463 then retry. If you enabled this API recently, wait a few minutes for the action to propagate to our systems and retry."},{"@type":"type.googleapis.com/google.rpc.Help","links":[{"description":"Google developers console API activation","url":"https://console.developers.google.com/apis/api/compute.googleapis.com/overview?project=783109027463"}]}]}}
[debug] [2025-10-02T16:53:14.568Z] unable to look up default compute service account. Falling back to 783109027463-compute@developer.gserviceaccount.com. Error: {"name":"FirebaseError","children":[],"context":{"body":{"error":{"code":403,"message":"Compute Engine API has not been used in project 783109027463 before or it is disabled. Enable it by visiting https://console.developers.google.com/apis/api/compute.googleapis.com/overview?project=783109027463 then retry. If you enabled this API recently, wait a few minutes for the action to propagate to our systems and retry.","errors":[{"message":"Compute Engine API has not been used in project 783109027463 before or it is disabled. Enable it by visiting https://console.developers.google.com/apis/api/compute.googleapis.com/overview?project=783109027463 then retry. If you enabled this API recently, wait a few minutes for the action to propagate to our systems and retry.","domain":"usageLimits","reason":"accessNotConfigured","extendedHelp":"https://console.developers.google.com"}],"status":"PERMISSION_DENIED","details":[{"@type":"type.googleapis.com/google.rpc.ErrorInfo","reason":"SERVICE_DISABLED","domain":"googleapis.com","metadata":{"service":"compute.googleapis.com","containerInfo":"783109027463","serviceTitle":"Compute Engine API","activationUrl":"https://console.developers.google.com/apis/api/compute.googleapis.com/overview?project=783109027463","consumer":"projects/783109027463"}},{"@type":"type.googleapis.com/google.rpc.LocalizedMessage","locale":"en-US","message":"Compute Engine API has not been used in project 783109027463 before or it is disabled. Enable it by visiting https://console.developers.google.com/apis/api/compute.googleapis.com/overview?project=783109027463 then retry. If you enabled this API recently, wait a few minutes for the action to propagate to our systems and retry."},{"@type":"type.googleapis.com/google.rpc.Help","links":[{"description":"Google developers console API activation","url":"https://console.developers.google.com/apis/api/compute.googleapis.com/overview?project=783109027463"}]}]}},"response":{"statusCode":403}},"exit":1,"message":"Request to https://compute.googleapis.com/compute/v1/projects/783109027463 had HTTP Error: 403, Compute Engine API has not been used in project 783109027463 before or it is disabled. Enable it by visiting https://console.developers.google.com/apis/api/compute.googleapis.com/overview?project=783109027463 then retry. If you enabled this API recently, wait a few minutes for the action to propagate to our systems and retry.","status":403}
[debug] [2025-10-02T16:53:14.570Z] Checked if tokens are valid: true, expires at: 1759427532850
[debug] [2025-10-02T16:53:14.570Z] Checked if tokens are valid: true, expires at: 1759427532850
[debug] [2025-10-02T16:53:14.570Z] >>> [apiv2][query] GET https://cloudbilling.googleapis.com/v1/projects/monify-1384d/billingInfo [none]
[debug] [2025-10-02T16:53:14.975Z] <<< [apiv2][status] GET https://cloudbilling.googleapis.com/v1/projects/monify-1384d/billingInfo 200
[debug] [2025-10-02T16:53:14.975Z] <<< [apiv2][body] GET https://cloudbilling.googleapis.com/v1/projects/monify-1384d/billingInfo {"name":"projects/monify-1384d/billingInfo","projectId":"monify-1384d","billingAccountName":"billingAccounts/010330-2CB601-3DAC5F","billingEnabled":true}
[debug] [2025-10-02T16:53:14.980Z] Checked if tokens are valid: true, expires at: 1759427532850
[debug] [2025-10-02T16:53:14.981Z] Checked if tokens are valid: true, expires at: 1759427532850
[debug] [2025-10-02T16:53:14.981Z] Checked if tokens are valid: true, expires at: 1759427532850
[debug] [2025-10-02T16:53:14.981Z] Checked if tokens are valid: true, expires at: 1759427532850
[debug] [2025-10-02T16:53:14.982Z] >>> [apiv2][query] POST https://cloudfunctions.googleapis.com/v1/projects/monify-1384d/locations/us-central1/functions:generateUploadUrl [none]
[debug] [2025-10-02T16:53:14.982Z] >>> [apiv2][body] POST https://cloudfunctions.googleapis.com/v1/projects/monify-1384d/locations/us-central1/functions:generateUploadUrl {}
[debug] [2025-10-02T16:53:14.985Z] >>> [apiv2][query] POST https://cloudfunctions.googleapis.com/v2/projects/monify-1384d/locations/us-central1/functions:generateUploadUrl [none]
[debug] [2025-10-02T16:53:16.386Z] <<< [apiv2][status] POST https://cloudfunctions.googleapis.com/v2/projects/monify-1384d/locations/us-central1/functions:generateUploadUrl 200
[debug] [2025-10-02T16:53:16.386Z] <<< [apiv2][body] POST https://cloudfunctions.googleapis.com/v2/projects/monify-1384d/locations/us-central1/functions:generateUploadUrl {"uploadUrl":"https://storage.googleapis.com/gcf-v2-uploads-783109027463.us-central1.cloudfunctions.appspot.com/419ef1b2-ed34-46e4-95f6-34204629c792.zip?GoogleAccessId=service-783109027463@gcf-admin-robot.iam.gserviceaccount.com&Expires=1759425795&Signature=YAFUqmdOCVEQjoX6Q%2F%2Br7lHga2kkSd77FdshZqABt6%2BX91ep1AZTGiL%2FB%2Fu64ojRKE1Nfy1ECcIPPlTxwrztAy2STEVEYS91m0GjZ35gaPSXEi%2BcwsFxRxj2miIh%2Fs83IWKYFXlyskBIoTgPLLTtx03Q%2BEklQfD0QTB5s5rHv%2BAPE7evGZCaZ8j8aYGZtGyAVc4APqXoGpIUTXNH4%2B8GjhKfbvW5ZDV%2B1MJwJP6W7oq8Qok6OjVpqYNns6G6%2B5VLQEu4VTqg7OHE2mxdTJUfN1oAuNEmia9B2rO8q2iiLyoZaJITlKRL6ywXcOaHvPimod6aHnF89x%2BWFF61wQUtLQ%3D%3D","storageSource":{"bucket":"gcf-v2-uploads-783109027463.us-central1.cloudfunctions.appspot.com","object":"419ef1b2-ed34-46e4-95f6-34204629c792.zip"}}
[debug] [2025-10-02T16:53:16.387Z] >>> [apiv2][query] PUT https://storage.googleapis.com/gcf-v2-uploads-783109027463.us-central1.cloudfunctions.appspot.com/419ef1b2-ed34-46e4-95f6-34204629c792.zip GoogleAccessId=service-783109027463%40gcf-admin-robot.iam.gserviceaccount.com&Expires=1759425795&Signature=YAFUqmdOCVEQjoX6Q%2F%2Br7lHga2kkSd77FdshZqABt6%2BX91ep1AZTGiL%2FB%2Fu64ojRKE1Nfy1ECcIPPlTxwrztAy2STEVEYS91m0GjZ35gaPSXEi%2BcwsFxRxj2miIh%2Fs83IWKYFXlyskBIoTgPLLTtx03Q%2BEklQfD0QTB5s5rHv%2BAPE7evGZCaZ8j8aYGZtGyAVc4APqXoGpIUTXNH4%2B8GjhKfbvW5ZDV%2B1MJwJP6W7oq8Qok6OjVpqYNns6G6%2B5VLQEu4VTqg7OHE2mxdTJUfN1oAuNEmia9B2rO8q2iiLyoZaJITlKRL6ywXcOaHvPimod6aHnF89x%2BWFF61wQUtLQ%3D%3D
[debug] [2025-10-02T16:53:16.387Z] >>> [apiv2][body] PUT https://storage.googleapis.com/gcf-v2-uploads-783109027463.us-central1.cloudfunctions.appspot.com/419ef1b2-ed34-46e4-95f6-34204629c792.zip [stream]
[debug] [2025-10-02T16:53:17.037Z] <<< [apiv2][status] PUT https://storage.googleapis.com/gcf-v2-uploads-783109027463.us-central1.cloudfunctions.appspot.com/419ef1b2-ed34-46e4-95f6-34204629c792.zip 200
[debug] [2025-10-02T16:53:17.037Z] <<< [apiv2][body] PUT https://storage.googleapis.com/gcf-v2-uploads-783109027463.us-central1.cloudfunctions.appspot.com/419ef1b2-ed34-46e4-95f6-34204629c792.zip [omitted]
[debug] [2025-10-02T16:53:26.970Z] <<< [apiv2][status] POST https://cloudfunctions.googleapis.com/v1/projects/monify-1384d/locations/us-central1/functions:generateUploadUrl 200
[debug] [2025-10-02T16:53:26.970Z] <<< [apiv2][body] POST https://cloudfunctions.googleapis.com/v1/projects/monify-1384d/locations/us-central1/functions:generateUploadUrl {"uploadUrl":"https://storage.googleapis.com/uploads-45928782801.us-central1.cloudfunctions.appspot.com/846a4c2c-0b3f-4e57-b10f-be9c15324bc1.zip?GoogleAccessId=service-783109027463@gcf-admin-robot.iam.gserviceaccount.com&Expires=1759425806&Signature=Z%2BZ9laA8tw9VnE6RiEA1k69v7tbuvfLE273W3T1iGWlJHugYJMjRNJaYxs8RxdTp2G6j1%2BNuaU%2FpNyqwgRyfl4x9CMtysW8yVmUPiOOZNY99FgLzXb63P1jze%2B5F5Rsd2r0IzASfi3KScSuUj6Eu0kctJta3a6FQp51BgN6ggng2pWbD3UNAQaN%2Bk7UV6mmzxK2%2BXOZI08jfUbzLv0uGSjTZMmwZKMqHLCts%2BrDqwWzjMTeAcAwxu6ppPJ9RinXTqPawUYgcivUDXJ427cnnrgrchnInWN6HrWqm039TGf%2F%2FNvgN8we3Pix58whSbigt5%2FQXTO6Hn5yco3ldVmycgw%3D%3D"}
[debug] [2025-10-02T16:53:26.971Z] >>> [apiv2][query] PUT https://storage.googleapis.com/uploads-45928782801.us-central1.cloudfunctions.appspot.com/846a4c2c-0b3f-4e57-b10f-be9c15324bc1.zip GoogleAccessId=service-783109027463%40gcf-admin-robot.iam.gserviceaccount.com&Expires=1759425806&Signature=Z%2BZ9laA8tw9VnE6RiEA1k69v7tbuvfLE273W3T1iGWlJHugYJMjRNJaYxs8RxdTp2G6j1%2BNuaU%2FpNyqwgRyfl4x9CMtysW8yVmUPiOOZNY99FgLzXb63P1jze%2B5F5Rsd2r0IzASfi3KScSuUj6Eu0kctJta3a6FQp51BgN6ggng2pWbD3UNAQaN%2Bk7UV6mmzxK2%2BXOZI08jfUbzLv0uGSjTZMmwZKMqHLCts%2BrDqwWzjMTeAcAwxu6ppPJ9RinXTqPawUYgcivUDXJ427cnnrgrchnInWN6HrWqm039TGf%2F%2FNvgN8we3Pix58whSbigt5%2FQXTO6Hn5yco3ldVmycgw%3D%3D
[debug] [2025-10-02T16:53:26.971Z] >>> [apiv2][body] PUT https://storage.googleapis.com/uploads-45928782801.us-central1.cloudfunctions.appspot.com/846a4c2c-0b3f-4e57-b10f-be9c15324bc1.zip [stream]
[debug] [2025-10-02T16:53:27.780Z] <<< [apiv2][status] PUT https://storage.googleapis.com/uploads-45928782801.us-central1.cloudfunctions.appspot.com/846a4c2c-0b3f-4e57-b10f-be9c15324bc1.zip 200
[debug] [2025-10-02T16:53:27.781Z] <<< [apiv2][body] PUT https://storage.googleapis.com/uploads-45928782801.us-central1.cloudfunctions.appspot.com/846a4c2c-0b3f-4e57-b10f-be9c15324bc1.zip [omitted]
[info] +  functions: backend/functions source uploaded successfully 
[info] i  functions: creating Node.js 22 (1st Gen) function authOnCreate(us-central1)... 
[info] i  functions: creating Node.js 22 (2nd Gen) function updateProfile(us-central1)... 
[info] i  functions: creating Node.js 22 (2nd Gen) function createCategory(us-central1)... 
[info] i  functions: creating Node.js 22 (2nd Gen) function createExpense(us-central1)... 
[info] i  functions: creating Node.js 22 (2nd Gen) function createIncome(us-central1)... 
[info] i  functions: creating Node.js 22 (2nd Gen) function createGoal(us-central1)... 
[info] i  functions: creating Node.js 22 (2nd Gen) function updateGoalProgress(us-central1)... 
[info] i  functions: creating Node.js 22 (2nd Gen) function getMonthlySummary(us-central1)... 
[info] i  functions: creating Node.js 22 (2nd Gen) function getGoalProgressSummary(us-central1)... 
[debug] [2025-10-02T16:53:27.794Z] Checked if tokens are valid: true, expires at: 1759427532850
[debug] [2025-10-02T16:53:27.794Z] Checked if tokens are valid: true, expires at: 1759427532850
[debug] [2025-10-02T16:53:27.795Z] Checked if tokens are valid: true, expires at: 1759427532850
[debug] [2025-10-02T16:53:27.795Z] Checked if tokens are valid: true, expires at: 1759427532850
[debug] [2025-10-02T16:53:27.795Z] >>> [apiv2][query] POST https://cloudfunctions.googleapis.com/v1/projects/monify-1384d/locations/us-central1/functions [none]
[debug] [2025-10-02T16:53:27.795Z] >>> [apiv2][body] POST https://cloudfunctions.googleapis.com/v1/projects/monify-1384d/locations/us-central1/functions {"name":"projects/monify-1384d/locations/us-central1/functions/authOnCreate","sourceUploadUrl":"https://storage.googleapis.com/uploads-45928782801.us-central1.cloudfunctions.appspot.com/846a4c2c-0b3f-4e57-b10f-be9c15324bc1.zip?GoogleAccessId=service-783109027463@gcf-admin-robot.iam.gserviceaccount.com&Expires=1759425806&Signature=Z%2BZ9laA8tw9VnE6RiEA1k69v7tbuvfLE273W3T1iGWlJHugYJMjRNJaYxs8RxdTp2G6j1%2BNuaU%2FpNyqwgRyfl4x9CMtysW8yVmUPiOOZNY99FgLzXb63P1jze%2B5F5Rsd2r0IzASfi3KScSuUj6Eu0kctJta3a6FQp51BgN6ggng2pWbD3UNAQaN%2Bk7UV6mmzxK2%2BXOZI08jfUbzLv0uGSjTZMmwZKMqHLCts%2BrDqwWzjMTeAcAwxu6ppPJ9RinXTqPawUYgcivUDXJ427cnnrgrchnInWN6HrWqm039TGf%2F%2FNvgN8we3Pix58whSbigt5%2FQXTO6Hn5yco3ldVmycgw%3D%3D","entryPoint":"authOnCreate","runtime":"nodejs22","dockerRegistry":"ARTIFACT_REGISTRY","labels":{"deployment-tool":"cli-firebase","firebase-functions-hash":"5eb927d99d7e642c1d8cd4b7616a468ff97da2dd"},"eventTrigger":{"eventType":"providers/firebase.auth/eventTypes/user.create","resource":"projects/monify-1384d"},"minInstances":null,"maxInstances":null,"ingressSettings":null,"environmentVariables":{"FIREBASE_CONFIG":"{\"projectId\":\"monify-1384d\",\"storageBucket\":\"monify-1384d.firebasestorage.app\"}","GCLOUD_PROJECT":"monify-1384d","EVENTARC_CLOUD_EVENT_SOURCE":"projects/monify-1384d/locations/us-central1/functions/authOnCreate"},"serviceAccountEmail":null,"availableMemoryMb":null,"timeout":null,"vpcConnector":null,"vpcConnectorEgressSettings":null,"buildEnvironmentVariables":{"GOOGLE_NODE_RUN_SCRIPTS":""}}
[debug] [2025-10-02T16:53:27.796Z] >>> [apiv2][query] POST https://cloudfunctions.googleapis.com/v2/projects/monify-1384d/locations/us-central1/functions functionId=updateProfile
[debug] [2025-10-02T16:53:27.796Z] >>> [apiv2][body] POST https://cloudfunctions.googleapis.com/v2/projects/monify-1384d/locations/us-central1/functions {"name":"projects/monify-1384d/locations/us-central1/functions/updateProfile","buildConfig":{"runtime":"nodejs22","entryPoint":"updateProfile","source":{"storageSource":{"bucket":"gcf-v2-uploads-783109027463.us-central1.cloudfunctions.appspot.com","object":"419ef1b2-ed34-46e4-95f6-34204629c792.zip"}},"environmentVariables":{"GOOGLE_NODE_RUN_SCRIPTS":""}},"serviceConfig":{"environmentVariables":{"FIREBASE_CONFIG":"{\"projectId\":\"monify-1384d\",\"storageBucket\":\"monify-1384d.firebasestorage.app\"}","GCLOUD_PROJECT":"monify-1384d","EVENTARC_CLOUD_EVENT_SOURCE":"projects/monify-1384d/locations/us-central1/services/updateProfile","FUNCTION_TARGET":"updateProfile","LOG_EXECUTION_ID":"true"},"ingressSettings":null,"timeoutSeconds":null,"serviceAccountEmail":null,"availableMemory":"256Mi","minInstanceCount":null,"maxInstanceCount":null,"maxInstanceRequestConcurrency":80,"availableCpu":"1","vpcConnector":null,"vpcConnectorEgressSettings":null},"labels":{"deployment-tool":"cli-firebase","deployment-callable":"true","firebase-functions-hash":"c0b78d8feae55a5b4c4dde57911fd078c0b5d0a1"}}
[debug] [2025-10-02T16:53:28.406Z] <<< [apiv2][status] POST https://cloudfunctions.googleapis.com/v1/projects/monify-1384d/locations/us-central1/functions 400
[debug] [2025-10-02T16:53:28.406Z] <<< [apiv2][body] POST https://cloudfunctions.googleapis.com/v1/projects/monify-1384d/locations/us-central1/functions {"error":{"code":400,"message":"Failed to create 1st Gen function projects/monify-1384d/locations/us-central1/functions/authOnCreate: runtime: Runtime validation errors: [error_code: \t INVALID_RUNTIME\nmessage: \"Runtime \\\"nodejs22\\\" is not supported on GCF Gen1\"\n]","status":"INVALID_ARGUMENT"}}
[warn] !  functions: Runtime "nodejs22" is not supported on GCF Gen1 for function projects/monify-1384d/locations/us-central1/functions/authOnCreate 
[warn] !  functions: failed to create function projects/monify-1384d/locations/us-central1/functions/authOnCreate 
[error] Failed to create function projects/monify-1384d/locations/us-central1/functions/authOnCreate
[debug] [2025-10-02T16:53:29.538Z] <<< [apiv2][status] POST https://cloudfunctions.googleapis.com/v2/projects/monify-1384d/locations/us-central1/functions 200
[debug] [2025-10-02T16:53:29.538Z] <<< [apiv2][body] POST https://cloudfunctions.googleapis.com/v2/projects/monify-1384d/locations/us-central1/functions {"name":"projects/monify-1384d/locations/us-central1/operations/operation-1759424007748-6402fd2fdbc36-cd779c19-52b033e7","metadata":{"@type":"type.googleapis.com/google.cloud.functions.v2.OperationMetadata","createTime":"2025-10-02T16:53:28.945642315Z","target":"projects/monify-1384d/locations/us-central1/functions/updateProfile","verb":"create","cancelRequested":false,"apiVersion":"v2"},"done":false}
[debug] [2025-10-02T16:53:29.539Z] Checked if tokens are valid: true, expires at: 1759427532850
[debug] [2025-10-02T16:53:29.539Z] Checked if tokens are valid: true, expires at: 1759427532850
[debug] [2025-10-02T16:53:29.540Z] >>> [apiv2][query] GET https://cloudfunctions.googleapis.com/v2/projects/monify-1384d/locations/us-central1/operations/operation-1759424007748-6402fd2fdbc36-cd779c19-52b033e7 [none]
[debug] [2025-10-02T16:53:29.843Z] <<< [apiv2][status] GET https://cloudfunctions.googleapis.com/v2/projects/monify-1384d/locations/us-central1/operations/operation-1759424007748-6402fd2fdbc36-cd779c19-52b033e7 200
[debug] [2025-10-02T16:53:29.844Z] <<< [apiv2][body] GET https://cloudfunctions.googleapis.com/v2/projects/monify-1384d/locations/us-central1/operations/operation-1759424007748-6402fd2fdbc36-cd779c19-52b033e7 {"name":"projects/monify-1384d/locations/us-central1/operations/operation-1759424007748-6402fd2fdbc36-cd779c19-52b033e7","metadata":{"@type":"type.googleapis.com/google.cloud.functions.v2.OperationMetadata","createTime":"2025-10-02T16:53:28.945642315Z","target":"projects/monify-1384d/locations/us-central1/functions/updateProfile","verb":"create","cancelRequested":false,"apiVersion":"v2","requestResource":{"@type":"type.googleapis.com/google.cloud.functions.v2.Function","name":"projects/monify-1384d/locations/us-central1/functions/updateProfile","buildConfig":{"runtime":"nodejs22","entryPoint":"updateProfile","source":{"storageSource":{"bucket":"gcf-v2-sources-783109027463-us-central1","object":"updateProfile/function-source.zip","generation":"1759424008562502"}},"environmentVariables":{"GOOGLE_NODE_RUN_SCRIPTS":""},"serviceAccount":"projects/monify-1384d/serviceAccounts/783109027463-compute@developer.gserviceaccount.com","automaticUpdatePolicy":{}},"serviceConfig":{"service":"projects/monify-1384d/locations/us-central1/services/updateprofile","timeoutSeconds":60,"environmentVariables":{"FIREBASE_CONFIG":"{\"projectId\":\"monify-1384d\",\"storageBucket\":\"monify-1384d.firebasestorage.app\"}","GCLOUD_PROJECT":"monify-1384d","EVENTARC_CLOUD_EVENT_SOURCE":"projects/monify-1384d/locations/us-central1/services/updateProfile","FUNCTION_TARGET":"updateProfile","LOG_EXECUTION_ID":"true"},"ingressSettings":"ALLOW_ALL","serviceAccountEmail":"783109027463-compute@developer.gserviceaccount.com","availableMemory":"256Mi","maxInstanceRequestConcurrency":80,"availableCpu":"1"},"labels":{"deployment-tool":"cli-firebase","deployment-callable":"true","firebase-functions-hash":"c0b78d8feae55a5b4c4dde57911fd078c0b5d0a1"},"environment":"GEN_2"},"stages":[{"name":"BUILD","state":"NOT_STARTED"},{"name":"SERVICE","state":"NOT_STARTED"}],"operationType":"CREATE_FUNCTION"},"done":false}
[debug] [2025-10-02T16:53:30.350Z] [create-default-us-central1-updateProfile] Retrying task index 0
[debug] [2025-10-02T16:53:30.350Z] Checked if tokens are valid: true, expires at: 1759427532850
[debug] [2025-10-02T16:53:30.350Z] Checked if tokens are valid: true, expires at: 1759427532850
[debug] [2025-10-02T16:53:30.351Z] >>> [apiv2][query] GET https://cloudfunctions.googleapis.com/v2/projects/monify-1384d/locations/us-central1/operations/operation-1759424007748-6402fd2fdbc36-cd779c19-52b033e7 [none]
[debug] [2025-10-02T16:53:30.651Z] <<< [apiv2][status] GET https://cloudfunctions.googleapis.com/v2/projects/monify-1384d/locations/us-central1/operations/operation-1759424007748-6402fd2fdbc36-cd779c19-52b033e7 200
[debug] [2025-10-02T16:53:30.651Z] <<< [apiv2][body] GET https://cloudfunctions.googleapis.com/v2/projects/monify-1384d/locations/us-central1/operations/operation-1759424007748-6402fd2fdbc36-cd779c19-52b033e7 {"name":"projects/monify-1384d/locations/us-central1/operations/operation-1759424007748-6402fd2fdbc36-cd779c19-52b033e7","metadata":{"@type":"type.googleapis.com/google.cloud.functions.v2.OperationMetadata","createTime":"2025-10-02T16:53:28.945642315Z","target":"projects/monify-1384d/locations/us-central1/functions/updateProfile","verb":"create","cancelRequested":false,"apiVersion":"v2","requestResource":{"@type":"type.googleapis.com/google.cloud.functions.v2.Function","name":"projects/monify-1384d/locations/us-central1/functions/updateProfile","buildConfig":{"runtime":"nodejs22","entryPoint":"updateProfile","source":{"storageSource":{"bucket":"gcf-v2-sources-783109027463-us-central1","object":"updateProfile/function-source.zip","generation":"1759424008562502"}},"environmentVariables":{"GOOGLE_NODE_RUN_SCRIPTS":""},"serviceAccount":"projects/monify-1384d/serviceAccounts/783109027463-compute@developer.gserviceaccount.com","automaticUpdatePolicy":{}},"serviceConfig":{"service":"projects/monify-1384d/locations/us-central1/services/updateprofile","timeoutSeconds":60,"environmentVariables":{"FIREBASE_CONFIG":"{\"projectId\":\"monify-1384d\",\"storageBucket\":\"monify-1384d.firebasestorage.app\"}","GCLOUD_PROJECT":"monify-1384d","EVENTARC_CLOUD_EVENT_SOURCE":"projects/monify-1384d/locations/us-central1/services/updateProfile","FUNCTION_TARGET":"updateProfile","LOG_EXECUTION_ID":"true"},"ingressSettings":"ALLOW_ALL","serviceAccountEmail":"783109027463-compute@developer.gserviceaccount.com","availableMemory":"256Mi","maxInstanceRequestConcurrency":80,"availableCpu":"1"},"labels":{"deployment-tool":"cli-firebase","deployment-callable":"true","firebase-functions-hash":"c0b78d8feae55a5b4c4dde57911fd078c0b5d0a1"},"environment":"GEN_2"},"stages":[{"name":"BUILD","state":"NOT_STARTED"},{"name":"SERVICE","state":"NOT_STARTED"}],"operationType":"CREATE_FUNCTION"},"done":false}
[debug] [2025-10-02T16:53:31.664Z] [create-default-us-central1-updateProfile] Retrying task index 0
[debug] [2025-10-02T16:53:31.664Z] Checked if tokens are valid: true, expires at: 1759427532850
[debug] [2025-10-02T16:53:31.665Z] Checked if tokens are valid: true, expires at: 1759427532850
[debug] [2025-10-02T16:53:31.665Z] >>> [apiv2][query] GET https://cloudfunctions.googleapis.com/v2/projects/monify-1384d/locations/us-central1/operations/operation-1759424007748-6402fd2fdbc36-cd779c19-52b033e7 [none]
[debug] [2025-10-02T16:53:31.998Z] <<< [apiv2][status] GET https://cloudfunctions.googleapis.com/v2/projects/monify-1384d/locations/us-central1/operations/operation-1759424007748-6402fd2fdbc36-cd779c19-52b033e7 200
[debug] [2025-10-02T16:53:31.998Z] <<< [apiv2][body] GET https://cloudfunctions.googleapis.com/v2/projects/monify-1384d/locations/us-central1/operations/operation-1759424007748-6402fd2fdbc36-cd779c19-52b033e7 {"name":"projects/monify-1384d/locations/us-central1/operations/operation-1759424007748-6402fd2fdbc36-cd779c19-52b033e7","metadata":{"@type":"type.googleapis.com/google.cloud.functions.v2.OperationMetadata","createTime":"2025-10-02T16:53:28.945642315Z","target":"projects/monify-1384d/locations/us-central1/functions/updateProfile","verb":"create","cancelRequested":false,"apiVersion":"v2","requestResource":{"@type":"type.googleapis.com/google.cloud.functions.v2.Function","name":"projects/monify-1384d/locations/us-central1/functions/updateProfile","buildConfig":{"runtime":"nodejs22","entryPoint":"updateProfile","source":{"storageSource":{"bucket":"gcf-v2-sources-783109027463-us-central1","object":"updateProfile/function-source.zip","generation":"1759424008562502"}},"environmentVariables":{"GOOGLE_NODE_RUN_SCRIPTS":""},"serviceAccount":"projects/monify-1384d/serviceAccounts/783109027463-compute@developer.gserviceaccount.com","automaticUpdatePolicy":{}},"serviceConfig":{"service":"projects/monify-1384d/locations/us-central1/services/updateprofile","timeoutSeconds":60,"environmentVariables":{"FIREBASE_CONFIG":"{\"projectId\":\"monify-1384d\",\"storageBucket\":\"monify-1384d.firebasestorage.app\"}","GCLOUD_PROJECT":"monify-1384d","EVENTARC_CLOUD_EVENT_SOURCE":"projects/monify-1384d/locations/us-central1/services/updateProfile","FUNCTION_TARGET":"updateProfile","LOG_EXECUTION_ID":"true"},"ingressSettings":"ALLOW_ALL","serviceAccountEmail":"783109027463-compute@developer.gserviceaccount.com","availableMemory":"256Mi","maxInstanceRequestConcurrency":80,"availableCpu":"1"},"labels":{"deployment-tool":"cli-firebase","deployment-callable":"true","firebase-functions-hash":"c0b78d8feae55a5b4c4dde57911fd078c0b5d0a1"},"environment":"GEN_2"},"stages":[{"name":"BUILD","state":"NOT_STARTED"},{"name":"SERVICE","state":"NOT_STARTED"}],"operationType":"CREATE_FUNCTION"},"done":false}
[debug] [2025-10-02T16:53:34.005Z] [create-default-us-central1-updateProfile] Retrying task index 0
[debug] [2025-10-02T16:53:34.006Z] Checked if tokens are valid: true, expires at: 1759427532850
[debug] [2025-10-02T16:53:34.006Z] Checked if tokens are valid: true, expires at: 1759427532850
[debug] [2025-10-02T16:53:34.006Z] >>> [apiv2][query] GET https://cloudfunctions.googleapis.com/v2/projects/monify-1384d/locations/us-central1/operations/operation-1759424007748-6402fd2fdbc36-cd779c19-52b033e7 [none]
[debug] [2025-10-02T16:53:34.442Z] <<< [apiv2][status] GET https://cloudfunctions.googleapis.com/v2/projects/monify-1384d/locations/us-central1/operations/operation-1759424007748-6402fd2fdbc36-cd779c19-52b033e7 200
[debug] [2025-10-02T16:53:34.443Z] <<< [apiv2][body] GET https://cloudfunctions.googleapis.com/v2/projects/monify-1384d/locations/us-central1/operations/operation-1759424007748-6402fd2fdbc36-cd779c19-52b033e7 {"name":"projects/monify-1384d/locations/us-central1/operations/operation-1759424007748-6402fd2fdbc36-cd779c19-52b033e7","metadata":{"@type":"type.googleapis.com/google.cloud.functions.v2.OperationMetadata","createTime":"2025-10-02T16:53:28.945642315Z","target":"projects/monify-1384d/locations/us-central1/functions/updateProfile","verb":"create","cancelRequested":false,"apiVersion":"v2","requestResource":{"@type":"type.googleapis.com/google.cloud.functions.v2.Function","name":"projects/monify-1384d/locations/us-central1/functions/updateProfile","buildConfig":{"runtime":"nodejs22","entryPoint":"updateProfile","source":{"storageSource":{"bucket":"gcf-v2-sources-783109027463-us-central1","object":"updateProfile/function-source.zip","generation":"1759424008562502"}},"environmentVariables":{"GOOGLE_NODE_RUN_SCRIPTS":""},"serviceAccount":"projects/monify-1384d/serviceAccounts/783109027463-compute@developer.gserviceaccount.com","automaticUpdatePolicy":{}},"serviceConfig":{"service":"projects/monify-1384d/locations/us-central1/services/updateprofile","timeoutSeconds":60,"environmentVariables":{"FIREBASE_CONFIG":"{\"projectId\":\"monify-1384d\",\"storageBucket\":\"monify-1384d.firebasestorage.app\"}","GCLOUD_PROJECT":"monify-1384d","EVENTARC_CLOUD_EVENT_SOURCE":"projects/monify-1384d/locations/us-central1/services/updateProfile","FUNCTION_TARGET":"updateProfile","LOG_EXECUTION_ID":"true"},"ingressSettings":"ALLOW_ALL","serviceAccountEmail":"783109027463-compute@developer.gserviceaccount.com","availableMemory":"256Mi","maxInstanceRequestConcurrency":80,"availableCpu":"1"},"labels":{"deployment-tool":"cli-firebase","deployment-callable":"true","firebase-functions-hash":"c0b78d8feae55a5b4c4dde57911fd078c0b5d0a1"},"environment":"GEN_2"},"stages":[{"name":"BUILD","state":"NOT_STARTED"},{"name":"SERVICE","state":"NOT_STARTED"}],"operationType":"CREATE_FUNCTION"},"done":false}
[debug] [2025-10-02T16:53:38.448Z] [create-default-us-central1-updateProfile] Retrying task index 0
[debug] [2025-10-02T16:53:38.449Z] Checked if tokens are valid: true, expires at: 1759427532850
[debug] [2025-10-02T16:53:38.449Z] Checked if tokens are valid: true, expires at: 1759427532850
[debug] [2025-10-02T16:53:38.449Z] >>> [apiv2][query] GET https://cloudfunctions.googleapis.com/v2/projects/monify-1384d/locations/us-central1/operations/operation-1759424007748-6402fd2fdbc36-cd779c19-52b033e7 [none]
[debug] [2025-10-02T16:53:38.844Z] <<< [apiv2][status] GET https://cloudfunctions.googleapis.com/v2/projects/monify-1384d/locations/us-central1/operations/operation-1759424007748-6402fd2fdbc36-cd779c19-52b033e7 200
[debug] [2025-10-02T16:53:38.844Z] <<< [apiv2][body] GET https://cloudfunctions.googleapis.com/v2/projects/monify-1384d/locations/us-central1/operations/operation-1759424007748-6402fd2fdbc36-cd779c19-52b033e7 {"name":"projects/monify-1384d/locations/us-central1/operations/operation-1759424007748-6402fd2fdbc36-cd779c19-52b033e7","metadata":{"@type":"type.googleapis.com/google.cloud.functions.v2.OperationMetadata","createTime":"2025-10-02T16:53:28.945642315Z","target":"projects/monify-1384d/locations/us-central1/functions/updateProfile","verb":"create","cancelRequested":false,"apiVersion":"v2","requestResource":{"@type":"type.googleapis.com/google.cloud.functions.v2.Function","name":"projects/monify-1384d/locations/us-central1/functions/updateProfile","buildConfig":{"runtime":"nodejs22","entryPoint":"updateProfile","source":{"storageSource":{"bucket":"gcf-v2-sources-783109027463-us-central1","object":"updateProfile/function-source.zip","generation":"1759424008562502"}},"environmentVariables":{"GOOGLE_NODE_RUN_SCRIPTS":""},"serviceAccount":"projects/monify-1384d/serviceAccounts/783109027463-compute@developer.gserviceaccount.com","automaticUpdatePolicy":{}},"serviceConfig":{"service":"projects/monify-1384d/locations/us-central1/services/updateprofile","timeoutSeconds":60,"environmentVariables":{"FIREBASE_CONFIG":"{\"projectId\":\"monify-1384d\",\"storageBucket\":\"monify-1384d.firebasestorage.app\"}","GCLOUD_PROJECT":"monify-1384d","EVENTARC_CLOUD_EVENT_SOURCE":"projects/monify-1384d/locations/us-central1/services/updateProfile","FUNCTION_TARGET":"updateProfile","LOG_EXECUTION_ID":"true"},"ingressSettings":"ALLOW_ALL","serviceAccountEmail":"783109027463-compute@developer.gserviceaccount.com","availableMemory":"256Mi","maxInstanceRequestConcurrency":80,"availableCpu":"1"},"labels":{"deployment-tool":"cli-firebase","deployment-callable":"true","firebase-functions-hash":"c0b78d8feae55a5b4c4dde57911fd078c0b5d0a1"},"environment":"GEN_2"},"stages":[{"name":"BUILD","state":"NOT_STARTED"},{"name":"SERVICE","state":"NOT_STARTED"}],"operationType":"CREATE_FUNCTION"},"done":false}
[debug] [2025-10-02T16:53:46.849Z] [create-default-us-central1-updateProfile] Retrying task index 0
[debug] [2025-10-02T16:53:46.850Z] Checked if tokens are valid: true, expires at: 1759427532850
[debug] [2025-10-02T16:53:46.850Z] Checked if tokens are valid: true, expires at: 1759427532850
[debug] [2025-10-02T16:53:46.850Z] >>> [apiv2][query] GET https://cloudfunctions.googleapis.com/v2/projects/monify-1384d/locations/us-central1/operations/operation-1759424007748-6402fd2fdbc36-cd779c19-52b033e7 [none]
[debug] [2025-10-02T16:53:47.451Z] <<< [apiv2][status] GET https://cloudfunctions.googleapis.com/v2/projects/monify-1384d/locations/us-central1/operations/operation-1759424007748-6402fd2fdbc36-cd779c19-52b033e7 200
[debug] [2025-10-02T16:53:47.451Z] <<< [apiv2][body] GET https://cloudfunctions.googleapis.com/v2/projects/monify-1384d/locations/us-central1/operations/operation-1759424007748-6402fd2fdbc36-cd779c19-52b033e7 {"name":"projects/monify-1384d/locations/us-central1/operations/operation-1759424007748-6402fd2fdbc36-cd779c19-52b033e7","metadata":{"@type":"type.googleapis.com/google.cloud.functions.v2.OperationMetadata","createTime":"2025-10-02T16:53:28.945642315Z","target":"projects/monify-1384d/locations/us-central1/functions/updateProfile","verb":"create","cancelRequested":false,"apiVersion":"v2","requestResource":{"@type":"type.googleapis.com/google.cloud.functions.v2.Function","name":"projects/monify-1384d/locations/us-central1/functions/updateProfile","buildConfig":{"runtime":"nodejs22","entryPoint":"updateProfile","source":{"storageSource":{"bucket":"gcf-v2-sources-783109027463-us-central1","object":"updateProfile/function-source.zip","generation":"1759424008562502"}},"environmentVariables":{"GOOGLE_NODE_RUN_SCRIPTS":""},"serviceAccount":"projects/monify-1384d/serviceAccounts/783109027463-compute@developer.gserviceaccount.com","automaticUpdatePolicy":{}},"serviceConfig":{"service":"projects/monify-1384d/locations/us-central1/services/updateprofile","timeoutSeconds":60,"environmentVariables":{"FIREBASE_CONFIG":"{\"projectId\":\"monify-1384d\",\"storageBucket\":\"monify-1384d.firebasestorage.app\"}","GCLOUD_PROJECT":"monify-1384d","EVENTARC_CLOUD_EVENT_SOURCE":"projects/monify-1384d/locations/us-central1/services/updateProfile","FUNCTION_TARGET":"updateProfile","LOG_EXECUTION_ID":"true"},"ingressSettings":"ALLOW_ALL","serviceAccountEmail":"783109027463-compute@developer.gserviceaccount.com","availableMemory":"256Mi","maxInstanceRequestConcurrency":80,"availableCpu":"1"},"labels":{"deployment-tool":"cli-firebase","deployment-callable":"true","firebase-functions-hash":"c0b78d8feae55a5b4c4dde57911fd078c0b5d0a1"},"environment":"GEN_2"},"stages":[{"name":"BUILD","message":"Build in progress","state":"IN_PROGRESS","resource":"projects/783109027463/locations/us-central1/builds/82777b05-c7e4-4bb2-8c88-1a1998500aa5","resourceUri":"https://console.cloud.google.com/cloud-build/builds;region=us-central1/82777b05-c7e4-4bb2-8c88-1a1998500aa5?project=783109027463"},{"name":"SERVICE","state":"NOT_STARTED"}],"operationType":"CREATE_FUNCTION","buildName":"projects/783109027463/locations/us-central1/builds/82777b05-c7e4-4bb2-8c88-1a1998500aa5"},"done":false}
[debug] [2025-10-02T16:53:57.453Z] [create-default-us-central1-updateProfile] Retrying task index 0
[debug] [2025-10-02T16:53:57.454Z] Checked if tokens are valid: true, expires at: 1759427532850
[debug] [2025-10-02T16:53:57.454Z] Checked if tokens are valid: true, expires at: 1759427532850
[debug] [2025-10-02T16:53:57.454Z] >>> [apiv2][query] GET https://cloudfunctions.googleapis.com/v2/projects/monify-1384d/locations/us-central1/operations/operation-1759424007748-6402fd2fdbc36-cd779c19-52b033e7 [none]
[debug] [2025-10-02T16:53:57.991Z] <<< [apiv2][status] GET https://cloudfunctions.googleapis.com/v2/projects/monify-1384d/locations/us-central1/operations/operation-1759424007748-6402fd2fdbc36-cd779c19-52b033e7 200
[debug] [2025-10-02T16:53:57.992Z] <<< [apiv2][body] GET https://cloudfunctions.googleapis.com/v2/projects/monify-1384d/locations/us-central1/operations/operation-1759424007748-6402fd2fdbc36-cd779c19-52b033e7 {"name":"projects/monify-1384d/locations/us-central1/operations/operation-1759424007748-6402fd2fdbc36-cd779c19-52b033e7","metadata":{"@type":"type.googleapis.com/google.cloud.functions.v2.OperationMetadata","createTime":"2025-10-02T16:53:28.945642315Z","target":"projects/monify-1384d/locations/us-central1/functions/updateProfile","verb":"create","cancelRequested":false,"apiVersion":"v2","requestResource":{"@type":"type.googleapis.com/google.cloud.functions.v2.Function","name":"projects/monify-1384d/locations/us-central1/functions/updateProfile","buildConfig":{"runtime":"nodejs22","entryPoint":"updateProfile","source":{"storageSource":{"bucket":"gcf-v2-sources-783109027463-us-central1","object":"updateProfile/function-source.zip","generation":"1759424008562502"}},"environmentVariables":{"GOOGLE_NODE_RUN_SCRIPTS":""},"serviceAccount":"projects/monify-1384d/serviceAccounts/783109027463-compute@developer.gserviceaccount.com","automaticUpdatePolicy":{}},"serviceConfig":{"service":"projects/monify-1384d/locations/us-central1/services/updateprofile","timeoutSeconds":60,"environmentVariables":{"FIREBASE_CONFIG":"{\"projectId\":\"monify-1384d\",\"storageBucket\":\"monify-1384d.firebasestorage.app\"}","GCLOUD_PROJECT":"monify-1384d","EVENTARC_CLOUD_EVENT_SOURCE":"projects/monify-1384d/locations/us-central1/services/updateProfile","FUNCTION_TARGET":"updateProfile","LOG_EXECUTION_ID":"true"},"ingressSettings":"ALLOW_ALL","serviceAccountEmail":"783109027463-compute@developer.gserviceaccount.com","availableMemory":"256Mi","maxInstanceRequestConcurrency":80,"availableCpu":"1"},"labels":{"deployment-tool":"cli-firebase","deployment-callable":"true","firebase-functions-hash":"c0b78d8feae55a5b4c4dde57911fd078c0b5d0a1"},"environment":"GEN_2"},"stages":[{"name":"BUILD","message":"Build in progress","state":"IN_PROGRESS","resource":"projects/783109027463/locations/us-central1/builds/82777b05-c7e4-4bb2-8c88-1a1998500aa5","resourceUri":"https://console.cloud.google.com/cloud-build/builds;region=us-central1/82777b05-c7e4-4bb2-8c88-1a1998500aa5?project=783109027463"},{"name":"SERVICE","state":"NOT_STARTED"}],"operationType":"CREATE_FUNCTION","buildName":"projects/783109027463/locations/us-central1/builds/82777b05-c7e4-4bb2-8c88-1a1998500aa5"},"done":false}
[debug] [2025-10-02T16:54:08.008Z] [create-default-us-central1-updateProfile] Retrying task index 0
[debug] [2025-10-02T16:54:08.009Z] Checked if tokens are valid: true, expires at: 1759427532850
[debug] [2025-10-02T16:54:08.009Z] Checked if tokens are valid: true, expires at: 1759427532850
[debug] [2025-10-02T16:54:08.009Z] >>> [apiv2][query] GET https://cloudfunctions.googleapis.com/v2/projects/monify-1384d/locations/us-central1/operations/operation-1759424007748-6402fd2fdbc36-cd779c19-52b033e7 [none]
[debug] [2025-10-02T16:54:08.553Z] <<< [apiv2][status] GET https://cloudfunctions.googleapis.com/v2/projects/monify-1384d/locations/us-central1/operations/operation-1759424007748-6402fd2fdbc36-cd779c19-52b033e7 200
[debug] [2025-10-02T16:54:08.553Z] <<< [apiv2][body] GET https://cloudfunctions.googleapis.com/v2/projects/monify-1384d/locations/us-central1/operations/operation-1759424007748-6402fd2fdbc36-cd779c19-52b033e7 {"name":"projects/monify-1384d/locations/us-central1/operations/operation-1759424007748-6402fd2fdbc36-cd779c19-52b033e7","metadata":{"@type":"type.googleapis.com/google.cloud.functions.v2.OperationMetadata","createTime":"2025-10-02T16:53:28.945642315Z","target":"projects/monify-1384d/locations/us-central1/functions/updateProfile","verb":"create","cancelRequested":false,"apiVersion":"v2","requestResource":{"@type":"type.googleapis.com/google.cloud.functions.v2.Function","name":"projects/monify-1384d/locations/us-central1/functions/updateProfile","buildConfig":{"runtime":"nodejs22","entryPoint":"updateProfile","source":{"storageSource":{"bucket":"gcf-v2-sources-783109027463-us-central1","object":"updateProfile/function-source.zip","generation":"1759424008562502"}},"environmentVariables":{"GOOGLE_NODE_RUN_SCRIPTS":""},"serviceAccount":"projects/monify-1384d/serviceAccounts/783109027463-compute@developer.gserviceaccount.com","automaticUpdatePolicy":{}},"serviceConfig":{"service":"projects/monify-1384d/locations/us-central1/services/updateprofile","timeoutSeconds":60,"environmentVariables":{"FIREBASE_CONFIG":"{\"projectId\":\"monify-1384d\",\"storageBucket\":\"monify-1384d.firebasestorage.app\"}","GCLOUD_PROJECT":"monify-1384d","EVENTARC_CLOUD_EVENT_SOURCE":"projects/monify-1384d/locations/us-central1/services/updateProfile","FUNCTION_TARGET":"updateProfile","LOG_EXECUTION_ID":"true"},"ingressSettings":"ALLOW_ALL","serviceAccountEmail":"783109027463-compute@developer.gserviceaccount.com","availableMemory":"256Mi","maxInstanceRequestConcurrency":80,"availableCpu":"1"},"labels":{"deployment-tool":"cli-firebase","deployment-callable":"true","firebase-functions-hash":"c0b78d8feae55a5b4c4dde57911fd078c0b5d0a1"},"environment":"GEN_2"},"stages":[{"name":"BUILD","message":"Build in progress","state":"IN_PROGRESS","resource":"projects/783109027463/locations/us-central1/builds/82777b05-c7e4-4bb2-8c88-1a1998500aa5","resourceUri":"https://console.cloud.google.com/cloud-build/builds;region=us-central1/82777b05-c7e4-4bb2-8c88-1a1998500aa5?project=783109027463"},{"name":"SERVICE","state":"NOT_STARTED"}],"operationType":"CREATE_FUNCTION","buildName":"projects/783109027463/locations/us-central1/builds/82777b05-c7e4-4bb2-8c88-1a1998500aa5"},"done":false}
[debug] [2025-10-02T16:54:18.561Z] [create-default-us-central1-updateProfile] Retrying task index 0
[debug] [2025-10-02T16:54:18.561Z] Checked if tokens are valid: true, expires at: 1759427532850
[debug] [2025-10-02T16:54:18.561Z] Checked if tokens are valid: true, expires at: 1759427532850
[debug] [2025-10-02T16:54:18.562Z] >>> [apiv2][query] GET https://cloudfunctions.googleapis.com/v2/projects/monify-1384d/locations/us-central1/operations/operation-1759424007748-6402fd2fdbc36-cd779c19-52b033e7 [none]
[debug] [2025-10-02T16:54:18.891Z] <<< [apiv2][status] GET https://cloudfunctions.googleapis.com/v2/projects/monify-1384d/locations/us-central1/operations/operation-1759424007748-6402fd2fdbc36-cd779c19-52b033e7 200
[debug] [2025-10-02T16:54:18.892Z] <<< [apiv2][body] GET https://cloudfunctions.googleapis.com/v2/projects/monify-1384d/locations/us-central1/operations/operation-1759424007748-6402fd2fdbc36-cd779c19-52b033e7 {"name":"projects/monify-1384d/locations/us-central1/operations/operation-1759424007748-6402fd2fdbc36-cd779c19-52b033e7","metadata":{"@type":"type.googleapis.com/google.cloud.functions.v2.OperationMetadata","createTime":"2025-10-02T16:53:28.945642315Z","target":"projects/monify-1384d/locations/us-central1/functions/updateProfile","verb":"create","cancelRequested":false,"apiVersion":"v2","requestResource":{"@type":"type.googleapis.com/google.cloud.functions.v2.Function","name":"projects/monify-1384d/locations/us-central1/functions/updateProfile","buildConfig":{"runtime":"nodejs22","entryPoint":"updateProfile","source":{"storageSource":{"bucket":"gcf-v2-sources-783109027463-us-central1","object":"updateProfile/function-source.zip","generation":"1759424008562502"}},"environmentVariables":{"GOOGLE_NODE_RUN_SCRIPTS":""},"serviceAccount":"projects/monify-1384d/serviceAccounts/783109027463-compute@developer.gserviceaccount.com","automaticUpdatePolicy":{}},"serviceConfig":{"service":"projects/monify-1384d/locations/us-central1/services/updateprofile","timeoutSeconds":60,"environmentVariables":{"FIREBASE_CONFIG":"{\"projectId\":\"monify-1384d\",\"storageBucket\":\"monify-1384d.firebasestorage.app\"}","GCLOUD_PROJECT":"monify-1384d","EVENTARC_CLOUD_EVENT_SOURCE":"projects/monify-1384d/locations/us-central1/services/updateProfile","FUNCTION_TARGET":"updateProfile","LOG_EXECUTION_ID":"true"},"ingressSettings":"ALLOW_ALL","serviceAccountEmail":"783109027463-compute@developer.gserviceaccount.com","availableMemory":"256Mi","maxInstanceRequestConcurrency":80,"availableCpu":"1"},"labels":{"deployment-tool":"cli-firebase","deployment-callable":"true","firebase-functions-hash":"c0b78d8feae55a5b4c4dde57911fd078c0b5d0a1"},"environment":"GEN_2"},"stages":[{"name":"BUILD","message":"Build in progress","state":"IN_PROGRESS","resource":"projects/783109027463/locations/us-central1/builds/82777b05-c7e4-4bb2-8c88-1a1998500aa5","resourceUri":"https://console.cloud.google.com/cloud-build/builds;region=us-central1/82777b05-c7e4-4bb2-8c88-1a1998500aa5?project=783109027463"},{"name":"SERVICE","state":"NOT_STARTED"}],"operationType":"CREATE_FUNCTION","buildName":"projects/783109027463/locations/us-central1/builds/82777b05-c7e4-4bb2-8c88-1a1998500aa5"},"done":false}
[debug] [2025-10-02T16:54:28.904Z] [create-default-us-central1-updateProfile] Retrying task index 0
[debug] [2025-10-02T16:54:28.905Z] Checked if tokens are valid: true, expires at: 1759427532850
[debug] [2025-10-02T16:54:28.905Z] Checked if tokens are valid: true, expires at: 1759427532850
[debug] [2025-10-02T16:54:28.905Z] >>> [apiv2][query] GET https://cloudfunctions.googleapis.com/v2/projects/monify-1384d/locations/us-central1/operations/operation-1759424007748-6402fd2fdbc36-cd779c19-52b033e7 [none]
[debug] [2025-10-02T16:54:29.435Z] <<< [apiv2][status] GET https://cloudfunctions.googleapis.com/v2/projects/monify-1384d/locations/us-central1/operations/operation-1759424007748-6402fd2fdbc36-cd779c19-52b033e7 200
[debug] [2025-10-02T16:54:29.436Z] <<< [apiv2][body] GET https://cloudfunctions.googleapis.com/v2/projects/monify-1384d/locations/us-central1/operations/operation-1759424007748-6402fd2fdbc36-cd779c19-52b033e7 {"name":"projects/monify-1384d/locations/us-central1/operations/operation-1759424007748-6402fd2fdbc36-cd779c19-52b033e7","metadata":{"@type":"type.googleapis.com/google.cloud.functions.v2.OperationMetadata","createTime":"2025-10-02T16:53:28.945642315Z","target":"projects/monify-1384d/locations/us-central1/functions/updateProfile","verb":"create","cancelRequested":false,"apiVersion":"v2","requestResource":{"@type":"type.googleapis.com/google.cloud.functions.v2.Function","name":"projects/monify-1384d/locations/us-central1/functions/updateProfile","buildConfig":{"runtime":"nodejs22","entryPoint":"updateProfile","source":{"storageSource":{"bucket":"gcf-v2-sources-783109027463-us-central1","object":"updateProfile/function-source.zip","generation":"1759424008562502"}},"environmentVariables":{"GOOGLE_NODE_RUN_SCRIPTS":""},"serviceAccount":"projects/monify-1384d/serviceAccounts/783109027463-compute@developer.gserviceaccount.com","automaticUpdatePolicy":{}},"serviceConfig":{"service":"projects/monify-1384d/locations/us-central1/services/updateprofile","timeoutSeconds":60,"environmentVariables":{"FIREBASE_CONFIG":"{\"projectId\":\"monify-1384d\",\"storageBucket\":\"monify-1384d.firebasestorage.app\"}","GCLOUD_PROJECT":"monify-1384d","EVENTARC_CLOUD_EVENT_SOURCE":"projects/monify-1384d/locations/us-central1/services/updateProfile","FUNCTION_TARGET":"updateProfile","LOG_EXECUTION_ID":"true"},"ingressSettings":"ALLOW_ALL","serviceAccountEmail":"783109027463-compute@developer.gserviceaccount.com","availableMemory":"256Mi","maxInstanceRequestConcurrency":80,"availableCpu":"1"},"labels":{"deployment-tool":"cli-firebase","deployment-callable":"true","firebase-functions-hash":"c0b78d8feae55a5b4c4dde57911fd078c0b5d0a1"},"environment":"GEN_2"},"stages":[{"name":"BUILD","message":"Build in progress","state":"IN_PROGRESS","resource":"projects/783109027463/locations/us-central1/builds/82777b05-c7e4-4bb2-8c88-1a1998500aa5","resourceUri":"https://console.cloud.google.com/cloud-build/builds;region=us-central1/82777b05-c7e4-4bb2-8c88-1a1998500aa5?project=783109027463"},{"name":"SERVICE","state":"NOT_STARTED"}],"operationType":"CREATE_FUNCTION","buildName":"projects/783109027463/locations/us-central1/builds/82777b05-c7e4-4bb2-8c88-1a1998500aa5"},"done":false}
[debug] [2025-10-02T16:54:39.438Z] [create-default-us-central1-updateProfile] Retrying task index 0
[debug] [2025-10-02T16:54:39.439Z] Checked if tokens are valid: true, expires at: 1759427532850
[debug] [2025-10-02T16:54:39.439Z] Checked if tokens are valid: true, expires at: 1759427532850
[debug] [2025-10-02T16:54:39.439Z] >>> [apiv2][query] GET https://cloudfunctions.googleapis.com/v2/projects/monify-1384d/locations/us-central1/operations/operation-1759424007748-6402fd2fdbc36-cd779c19-52b033e7 [none]
[debug] [2025-10-02T16:54:39.974Z] <<< [apiv2][status] GET https://cloudfunctions.googleapis.com/v2/projects/monify-1384d/locations/us-central1/operations/operation-1759424007748-6402fd2fdbc36-cd779c19-52b033e7 200
[debug] [2025-10-02T16:54:39.975Z] <<< [apiv2][body] GET https://cloudfunctions.googleapis.com/v2/projects/monify-1384d/locations/us-central1/operations/operation-1759424007748-6402fd2fdbc36-cd779c19-52b033e7 {"name":"projects/monify-1384d/locations/us-central1/operations/operation-1759424007748-6402fd2fdbc36-cd779c19-52b033e7","metadata":{"@type":"type.googleapis.com/google.cloud.functions.v2.OperationMetadata","createTime":"2025-10-02T16:53:28.945642315Z","target":"projects/monify-1384d/locations/us-central1/functions/updateProfile","verb":"create","cancelRequested":false,"apiVersion":"v2","requestResource":{"@type":"type.googleapis.com/google.cloud.functions.v2.Function","name":"projects/monify-1384d/locations/us-central1/functions/updateProfile","buildConfig":{"runtime":"nodejs22","entryPoint":"updateProfile","source":{"storageSource":{"bucket":"gcf-v2-sources-783109027463-us-central1","object":"updateProfile/function-source.zip","generation":"1759424008562502"}},"environmentVariables":{"GOOGLE_NODE_RUN_SCRIPTS":""},"serviceAccount":"projects/monify-1384d/serviceAccounts/783109027463-compute@developer.gserviceaccount.com","automaticUpdatePolicy":{}},"serviceConfig":{"service":"projects/monify-1384d/locations/us-central1/services/updateprofile","timeoutSeconds":60,"environmentVariables":{"FIREBASE_CONFIG":"{\"projectId\":\"monify-1384d\",\"storageBucket\":\"monify-1384d.firebasestorage.app\"}","GCLOUD_PROJECT":"monify-1384d","EVENTARC_CLOUD_EVENT_SOURCE":"projects/monify-1384d/locations/us-central1/services/updateProfile","FUNCTION_TARGET":"updateProfile","LOG_EXECUTION_ID":"true"},"ingressSettings":"ALLOW_ALL","serviceAccountEmail":"783109027463-compute@developer.gserviceaccount.com","availableMemory":"256Mi","maxInstanceRequestConcurrency":80,"availableCpu":"1"},"labels":{"deployment-tool":"cli-firebase","deployment-callable":"true","firebase-functions-hash":"c0b78d8feae55a5b4c4dde57911fd078c0b5d0a1"},"environment":"GEN_2"},"stages":[{"name":"BUILD","message":"Build finished","state":"COMPLETE","resource":"projects/783109027463/locations/us-central1/builds/82777b05-c7e4-4bb2-8c88-1a1998500aa5","resourceUri":"https://console.cloud.google.com/cloud-build/builds;region=us-central1/82777b05-c7e4-4bb2-8c88-1a1998500aa5?project=783109027463"},{"name":"SERVICE","message":"Creating Cloud Run service","state":"IN_PROGRESS","resource":"projects/monify-1384d/locations/us-central1/services/updateprofile","resourceUri":"https://console.cloud.google.com/run/detail/us-central1/updateprofile?project=monify-1384d"}],"sourceToken":"Cldwcm9qZWN0cy83ODMxMDkwMjc0NjMvbG9jYXRpb25zL3VzLWNlbnRyYWwxL2J1aWxkcy84Mjc3N2IwNS1jN2U0LTRiYjItOGM4OC0xYTE5OTg1MDBhYTUSa3VzLWNlbnRyYWwxLWRvY2tlci5wa2cuZGV2L21vbmlmeS0xMzg0ZC9nY2YtYXJ0aWZhY3RzL21vbmlmeS0tMTM4NGRfX3VzLS1jZW50cmFsMV9fdXBkYXRlX3Byb2ZpbGU6dmVyc2lvbl8xGIftvaflFiJDcHJvamVjdHMvbW9uaWZ5LTEzODRkL2xvY2F0aW9ucy91cy1jZW50cmFsMS9mdW5jdGlvbnMvdXBkYXRlUHJvZmlsZSoMCMnc+sYGEPi7t7MBMghub2RlanMyMjp2CiNnY3IuaW8vZ2FlLXJ1bnRpbWVzL25vZGVqczIyOnN0YWJsZRJPdXMtY2VudHJhbDEtZG9ja2VyLnBrZy5kZXYvc2VydmVybGVzcy1ydW50aW1lcy9nb29nbGUtMjItZnVsbC9ydW50aW1lcy9ub2RlanMyMkAB","operationType":"CREATE_FUNCTION","buildName":"projects/783109027463/locations/us-central1/builds/82777b05-c7e4-4bb2-8c88-1a1998500aa5"},"done":false}
[debug] [2025-10-02T16:54:39.975Z] Got source token Cldwcm9qZWN0cy83ODMxMDkwMjc0NjMvbG9jYXRpb25zL3VzLWNlbnRyYWwxL2J1aWxkcy84Mjc3N2IwNS1jN2U0LTRiYjItOGM4OC0xYTE5OTg1MDBhYTUSa3VzLWNlbnRyYWwxLWRvY2tlci5wa2cuZGV2L21vbmlmeS0xMzg0ZC9nY2YtYXJ0aWZhY3RzL21vbmlmeS0tMTM4NGRfX3VzLS1jZW50cmFsMV9fdXBkYXRlX3Byb2ZpbGU6dmVyc2lvbl8xGIftvaflFiJDcHJvamVjdHMvbW9uaWZ5LTEzODRkL2xvY2F0aW9ucy91cy1jZW50cmFsMS9mdW5jdGlvbnMvdXBkYXRlUHJvZmlsZSoMCMnc+sYGEPi7t7MBMghub2RlanMyMjp2CiNnY3IuaW8vZ2FlLXJ1bnRpbWVzL25vZGVqczIyOnN0YWJsZRJPdXMtY2VudHJhbDEtZG9ja2VyLnBrZy5kZXYvc2VydmVybGVzcy1ydW50aW1lcy9nb29nbGUtMjItZnVsbC9ydW50aW1lcy9ub2RlanMyMkAB for region us-central1
[debug] [2025-10-02T16:54:39.975Z] Checked if tokens are valid: true, expires at: 1759427532850
[debug] [2025-10-02T16:54:39.975Z] Checked if tokens are valid: true, expires at: 1759427532850
[debug] [2025-10-02T16:54:39.975Z] Checked if tokens are valid: true, expires at: 1759427532850
[debug] [2025-10-02T16:54:39.975Z] Checked if tokens are valid: true, expires at: 1759427532850
[debug] [2025-10-02T16:54:39.975Z] Checked if tokens are valid: true, expires at: 1759427532850
[debug] [2025-10-02T16:54:39.976Z] Checked if tokens are valid: true, expires at: 1759427532850
[debug] [2025-10-02T16:54:39.976Z] Checked if tokens are valid: true, expires at: 1759427532850
[debug] [2025-10-02T16:54:39.976Z] Checked if tokens are valid: true, expires at: 1759427532850
[debug] [2025-10-02T16:54:39.976Z] Checked if tokens are valid: true, expires at: 1759427532850
[debug] [2025-10-02T16:54:39.976Z] Checked if tokens are valid: true, expires at: 1759427532850
[debug] [2025-10-02T16:54:39.976Z] Checked if tokens are valid: true, expires at: 1759427532850
[debug] [2025-10-02T16:54:39.976Z] Checked if tokens are valid: true, expires at: 1759427532850
[debug] [2025-10-02T16:54:39.976Z] Checked if tokens are valid: true, expires at: 1759427532850
[debug] [2025-10-02T16:54:39.976Z] Checked if tokens are valid: true, expires at: 1759427532850
[debug] [2025-10-02T16:54:39.976Z] >>> [apiv2][query] POST https://cloudfunctions.googleapis.com/v2/projects/monify-1384d/locations/us-central1/functions functionId=createCategory
[debug] [2025-10-02T16:54:39.976Z] >>> [apiv2][body] POST https://cloudfunctions.googleapis.com/v2/projects/monify-1384d/locations/us-central1/functions {"name":"projects/monify-1384d/locations/us-central1/functions/createCategory","buildConfig":{"runtime":"nodejs22","entryPoint":"createCategory","source":{"storageSource":{"bucket":"gcf-v2-uploads-783109027463.us-central1.cloudfunctions.appspot.com","object":"419ef1b2-ed34-46e4-95f6-34204629c792.zip"}},"environmentVariables":{"GOOGLE_NODE_RUN_SCRIPTS":""},"sourceToken":"Cldwcm9qZWN0cy83ODMxMDkwMjc0NjMvbG9jYXRpb25zL3VzLWNlbnRyYWwxL2J1aWxkcy84Mjc3N2IwNS1jN2U0LTRiYjItOGM4OC0xYTE5OTg1MDBhYTUSa3VzLWNlbnRyYWwxLWRvY2tlci5wa2cuZGV2L21vbmlmeS0xMzg0ZC9nY2YtYXJ0aWZhY3RzL21vbmlmeS0tMTM4NGRfX3VzLS1jZW50cmFsMV9fdXBkYXRlX3Byb2ZpbGU6dmVyc2lvbl8xGIftvaflFiJDcHJvamVjdHMvbW9uaWZ5LTEzODRkL2xvY2F0aW9ucy91cy1jZW50cmFsMS9mdW5jdGlvbnMvdXBkYXRlUHJvZmlsZSoMCMnc+sYGEPi7t7MBMghub2RlanMyMjp2CiNnY3IuaW8vZ2FlLXJ1bnRpbWVzL25vZGVqczIyOnN0YWJsZRJPdXMtY2VudHJhbDEtZG9ja2VyLnBrZy5kZXYvc2VydmVybGVzcy1ydW50aW1lcy9nb29nbGUtMjItZnVsbC9ydW50aW1lcy9ub2RlanMyMkAB"},"serviceConfig":{"environmentVariables":{"FIREBASE_CONFIG":"{\"projectId\":\"monify-1384d\",\"storageBucket\":\"monify-1384d.firebasestorage.app\"}","GCLOUD_PROJECT":"monify-1384d","EVENTARC_CLOUD_EVENT_SOURCE":"projects/monify-1384d/locations/us-central1/services/createCategory","FUNCTION_TARGET":"createCategory","LOG_EXECUTION_ID":"true"},"ingressSettings":null,"timeoutSeconds":null,"serviceAccountEmail":null,"availableMemory":"256Mi","minInstanceCount":null,"maxInstanceCount":null,"maxInstanceRequestConcurrency":80,"availableCpu":"1","vpcConnector":null,"vpcConnectorEgressSettings":null},"labels":{"deployment-tool":"cli-firebase","deployment-callable":"true","firebase-functions-hash":"c0b78d8feae55a5b4c4dde57911fd078c0b5d0a1"}}
[debug] [2025-10-02T16:54:39.977Z] >>> [apiv2][query] POST https://cloudfunctions.googleapis.com/v2/projects/monify-1384d/locations/us-central1/functions functionId=createExpense
[debug] [2025-10-02T16:54:39.977Z] >>> [apiv2][body] POST https://cloudfunctions.googleapis.com/v2/projects/monify-1384d/locations/us-central1/functions {"name":"projects/monify-1384d/locations/us-central1/functions/createExpense","buildConfig":{"runtime":"nodejs22","entryPoint":"createExpense","source":{"storageSource":{"bucket":"gcf-v2-uploads-783109027463.us-central1.cloudfunctions.appspot.com","object":"419ef1b2-ed34-46e4-95f6-34204629c792.zip"}},"environmentVariables":{"GOOGLE_NODE_RUN_SCRIPTS":""},"sourceToken":"Cldwcm9qZWN0cy83ODMxMDkwMjc0NjMvbG9jYXRpb25zL3VzLWNlbnRyYWwxL2J1aWxkcy84Mjc3N2IwNS1jN2U0LTRiYjItOGM4OC0xYTE5OTg1MDBhYTUSa3VzLWNlbnRyYWwxLWRvY2tlci5wa2cuZGV2L21vbmlmeS0xMzg0ZC9nY2YtYXJ0aWZhY3RzL21vbmlmeS0tMTM4NGRfX3VzLS1jZW50cmFsMV9fdXBkYXRlX3Byb2ZpbGU6dmVyc2lvbl8xGIftvaflFiJDcHJvamVjdHMvbW9uaWZ5LTEzODRkL2xvY2F0aW9ucy91cy1jZW50cmFsMS9mdW5jdGlvbnMvdXBkYXRlUHJvZmlsZSoMCMnc+sYGEPi7t7MBMghub2RlanMyMjp2CiNnY3IuaW8vZ2FlLXJ1bnRpbWVzL25vZGVqczIyOnN0YWJsZRJPdXMtY2VudHJhbDEtZG9ja2VyLnBrZy5kZXYvc2VydmVybGVzcy1ydW50aW1lcy9nb29nbGUtMjItZnVsbC9ydW50aW1lcy9ub2RlanMyMkAB"},"serviceConfig":{"environmentVariables":{"FIREBASE_CONFIG":"{\"projectId\":\"monify-1384d\",\"storageBucket\":\"monify-1384d.firebasestorage.app\"}","GCLOUD_PROJECT":"monify-1384d","EVENTARC_CLOUD_EVENT_SOURCE":"projects/monify-1384d/locations/us-central1/services/createExpense","FUNCTION_TARGET":"createExpense","LOG_EXECUTION_ID":"true"},"ingressSettings":null,"timeoutSeconds":null,"serviceAccountEmail":null,"availableMemory":"256Mi","minInstanceCount":null,"maxInstanceCount":null,"maxInstanceRequestConcurrency":80,"availableCpu":"1","vpcConnector":null,"vpcConnectorEgressSettings":null},"labels":{"deployment-tool":"cli-firebase","deployment-callable":"true","firebase-functions-hash":"c0b78d8feae55a5b4c4dde57911fd078c0b5d0a1"}}
[debug] [2025-10-02T16:54:39.979Z] >>> [apiv2][query] POST https://cloudfunctions.googleapis.com/v2/projects/monify-1384d/locations/us-central1/functions functionId=createIncome
[debug] [2025-10-02T16:54:39.979Z] >>> [apiv2][body] POST https://cloudfunctions.googleapis.com/v2/projects/monify-1384d/locations/us-central1/functions {"name":"projects/monify-1384d/locations/us-central1/functions/createIncome","buildConfig":{"runtime":"nodejs22","entryPoint":"createIncome","source":{"storageSource":{"bucket":"gcf-v2-uploads-783109027463.us-central1.cloudfunctions.appspot.com","object":"419ef1b2-ed34-46e4-95f6-34204629c792.zip"}},"environmentVariables":{"GOOGLE_NODE_RUN_SCRIPTS":""},"sourceToken":"Cldwcm9qZWN0cy83ODMxMDkwMjc0NjMvbG9jYXRpb25zL3VzLWNlbnRyYWwxL2J1aWxkcy84Mjc3N2IwNS1jN2U0LTRiYjItOGM4OC0xYTE5OTg1MDBhYTUSa3VzLWNlbnRyYWwxLWRvY2tlci5wa2cuZGV2L21vbmlmeS0xMzg0ZC9nY2YtYXJ0aWZhY3RzL21vbmlmeS0tMTM4NGRfX3VzLS1jZW50cmFsMV9fdXBkYXRlX3Byb2ZpbGU6dmVyc2lvbl8xGIftvaflFiJDcHJvamVjdHMvbW9uaWZ5LTEzODRkL2xvY2F0aW9ucy91cy1jZW50cmFsMS9mdW5jdGlvbnMvdXBkYXRlUHJvZmlsZSoMCMnc+sYGEPi7t7MBMghub2RlanMyMjp2CiNnY3IuaW8vZ2FlLXJ1bnRpbWVzL25vZGVqczIyOnN0YWJsZRJPdXMtY2VudHJhbDEtZG9ja2VyLnBrZy5kZXYvc2VydmVybGVzcy1ydW50aW1lcy9nb29nbGUtMjItZnVsbC9ydW50aW1lcy9ub2RlanMyMkAB"},"serviceConfig":{"environmentVariables":{"FIREBASE_CONFIG":"{\"projectId\":\"monify-1384d\",\"storageBucket\":\"monify-1384d.firebasestorage.app\"}","GCLOUD_PROJECT":"monify-1384d","EVENTARC_CLOUD_EVENT_SOURCE":"projects/monify-1384d/locations/us-central1/services/createIncome","FUNCTION_TARGET":"createIncome","LOG_EXECUTION_ID":"true"},"ingressSettings":null,"timeoutSeconds":null,"serviceAccountEmail":null,"availableMemory":"256Mi","minInstanceCount":null,"maxInstanceCount":null,"maxInstanceRequestConcurrency":80,"availableCpu":"1","vpcConnector":null,"vpcConnectorEgressSettings":null},"labels":{"deployment-tool":"cli-firebase","deployment-callable":"true","firebase-functions-hash":"c0b78d8feae55a5b4c4dde57911fd078c0b5d0a1"}}
[debug] [2025-10-02T16:54:39.981Z] >>> [apiv2][query] POST https://cloudfunctions.googleapis.com/v2/projects/monify-1384d/locations/us-central1/functions functionId=createGoal
[debug] [2025-10-02T16:54:39.981Z] >>> [apiv2][body] POST https://cloudfunctions.googleapis.com/v2/projects/monify-1384d/locations/us-central1/functions {"name":"projects/monify-1384d/locations/us-central1/functions/createGoal","buildConfig":{"runtime":"nodejs22","entryPoint":"createGoal","source":{"storageSource":{"bucket":"gcf-v2-uploads-783109027463.us-central1.cloudfunctions.appspot.com","object":"419ef1b2-ed34-46e4-95f6-34204629c792.zip"}},"environmentVariables":{"GOOGLE_NODE_RUN_SCRIPTS":""},"sourceToken":"Cldwcm9qZWN0cy83ODMxMDkwMjc0NjMvbG9jYXRpb25zL3VzLWNlbnRyYWwxL2J1aWxkcy84Mjc3N2IwNS1jN2U0LTRiYjItOGM4OC0xYTE5OTg1MDBhYTUSa3VzLWNlbnRyYWwxLWRvY2tlci5wa2cuZGV2L21vbmlmeS0xMzg0ZC9nY2YtYXJ0aWZhY3RzL21vbmlmeS0tMTM4NGRfX3VzLS1jZW50cmFsMV9fdXBkYXRlX3Byb2ZpbGU6dmVyc2lvbl8xGIftvaflFiJDcHJvamVjdHMvbW9uaWZ5LTEzODRkL2xvY2F0aW9ucy91cy1jZW50cmFsMS9mdW5jdGlvbnMvdXBkYXRlUHJvZmlsZSoMCMnc+sYGEPi7t7MBMghub2RlanMyMjp2CiNnY3IuaW8vZ2FlLXJ1bnRpbWVzL25vZGVqczIyOnN0YWJsZRJPdXMtY2VudHJhbDEtZG9ja2VyLnBrZy5kZXYvc2VydmVybGVzcy1ydW50aW1lcy9nb29nbGUtMjItZnVsbC9ydW50aW1lcy9ub2RlanMyMkAB"},"serviceConfig":{"environmentVariables":{"FIREBASE_CONFIG":"{\"projectId\":\"monify-1384d\",\"storageBucket\":\"monify-1384d.firebasestorage.app\"}","GCLOUD_PROJECT":"monify-1384d","EVENTARC_CLOUD_EVENT_SOURCE":"projects/monify-1384d/locations/us-central1/services/createGoal","FUNCTION_TARGET":"createGoal","LOG_EXECUTION_ID":"true"},"ingressSettings":null,"timeoutSeconds":null,"serviceAccountEmail":null,"availableMemory":"256Mi","minInstanceCount":null,"maxInstanceCount":null,"maxInstanceRequestConcurrency":80,"availableCpu":"1","vpcConnector":null,"vpcConnectorEgressSettings":null},"labels":{"deployment-tool":"cli-firebase","deployment-callable":"true","firebase-functions-hash":"c0b78d8feae55a5b4c4dde57911fd078c0b5d0a1"}}
[debug] [2025-10-02T16:54:39.983Z] >>> [apiv2][query] POST https://cloudfunctions.googleapis.com/v2/projects/monify-1384d/locations/us-central1/functions functionId=updateGoalProgress
[debug] [2025-10-02T16:54:39.983Z] >>> [apiv2][body] POST https://cloudfunctions.googleapis.com/v2/projects/monify-1384d/locations/us-central1/functions {"name":"projects/monify-1384d/locations/us-central1/functions/updateGoalProgress","buildConfig":{"runtime":"nodejs22","entryPoint":"updateGoalProgress","source":{"storageSource":{"bucket":"gcf-v2-uploads-783109027463.us-central1.cloudfunctions.appspot.com","object":"419ef1b2-ed34-46e4-95f6-34204629c792.zip"}},"environmentVariables":{"GOOGLE_NODE_RUN_SCRIPTS":""},"sourceToken":"Cldwcm9qZWN0cy83ODMxMDkwMjc0NjMvbG9jYXRpb25zL3VzLWNlbnRyYWwxL2J1aWxkcy84Mjc3N2IwNS1jN2U0LTRiYjItOGM4OC0xYTE5OTg1MDBhYTUSa3VzLWNlbnRyYWwxLWRvY2tlci5wa2cuZGV2L21vbmlmeS0xMzg0ZC9nY2YtYXJ0aWZhY3RzL21vbmlmeS0tMTM4NGRfX3VzLS1jZW50cmFsMV9fdXBkYXRlX3Byb2ZpbGU6dmVyc2lvbl8xGIftvaflFiJDcHJvamVjdHMvbW9uaWZ5LTEzODRkL2xvY2F0aW9ucy91cy1jZW50cmFsMS9mdW5jdGlvbnMvdXBkYXRlUHJvZmlsZSoMCMnc+sYGEPi7t7MBMghub2RlanMyMjp2CiNnY3IuaW8vZ2FlLXJ1bnRpbWVzL25vZGVqczIyOnN0YWJsZRJPdXMtY2VudHJhbDEtZG9ja2VyLnBrZy5kZXYvc2VydmVybGVzcy1ydW50aW1lcy9nb29nbGUtMjItZnVsbC9ydW50aW1lcy9ub2RlanMyMkAB"},"serviceConfig":{"environmentVariables":{"FIREBASE_CONFIG":"{\"projectId\":\"monify-1384d\",\"storageBucket\":\"monify-1384d.firebasestorage.app\"}","GCLOUD_PROJECT":"monify-1384d","EVENTARC_CLOUD_EVENT_SOURCE":"projects/monify-1384d/locations/us-central1/services/updateGoalProgress","FUNCTION_TARGET":"updateGoalProgress","LOG_EXECUTION_ID":"true"},"ingressSettings":null,"timeoutSeconds":null,"serviceAccountEmail":null,"availableMemory":"256Mi","minInstanceCount":null,"maxInstanceCount":null,"maxInstanceRequestConcurrency":80,"availableCpu":"1","vpcConnector":null,"vpcConnectorEgressSettings":null},"labels":{"deployment-tool":"cli-firebase","deployment-callable":"true","firebase-functions-hash":"c0b78d8feae55a5b4c4dde57911fd078c0b5d0a1"}}
[debug] [2025-10-02T16:54:39.985Z] >>> [apiv2][query] POST https://cloudfunctions.googleapis.com/v2/projects/monify-1384d/locations/us-central1/functions functionId=getMonthlySummary
[debug] [2025-10-02T16:54:39.985Z] >>> [apiv2][body] POST https://cloudfunctions.googleapis.com/v2/projects/monify-1384d/locations/us-central1/functions {"name":"projects/monify-1384d/locations/us-central1/functions/getMonthlySummary","buildConfig":{"runtime":"nodejs22","entryPoint":"getMonthlySummary","source":{"storageSource":{"bucket":"gcf-v2-uploads-783109027463.us-central1.cloudfunctions.appspot.com","object":"419ef1b2-ed34-46e4-95f6-34204629c792.zip"}},"environmentVariables":{"GOOGLE_NODE_RUN_SCRIPTS":""},"sourceToken":"Cldwcm9qZWN0cy83ODMxMDkwMjc0NjMvbG9jYXRpb25zL3VzLWNlbnRyYWwxL2J1aWxkcy84Mjc3N2IwNS1jN2U0LTRiYjItOGM4OC0xYTE5OTg1MDBhYTUSa3VzLWNlbnRyYWwxLWRvY2tlci5wa2cuZGV2L21vbmlmeS0xMzg0ZC9nY2YtYXJ0aWZhY3RzL21vbmlmeS0tMTM4NGRfX3VzLS1jZW50cmFsMV9fdXBkYXRlX3Byb2ZpbGU6dmVyc2lvbl8xGIftvaflFiJDcHJvamVjdHMvbW9uaWZ5LTEzODRkL2xvY2F0aW9ucy91cy1jZW50cmFsMS9mdW5jdGlvbnMvdXBkYXRlUHJvZmlsZSoMCMnc+sYGEPi7t7MBMghub2RlanMyMjp2CiNnY3IuaW8vZ2FlLXJ1bnRpbWVzL25vZGVqczIyOnN0YWJsZRJPdXMtY2VudHJhbDEtZG9ja2VyLnBrZy5kZXYvc2VydmVybGVzcy1ydW50aW1lcy9nb29nbGUtMjItZnVsbC9ydW50aW1lcy9ub2RlanMyMkAB"},"serviceConfig":{"environmentVariables":{"FIREBASE_CONFIG":"{\"projectId\":\"monify-1384d\",\"storageBucket\":\"monify-1384d.firebasestorage.app\"}","GCLOUD_PROJECT":"monify-1384d","EVENTARC_CLOUD_EVENT_SOURCE":"projects/monify-1384d/locations/us-central1/services/getMonthlySummary","FUNCTION_TARGET":"getMonthlySummary","LOG_EXECUTION_ID":"true"},"ingressSettings":null,"timeoutSeconds":null,"serviceAccountEmail":null,"availableMemory":"256Mi","minInstanceCount":null,"maxInstanceCount":null,"maxInstanceRequestConcurrency":80,"availableCpu":"1","vpcConnector":null,"vpcConnectorEgressSettings":null},"labels":{"deployment-tool":"cli-firebase","deployment-callable":"true","firebase-functions-hash":"c0b78d8feae55a5b4c4dde57911fd078c0b5d0a1"}}
[debug] [2025-10-02T16:54:39.987Z] >>> [apiv2][query] POST https://cloudfunctions.googleapis.com/v2/projects/monify-1384d/locations/us-central1/functions functionId=getGoalProgressSummary
[debug] [2025-10-02T16:54:39.987Z] >>> [apiv2][body] POST https://cloudfunctions.googleapis.com/v2/projects/monify-1384d/locations/us-central1/functions {"name":"projects/monify-1384d/locations/us-central1/functions/getGoalProgressSummary","buildConfig":{"runtime":"nodejs22","entryPoint":"getGoalProgressSummary","source":{"storageSource":{"bucket":"gcf-v2-uploads-783109027463.us-central1.cloudfunctions.appspot.com","object":"419ef1b2-ed34-46e4-95f6-34204629c792.zip"}},"environmentVariables":{"GOOGLE_NODE_RUN_SCRIPTS":""},"sourceToken":"Cldwcm9qZWN0cy83ODMxMDkwMjc0NjMvbG9jYXRpb25zL3VzLWNlbnRyYWwxL2J1aWxkcy84Mjc3N2IwNS1jN2U0LTRiYjItOGM4OC0xYTE5OTg1MDBhYTUSa3VzLWNlbnRyYWwxLWRvY2tlci5wa2cuZGV2L21vbmlmeS0xMzg0ZC9nY2YtYXJ0aWZhY3RzL21vbmlmeS0tMTM4NGRfX3VzLS1jZW50cmFsMV9fdXBkYXRlX3Byb2ZpbGU6dmVyc2lvbl8xGIftvaflFiJDcHJvamVjdHMvbW9uaWZ5LTEzODRkL2xvY2F0aW9ucy91cy1jZW50cmFsMS9mdW5jdGlvbnMvdXBkYXRlUHJvZmlsZSoMCMnc+sYGEPi7t7MBMghub2RlanMyMjp2CiNnY3IuaW8vZ2FlLXJ1bnRpbWVzL25vZGVqczIyOnN0YWJsZRJPdXMtY2VudHJhbDEtZG9ja2VyLnBrZy5kZXYvc2VydmVybGVzcy1ydW50aW1lcy9nb29nbGUtMjItZnVsbC9ydW50aW1lcy9ub2RlanMyMkAB"},"serviceConfig":{"environmentVariables":{"FIREBASE_CONFIG":"{\"projectId\":\"monify-1384d\",\"storageBucket\":\"monify-1384d.firebasestorage.app\"}","GCLOUD_PROJECT":"monify-1384d","EVENTARC_CLOUD_EVENT_SOURCE":"projects/monify-1384d/locations/us-central1/services/getGoalProgressSummary","FUNCTION_TARGET":"getGoalProgressSummary","LOG_EXECUTION_ID":"true"},"ingressSettings":null,"timeoutSeconds":null,"serviceAccountEmail":null,"availableMemory":"256Mi","minInstanceCount":null,"maxInstanceCount":null,"maxInstanceRequestConcurrency":80,"availableCpu":"1","vpcConnector":null,"vpcConnectorEgressSettings":null},"labels":{"deployment-tool":"cli-firebase","deployment-callable":"true","firebase-functions-hash":"c0b78d8feae55a5b4c4dde57911fd078c0b5d0a1"}}
[debug] [2025-10-02T16:54:40.902Z] <<< [apiv2][status] POST https://cloudfunctions.googleapis.com/v2/projects/monify-1384d/locations/us-central1/functions 200
[debug] [2025-10-02T16:54:40.903Z] <<< [apiv2][body] POST https://cloudfunctions.googleapis.com/v2/projects/monify-1384d/locations/us-central1/functions {"name":"projects/monify-1384d/locations/us-central1/operations/operation-1759424079827-6402fd74991eb-1c9caca7-d015f9ee","metadata":{"@type":"type.googleapis.com/google.cloud.functions.v2.OperationMetadata","createTime":"2025-10-02T16:54:40.291453169Z","target":"projects/monify-1384d/locations/us-central1/functions/createIncome","verb":"create","cancelRequested":false,"apiVersion":"v2"},"done":false}
[debug] [2025-10-02T16:54:40.903Z] Checked if tokens are valid: true, expires at: 1759427532850
[debug] [2025-10-02T16:54:40.903Z] Checked if tokens are valid: true, expires at: 1759427532850
[debug] [2025-10-02T16:54:40.903Z] >>> [apiv2][query] GET https://cloudfunctions.googleapis.com/v2/projects/monify-1384d/locations/us-central1/operations/operation-1759424079827-6402fd74991eb-1c9caca7-d015f9ee [none]
[debug] [2025-10-02T16:54:40.904Z] <<< [apiv2][status] POST https://cloudfunctions.googleapis.com/v2/projects/monify-1384d/locations/us-central1/functions 200
[debug] [2025-10-02T16:54:40.904Z] <<< [apiv2][body] POST https://cloudfunctions.googleapis.com/v2/projects/monify-1384d/locations/us-central1/functions {"name":"projects/monify-1384d/locations/us-central1/operations/operation-1759424079808-6402fd74947ff-6b87e780-103c1f6e","metadata":{"@type":"type.googleapis.com/google.cloud.functions.v2.OperationMetadata","createTime":"2025-10-02T16:54:40.267072686Z","target":"projects/monify-1384d/locations/us-central1/functions/createGoal","verb":"create","cancelRequested":false,"apiVersion":"v2"},"done":false}
[debug] [2025-10-02T16:54:40.904Z] Checked if tokens are valid: true, expires at: 1759427532850
[debug] [2025-10-02T16:54:40.904Z] Checked if tokens are valid: true, expires at: 1759427532850
[debug] [2025-10-02T16:54:40.904Z] >>> [apiv2][query] GET https://cloudfunctions.googleapis.com/v2/projects/monify-1384d/locations/us-central1/operations/operation-1759424079808-6402fd74947ff-6b87e780-103c1f6e [none]
[debug] [2025-10-02T16:54:40.905Z] <<< [apiv2][status] POST https://cloudfunctions.googleapis.com/v2/projects/monify-1384d/locations/us-central1/functions 200
[debug] [2025-10-02T16:54:40.905Z] <<< [apiv2][body] POST https://cloudfunctions.googleapis.com/v2/projects/monify-1384d/locations/us-central1/functions {"name":"projects/monify-1384d/locations/us-central1/operations/operation-1759424079812-6402fd74957db-a48719b1-70f5e374","metadata":{"@type":"type.googleapis.com/google.cloud.functions.v2.OperationMetadata","createTime":"2025-10-02T16:54:40.299667718Z","target":"projects/monify-1384d/locations/us-central1/functions/createExpense","verb":"create","cancelRequested":false,"apiVersion":"v2"},"done":false}
[debug] [2025-10-02T16:54:40.905Z] Checked if tokens are valid: true, expires at: 1759427532850
[debug] [2025-10-02T16:54:40.905Z] Checked if tokens are valid: true, expires at: 1759427532850
[debug] [2025-10-02T16:54:40.905Z] >>> [apiv2][query] GET https://cloudfunctions.googleapis.com/v2/projects/monify-1384d/locations/us-central1/operations/operation-1759424079812-6402fd74957db-a48719b1-70f5e374 [none]
[debug] [2025-10-02T16:54:40.906Z] <<< [apiv2][status] POST https://cloudfunctions.googleapis.com/v2/projects/monify-1384d/locations/us-central1/functions 200
[debug] [2025-10-02T16:54:40.906Z] <<< [apiv2][body] POST https://cloudfunctions.googleapis.com/v2/projects/monify-1384d/locations/us-central1/functions {"name":"projects/monify-1384d/locations/us-central1/operations/operation-1759424079828-6402fd7499420-213634f8-9bae3fbe","metadata":{"@type":"type.googleapis.com/google.cloud.functions.v2.OperationMetadata","createTime":"2025-10-02T16:54:40.310897607Z","target":"projects/monify-1384d/locations/us-central1/functions/getMonthlySummary","verb":"create","cancelRequested":false,"apiVersion":"v2"},"done":false}
[debug] [2025-10-02T16:54:40.906Z] Checked if tokens are valid: true, expires at: 1759427532850
[debug] [2025-10-02T16:54:40.906Z] Checked if tokens are valid: true, expires at: 1759427532850
[debug] [2025-10-02T16:54:40.906Z] >>> [apiv2][query] GET https://cloudfunctions.googleapis.com/v2/projects/monify-1384d/locations/us-central1/operations/operation-1759424079828-6402fd7499420-213634f8-9bae3fbe [none]
[debug] [2025-10-02T16:54:40.907Z] <<< [apiv2][status] POST https://cloudfunctions.googleapis.com/v2/projects/monify-1384d/locations/us-central1/functions 200
[debug] [2025-10-02T16:54:40.907Z] <<< [apiv2][body] POST https://cloudfunctions.googleapis.com/v2/projects/monify-1384d/locations/us-central1/functions {"name":"projects/monify-1384d/locations/us-central1/operations/operation-1759424079814-6402fd749613f-7662d2a2-581d2da4","metadata":{"@type":"type.googleapis.com/google.cloud.functions.v2.OperationMetadata","createTime":"2025-10-02T16:54:40.278005720Z","target":"projects/monify-1384d/locations/us-central1/functions/updateGoalProgress","verb":"create","cancelRequested":false,"apiVersion":"v2"},"done":false}
[debug] [2025-10-02T16:54:40.907Z] Checked if tokens are valid: true, expires at: 1759427532850
[debug] [2025-10-02T16:54:40.907Z] Checked if tokens are valid: true, expires at: 1759427532850
[debug] [2025-10-02T16:54:40.908Z] >>> [apiv2][query] GET https://cloudfunctions.googleapis.com/v2/projects/monify-1384d/locations/us-central1/operations/operation-1759424079814-6402fd749613f-7662d2a2-581d2da4 [none]
[debug] [2025-10-02T16:54:40.910Z] <<< [apiv2][status] POST https://cloudfunctions.googleapis.com/v2/projects/monify-1384d/locations/us-central1/functions 200
[debug] [2025-10-02T16:54:40.910Z] <<< [apiv2][body] POST https://cloudfunctions.googleapis.com/v2/projects/monify-1384d/locations/us-central1/functions {"name":"projects/monify-1384d/locations/us-central1/operations/operation-1759424079724-6402fd74800ab-afe514bd-5b98ddfb","metadata":{"@type":"type.googleapis.com/google.cloud.functions.v2.OperationMetadata","createTime":"2025-10-02T16:54:40.195572935Z","target":"projects/monify-1384d/locations/us-central1/functions/createCategory","verb":"create","cancelRequested":false,"apiVersion":"v2"},"done":false}
[debug] [2025-10-02T16:54:40.911Z] Checked if tokens are valid: true, expires at: 1759427532850
[debug] [2025-10-02T16:54:40.911Z] Checked if tokens are valid: true, expires at: 1759427532850
[debug] [2025-10-02T16:54:40.911Z] >>> [apiv2][query] GET https://cloudfunctions.googleapis.com/v2/projects/monify-1384d/locations/us-central1/operations/operation-1759424079724-6402fd74800ab-afe514bd-5b98ddfb [none]
[debug] [2025-10-02T16:54:40.912Z] <<< [apiv2][status] POST https://cloudfunctions.googleapis.com/v2/projects/monify-1384d/locations/us-central1/functions 200
[debug] [2025-10-02T16:54:40.912Z] <<< [apiv2][body] POST https://cloudfunctions.googleapis.com/v2/projects/monify-1384d/locations/us-central1/functions {"name":"projects/monify-1384d/locations/us-central1/operations/operation-1759424079815-6402fd749620c-196af513-57866773","metadata":{"@type":"type.googleapis.com/google.cloud.functions.v2.OperationMetadata","createTime":"2025-10-02T16:54:40.300714210Z","target":"projects/monify-1384d/locations/us-central1/functions/getGoalProgressSummary","verb":"create","cancelRequested":false,"apiVersion":"v2"},"done":false}
[debug] [2025-10-02T16:54:40.912Z] Checked if tokens are valid: true, expires at: 1759427532850
[debug] [2025-10-02T16:54:40.912Z] Checked if tokens are valid: true, expires at: 1759427532850
[debug] [2025-10-02T16:54:40.912Z] >>> [apiv2][query] GET https://cloudfunctions.googleapis.com/v2/projects/monify-1384d/locations/us-central1/operations/operation-1759424079815-6402fd749620c-196af513-57866773 [none]
[debug] [2025-10-02T16:54:41.059Z] <<< [apiv2][status] GET https://cloudfunctions.googleapis.com/v2/projects/monify-1384d/locations/us-central1/operations/operation-1759424079812-6402fd74957db-a48719b1-70f5e374 200
[debug] [2025-10-02T16:54:41.060Z] <<< [apiv2][body] GET https://cloudfunctions.googleapis.com/v2/projects/monify-1384d/locations/us-central1/operations/operation-1759424079812-6402fd74957db-a48719b1-70f5e374 {"name":"projects/monify-1384d/locations/us-central1/operations/operation-1759424079812-6402fd74957db-a48719b1-70f5e374","metadata":{"@type":"type.googleapis.com/google.cloud.functions.v2.OperationMetadata","createTime":"2025-10-02T16:54:40.299667718Z","target":"projects/monify-1384d/locations/us-central1/functions/createExpense","verb":"create","cancelRequested":false,"apiVersion":"v2"},"done":false}
[debug] [2025-10-02T16:54:41.188Z] <<< [apiv2][status] GET https://cloudfunctions.googleapis.com/v2/projects/monify-1384d/locations/us-central1/operations/operation-1759424079808-6402fd74947ff-6b87e780-103c1f6e 200
[debug] [2025-10-02T16:54:41.188Z] <<< [apiv2][body] GET https://cloudfunctions.googleapis.com/v2/projects/monify-1384d/locations/us-central1/operations/operation-1759424079808-6402fd74947ff-6b87e780-103c1f6e {"name":"projects/monify-1384d/locations/us-central1/operations/operation-1759424079808-6402fd74947ff-6b87e780-103c1f6e","metadata":{"@type":"type.googleapis.com/google.cloud.functions.v2.OperationMetadata","createTime":"2025-10-02T16:54:40.267072686Z","target":"projects/monify-1384d/locations/us-central1/functions/createGoal","verb":"create","cancelRequested":false,"apiVersion":"v2","requestResource":{"@type":"type.googleapis.com/google.cloud.functions.v2.Function","name":"projects/monify-1384d/locations/us-central1/functions/createGoal","buildConfig":{"runtime":"nodejs22","entryPoint":"createGoal","source":{"storageSource":{"bucket":"gcf-v2-sources-783109027463-us-central1","object":"createGoal/function-source.zip","generation":"1759424080029850"}},"environmentVariables":{"GOOGLE_NODE_RUN_SCRIPTS":""},"sourceToken":"Cldwcm9qZWN0cy83ODMxMDkwMjc0NjMvbG9jYXRpb25zL3VzLWNlbnRyYWwxL2J1aWxkcy84Mjc3N2IwNS1jN2U0LTRiYjItOGM4OC0xYTE5OTg1MDBhYTUSa3VzLWNlbnRyYWwxLWRvY2tlci5wa2cuZGV2L21vbmlmeS0xMzg0ZC9nY2YtYXJ0aWZhY3RzL21vbmlmeS0tMTM4NGRfX3VzLS1jZW50cmFsMV9fdXBkYXRlX3Byb2ZpbGU6dmVyc2lvbl8xGIftvaflFiJDcHJvamVjdHMvbW9uaWZ5LTEzODRkL2xvY2F0aW9ucy91cy1jZW50cmFsMS9mdW5jdGlvbnMvdXBkYXRlUHJvZmlsZSoMCMnc+sYGEPi7t7MBMghub2RlanMyMjp2CiNnY3IuaW8vZ2FlLXJ1bnRpbWVzL25vZGVqczIyOnN0YWJsZRJPdXMtY2VudHJhbDEtZG9ja2VyLnBrZy5kZXYvc2VydmVybGVzcy1ydW50aW1lcy9nb29nbGUtMjItZnVsbC9ydW50aW1lcy9ub2RlanMyMkAB","serviceAccount":"projects/monify-1384d/serviceAccounts/783109027463-compute@developer.gserviceaccount.com","automaticUpdatePolicy":{}},"serviceConfig":{"service":"projects/monify-1384d/locations/us-central1/services/creategoal","timeoutSeconds":60,"environmentVariables":{"FIREBASE_CONFIG":"{\"projectId\":\"monify-1384d\",\"storageBucket\":\"monify-1384d.firebasestorage.app\"}","GCLOUD_PROJECT":"monify-1384d","EVENTARC_CLOUD_EVENT_SOURCE":"projects/monify-1384d/locations/us-central1/services/createGoal","FUNCTION_TARGET":"createGoal","LOG_EXECUTION_ID":"true","FUNCTION_SIGNATURE_TYPE":"http"},"ingressSettings":"ALLOW_ALL","serviceAccountEmail":"783109027463-compute@developer.gserviceaccount.com","availableMemory":"256Mi","maxInstanceRequestConcurrency":80,"availableCpu":"1"},"labels":{"deployment-tool":"cli-firebase","deployment-callable":"true","firebase-functions-hash":"c0b78d8feae55a5b4c4dde57911fd078c0b5d0a1"},"environment":"GEN_2"},"stages":[{"name":"BUILD","message":"Reusing build","state":"COMPLETE","resource":"projects/783109027463/locations/us-central1/builds/82777b05-c7e4-4bb2-8c88-1a1998500aa5"},{"name":"SERVICE","state":"NOT_STARTED"}],"sourceToken":"Cldwcm9qZWN0cy83ODMxMDkwMjc0NjMvbG9jYXRpb25zL3VzLWNlbnRyYWwxL2J1aWxkcy84Mjc3N2IwNS1jN2U0LTRiYjItOGM4OC0xYTE5OTg1MDBhYTUSa3VzLWNlbnRyYWwxLWRvY2tlci5wa2cuZGV2L21vbmlmeS0xMzg0ZC9nY2YtYXJ0aWZhY3RzL21vbmlmeS0tMTM4NGRfX3VzLS1jZW50cmFsMV9fdXBkYXRlX3Byb2ZpbGU6dmVyc2lvbl8xGIftvaflFiJDcHJvamVjdHMvbW9uaWZ5LTEzODRkL2xvY2F0aW9ucy91cy1jZW50cmFsMS9mdW5jdGlvbnMvdXBkYXRlUHJvZmlsZSoMCMnc+sYGEPi7t7MBMghub2RlanMyMjp2CiNnY3IuaW8vZ2FlLXJ1bnRpbWVzL25vZGVqczIyOnN0YWJsZRJPdXMtY2VudHJhbDEtZG9ja2VyLnBrZy5kZXYvc2VydmVybGVzcy1ydW50aW1lcy9nb29nbGUtMjItZnVsbC9ydW50aW1lcy9ub2RlanMyMkAB","operationType":"CREATE_FUNCTION","buildName":"projects/783109027463/locations/us-central1/builds/82777b05-c7e4-4bb2-8c88-1a1998500aa5"},"done":false}
[debug] [2025-10-02T16:54:41.188Z] Got source token Cldwcm9qZWN0cy83ODMxMDkwMjc0NjMvbG9jYXRpb25zL3VzLWNlbnRyYWwxL2J1aWxkcy84Mjc3N2IwNS1jN2U0LTRiYjItOGM4OC0xYTE5OTg1MDBhYTUSa3VzLWNlbnRyYWwxLWRvY2tlci5wa2cuZGV2L21vbmlmeS0xMzg0ZC9nY2YtYXJ0aWZhY3RzL21vbmlmeS0tMTM4NGRfX3VzLS1jZW50cmFsMV9fdXBkYXRlX3Byb2ZpbGU6dmVyc2lvbl8xGIftvaflFiJDcHJvamVjdHMvbW9uaWZ5LTEzODRkL2xvY2F0aW9ucy91cy1jZW50cmFsMS9mdW5jdGlvbnMvdXBkYXRlUHJvZmlsZSoMCMnc+sYGEPi7t7MBMghub2RlanMyMjp2CiNnY3IuaW8vZ2FlLXJ1bnRpbWVzL25vZGVqczIyOnN0YWJsZRJPdXMtY2VudHJhbDEtZG9ja2VyLnBrZy5kZXYvc2VydmVybGVzcy1ydW50aW1lcy9nb29nbGUtMjItZnVsbC9ydW50aW1lcy9ub2RlanMyMkAB for region us-central1
[debug] [2025-10-02T16:54:41.191Z] <<< [apiv2][status] GET https://cloudfunctions.googleapis.com/v2/projects/monify-1384d/locations/us-central1/operations/operation-1759424079827-6402fd74991eb-1c9caca7-d015f9ee 200
[debug] [2025-10-02T16:54:41.191Z] <<< [apiv2][body] GET https://cloudfunctions.googleapis.com/v2/projects/monify-1384d/locations/us-central1/operations/operation-1759424079827-6402fd74991eb-1c9caca7-d015f9ee {"name":"projects/monify-1384d/locations/us-central1/operations/operation-1759424079827-6402fd74991eb-1c9caca7-d015f9ee","metadata":{"@type":"type.googleapis.com/google.cloud.functions.v2.OperationMetadata","createTime":"2025-10-02T16:54:40.291453169Z","target":"projects/monify-1384d/locations/us-central1/functions/createIncome","verb":"create","cancelRequested":false,"apiVersion":"v2","requestResource":{"@type":"type.googleapis.com/google.cloud.functions.v2.Function","name":"projects/monify-1384d/locations/us-central1/functions/createIncome","buildConfig":{"runtime":"nodejs22","entryPoint":"createIncome","source":{"storageSource":{"bucket":"gcf-v2-sources-783109027463-us-central1","object":"createIncome/function-source.zip","generation":"1759424080080315"}},"environmentVariables":{"GOOGLE_NODE_RUN_SCRIPTS":""},"sourceToken":"Cldwcm9qZWN0cy83ODMxMDkwMjc0NjMvbG9jYXRpb25zL3VzLWNlbnRyYWwxL2J1aWxkcy84Mjc3N2IwNS1jN2U0LTRiYjItOGM4OC0xYTE5OTg1MDBhYTUSa3VzLWNlbnRyYWwxLWRvY2tlci5wa2cuZGV2L21vbmlmeS0xMzg0ZC9nY2YtYXJ0aWZhY3RzL21vbmlmeS0tMTM4NGRfX3VzLS1jZW50cmFsMV9fdXBkYXRlX3Byb2ZpbGU6dmVyc2lvbl8xGIftvaflFiJDcHJvamVjdHMvbW9uaWZ5LTEzODRkL2xvY2F0aW9ucy91cy1jZW50cmFsMS9mdW5jdGlvbnMvdXBkYXRlUHJvZmlsZSoMCMnc+sYGEPi7t7MBMghub2RlanMyMjp2CiNnY3IuaW8vZ2FlLXJ1bnRpbWVzL25vZGVqczIyOnN0YWJsZRJPdXMtY2VudHJhbDEtZG9ja2VyLnBrZy5kZXYvc2VydmVybGVzcy1ydW50aW1lcy9nb29nbGUtMjItZnVsbC9ydW50aW1lcy9ub2RlanMyMkAB","serviceAccount":"projects/monify-1384d/serviceAccounts/783109027463-compute@developer.gserviceaccount.com","automaticUpdatePolicy":{}},"serviceConfig":{"service":"projects/monify-1384d/locations/us-central1/services/createincome","timeoutSeconds":60,"environmentVariables":{"FIREBASE_CONFIG":"{\"projectId\":\"monify-1384d\",\"storageBucket\":\"monify-1384d.firebasestorage.app\"}","GCLOUD_PROJECT":"monify-1384d","EVENTARC_CLOUD_EVENT_SOURCE":"projects/monify-1384d/locations/us-central1/services/createIncome","FUNCTION_TARGET":"createIncome","LOG_EXECUTION_ID":"true","FUNCTION_SIGNATURE_TYPE":"http"},"ingressSettings":"ALLOW_ALL","serviceAccountEmail":"783109027463-compute@developer.gserviceaccount.com","availableMemory":"256Mi","maxInstanceRequestConcurrency":80,"availableCpu":"1"},"labels":{"deployment-tool":"cli-firebase","deployment-callable":"true","firebase-functions-hash":"c0b78d8feae55a5b4c4dde57911fd078c0b5d0a1"},"environment":"GEN_2"},"stages":[{"name":"BUILD","message":"Reusing build","state":"COMPLETE","resource":"projects/783109027463/locations/us-central1/builds/82777b05-c7e4-4bb2-8c88-1a1998500aa5"},{"name":"SERVICE","state":"NOT_STARTED"}],"sourceToken":"Cldwcm9qZWN0cy83ODMxMDkwMjc0NjMvbG9jYXRpb25zL3VzLWNlbnRyYWwxL2J1aWxkcy84Mjc3N2IwNS1jN2U0LTRiYjItOGM4OC0xYTE5OTg1MDBhYTUSa3VzLWNlbnRyYWwxLWRvY2tlci5wa2cuZGV2L21vbmlmeS0xMzg0ZC9nY2YtYXJ0aWZhY3RzL21vbmlmeS0tMTM4NGRfX3VzLS1jZW50cmFsMV9fdXBkYXRlX3Byb2ZpbGU6dmVyc2lvbl8xGIftvaflFiJDcHJvamVjdHMvbW9uaWZ5LTEzODRkL2xvY2F0aW9ucy91cy1jZW50cmFsMS9mdW5jdGlvbnMvdXBkYXRlUHJvZmlsZSoMCMnc+sYGEPi7t7MBMghub2RlanMyMjp2CiNnY3IuaW8vZ2FlLXJ1bnRpbWVzL25vZGVqczIyOnN0YWJsZRJPdXMtY2VudHJhbDEtZG9ja2VyLnBrZy5kZXYvc2VydmVybGVzcy1ydW50aW1lcy9nb29nbGUtMjItZnVsbC9ydW50aW1lcy9ub2RlanMyMkAB","operationType":"CREATE_FUNCTION","buildName":"projects/783109027463/locations/us-central1/builds/82777b05-c7e4-4bb2-8c88-1a1998500aa5"},"done":false}
[debug] [2025-10-02T16:54:41.191Z] Got source token Cldwcm9qZWN0cy83ODMxMDkwMjc0NjMvbG9jYXRpb25zL3VzLWNlbnRyYWwxL2J1aWxkcy84Mjc3N2IwNS1jN2U0LTRiYjItOGM4OC0xYTE5OTg1MDBhYTUSa3VzLWNlbnRyYWwxLWRvY2tlci5wa2cuZGV2L21vbmlmeS0xMzg0ZC9nY2YtYXJ0aWZhY3RzL21vbmlmeS0tMTM4NGRfX3VzLS1jZW50cmFsMV9fdXBkYXRlX3Byb2ZpbGU6dmVyc2lvbl8xGIftvaflFiJDcHJvamVjdHMvbW9uaWZ5LTEzODRkL2xvY2F0aW9ucy91cy1jZW50cmFsMS9mdW5jdGlvbnMvdXBkYXRlUHJvZmlsZSoMCMnc+sYGEPi7t7MBMghub2RlanMyMjp2CiNnY3IuaW8vZ2FlLXJ1bnRpbWVzL25vZGVqczIyOnN0YWJsZRJPdXMtY2VudHJhbDEtZG9ja2VyLnBrZy5kZXYvc2VydmVybGVzcy1ydW50aW1lcy9nb29nbGUtMjItZnVsbC9ydW50aW1lcy9ub2RlanMyMkAB for region us-central1
[debug] [2025-10-02T16:54:41.192Z] <<< [apiv2][status] GET https://cloudfunctions.googleapis.com/v2/projects/monify-1384d/locations/us-central1/operations/operation-1759424079814-6402fd749613f-7662d2a2-581d2da4 200
[debug] [2025-10-02T16:54:41.192Z] <<< [apiv2][body] GET https://cloudfunctions.googleapis.com/v2/projects/monify-1384d/locations/us-central1/operations/operation-1759424079814-6402fd749613f-7662d2a2-581d2da4 {"name":"projects/monify-1384d/locations/us-central1/operations/operation-1759424079814-6402fd749613f-7662d2a2-581d2da4","metadata":{"@type":"type.googleapis.com/google.cloud.functions.v2.OperationMetadata","createTime":"2025-10-02T16:54:40.278005720Z","target":"projects/monify-1384d/locations/us-central1/functions/updateGoalProgress","verb":"create","cancelRequested":false,"apiVersion":"v2","requestResource":{"@type":"type.googleapis.com/google.cloud.functions.v2.Function","name":"projects/monify-1384d/locations/us-central1/functions/updateGoalProgress","buildConfig":{"runtime":"nodejs22","entryPoint":"updateGoalProgress","source":{"storageSource":{"bucket":"gcf-v2-sources-783109027463-us-central1","object":"updateGoalProgress/function-source.zip","generation":"1759424080060524"}},"environmentVariables":{"GOOGLE_NODE_RUN_SCRIPTS":""},"sourceToken":"Cldwcm9qZWN0cy83ODMxMDkwMjc0NjMvbG9jYXRpb25zL3VzLWNlbnRyYWwxL2J1aWxkcy84Mjc3N2IwNS1jN2U0LTRiYjItOGM4OC0xYTE5OTg1MDBhYTUSa3VzLWNlbnRyYWwxLWRvY2tlci5wa2cuZGV2L21vbmlmeS0xMzg0ZC9nY2YtYXJ0aWZhY3RzL21vbmlmeS0tMTM4NGRfX3VzLS1jZW50cmFsMV9fdXBkYXRlX3Byb2ZpbGU6dmVyc2lvbl8xGIftvaflFiJDcHJvamVjdHMvbW9uaWZ5LTEzODRkL2xvY2F0aW9ucy91cy1jZW50cmFsMS9mdW5jdGlvbnMvdXBkYXRlUHJvZmlsZSoMCMnc+sYGEPi7t7MBMghub2RlanMyMjp2CiNnY3IuaW8vZ2FlLXJ1bnRpbWVzL25vZGVqczIyOnN0YWJsZRJPdXMtY2VudHJhbDEtZG9ja2VyLnBrZy5kZXYvc2VydmVybGVzcy1ydW50aW1lcy9nb29nbGUtMjItZnVsbC9ydW50aW1lcy9ub2RlanMyMkAB","serviceAccount":"projects/monify-1384d/serviceAccounts/783109027463-compute@developer.gserviceaccount.com","automaticUpdatePolicy":{}},"serviceConfig":{"service":"projects/monify-1384d/locations/us-central1/services/updategoalprogress","timeoutSeconds":60,"environmentVariables":{"FIREBASE_CONFIG":"{\"projectId\":\"monify-1384d\",\"storageBucket\":\"monify-1384d.firebasestorage.app\"}","GCLOUD_PROJECT":"monify-1384d","EVENTARC_CLOUD_EVENT_SOURCE":"projects/monify-1384d/locations/us-central1/services/updateGoalProgress","FUNCTION_TARGET":"updateGoalProgress","LOG_EXECUTION_ID":"true","FUNCTION_SIGNATURE_TYPE":"http"},"ingressSettings":"ALLOW_ALL","serviceAccountEmail":"783109027463-compute@developer.gserviceaccount.com","availableMemory":"256Mi","maxInstanceRequestConcurrency":80,"availableCpu":"1"},"labels":{"deployment-tool":"cli-firebase","deployment-callable":"true","firebase-functions-hash":"c0b78d8feae55a5b4c4dde57911fd078c0b5d0a1"},"environment":"GEN_2"},"stages":[{"name":"BUILD","message":"Reusing build","state":"COMPLETE","resource":"projects/783109027463/locations/us-central1/builds/82777b05-c7e4-4bb2-8c88-1a1998500aa5"},{"name":"SERVICE","state":"NOT_STARTED"}],"sourceToken":"Cldwcm9qZWN0cy83ODMxMDkwMjc0NjMvbG9jYXRpb25zL3VzLWNlbnRyYWwxL2J1aWxkcy84Mjc3N2IwNS1jN2U0LTRiYjItOGM4OC0xYTE5OTg1MDBhYTUSa3VzLWNlbnRyYWwxLWRvY2tlci5wa2cuZGV2L21vbmlmeS0xMzg0ZC9nY2YtYXJ0aWZhY3RzL21vbmlmeS0tMTM4NGRfX3VzLS1jZW50cmFsMV9fdXBkYXRlX3Byb2ZpbGU6dmVyc2lvbl8xGIftvaflFiJDcHJvamVjdHMvbW9uaWZ5LTEzODRkL2xvY2F0aW9ucy91cy1jZW50cmFsMS9mdW5jdGlvbnMvdXBkYXRlUHJvZmlsZSoMCMnc+sYGEPi7t7MBMghub2RlanMyMjp2CiNnY3IuaW8vZ2FlLXJ1bnRpbWVzL25vZGVqczIyOnN0YWJsZRJPdXMtY2VudHJhbDEtZG9ja2VyLnBrZy5kZXYvc2VydmVybGVzcy1ydW50aW1lcy9nb29nbGUtMjItZnVsbC9ydW50aW1lcy9ub2RlanMyMkAB","operationType":"CREATE_FUNCTION","buildName":"projects/783109027463/locations/us-central1/builds/82777b05-c7e4-4bb2-8c88-1a1998500aa5"},"done":false}
[debug] [2025-10-02T16:54:41.192Z] Got source token Cldwcm9qZWN0cy83ODMxMDkwMjc0NjMvbG9jYXRpb25zL3VzLWNlbnRyYWwxL2J1aWxkcy84Mjc3N2IwNS1jN2U0LTRiYjItOGM4OC0xYTE5OTg1MDBhYTUSa3VzLWNlbnRyYWwxLWRvY2tlci5wa2cuZGV2L21vbmlmeS0xMzg0ZC9nY2YtYXJ0aWZhY3RzL21vbmlmeS0tMTM4NGRfX3VzLS1jZW50cmFsMV9fdXBkYXRlX3Byb2ZpbGU6dmVyc2lvbl8xGIftvaflFiJDcHJvamVjdHMvbW9uaWZ5LTEzODRkL2xvY2F0aW9ucy91cy1jZW50cmFsMS9mdW5jdGlvbnMvdXBkYXRlUHJvZmlsZSoMCMnc+sYGEPi7t7MBMghub2RlanMyMjp2CiNnY3IuaW8vZ2FlLXJ1bnRpbWVzL25vZGVqczIyOnN0YWJsZRJPdXMtY2VudHJhbDEtZG9ja2VyLnBrZy5kZXYvc2VydmVybGVzcy1ydW50aW1lcy9nb29nbGUtMjItZnVsbC9ydW50aW1lcy9ub2RlanMyMkAB for region us-central1
[debug] [2025-10-02T16:54:41.198Z] <<< [apiv2][status] GET https://cloudfunctions.googleapis.com/v2/projects/monify-1384d/locations/us-central1/operations/operation-1759424079815-6402fd749620c-196af513-57866773 200
[debug] [2025-10-02T16:54:41.198Z] <<< [apiv2][body] GET https://cloudfunctions.googleapis.com/v2/projects/monify-1384d/locations/us-central1/operations/operation-1759424079815-6402fd749620c-196af513-57866773 {"name":"projects/monify-1384d/locations/us-central1/operations/operation-1759424079815-6402fd749620c-196af513-57866773","metadata":{"@type":"type.googleapis.com/google.cloud.functions.v2.OperationMetadata","createTime":"2025-10-02T16:54:40.300714210Z","target":"projects/monify-1384d/locations/us-central1/functions/getGoalProgressSummary","verb":"create","cancelRequested":false,"apiVersion":"v2","requestResource":{"@type":"type.googleapis.com/google.cloud.functions.v2.Function","name":"projects/monify-1384d/locations/us-central1/functions/getGoalProgressSummary","buildConfig":{"runtime":"nodejs22","entryPoint":"getGoalProgressSummary","source":{"storageSource":{"bucket":"gcf-v2-sources-783109027463-us-central1","object":"getGoalProgressSummary/function-source.zip","generation":"1759424080046847"}},"environmentVariables":{"GOOGLE_NODE_RUN_SCRIPTS":""},"sourceToken":"Cldwcm9qZWN0cy83ODMxMDkwMjc0NjMvbG9jYXRpb25zL3VzLWNlbnRyYWwxL2J1aWxkcy84Mjc3N2IwNS1jN2U0LTRiYjItOGM4OC0xYTE5OTg1MDBhYTUSa3VzLWNlbnRyYWwxLWRvY2tlci5wa2cuZGV2L21vbmlmeS0xMzg0ZC9nY2YtYXJ0aWZhY3RzL21vbmlmeS0tMTM4NGRfX3VzLS1jZW50cmFsMV9fdXBkYXRlX3Byb2ZpbGU6dmVyc2lvbl8xGIftvaflFiJDcHJvamVjdHMvbW9uaWZ5LTEzODRkL2xvY2F0aW9ucy91cy1jZW50cmFsMS9mdW5jdGlvbnMvdXBkYXRlUHJvZmlsZSoMCMnc+sYGEPi7t7MBMghub2RlanMyMjp2CiNnY3IuaW8vZ2FlLXJ1bnRpbWVzL25vZGVqczIyOnN0YWJsZRJPdXMtY2VudHJhbDEtZG9ja2VyLnBrZy5kZXYvc2VydmVybGVzcy1ydW50aW1lcy9nb29nbGUtMjItZnVsbC9ydW50aW1lcy9ub2RlanMyMkAB","serviceAccount":"projects/monify-1384d/serviceAccounts/783109027463-compute@developer.gserviceaccount.com","automaticUpdatePolicy":{}},"serviceConfig":{"service":"projects/monify-1384d/locations/us-central1/services/getgoalprogresssummary","timeoutSeconds":60,"environmentVariables":{"FIREBASE_CONFIG":"{\"projectId\":\"monify-1384d\",\"storageBucket\":\"monify-1384d.firebasestorage.app\"}","GCLOUD_PROJECT":"monify-1384d","EVENTARC_CLOUD_EVENT_SOURCE":"projects/monify-1384d/locations/us-central1/services/getGoalProgressSummary","FUNCTION_TARGET":"getGoalProgressSummary","LOG_EXECUTION_ID":"true","FUNCTION_SIGNATURE_TYPE":"http"},"ingressSettings":"ALLOW_ALL","serviceAccountEmail":"783109027463-compute@developer.gserviceaccount.com","availableMemory":"256Mi","maxInstanceRequestConcurrency":80,"availableCpu":"1"},"labels":{"deployment-tool":"cli-firebase","deployment-callable":"true","firebase-functions-hash":"c0b78d8feae55a5b4c4dde57911fd078c0b5d0a1"},"environment":"GEN_2"},"stages":[{"name":"BUILD","message":"Reusing build","state":"COMPLETE","resource":"projects/783109027463/locations/us-central1/builds/82777b05-c7e4-4bb2-8c88-1a1998500aa5"},{"name":"SERVICE","state":"NOT_STARTED"}],"sourceToken":"Cldwcm9qZWN0cy83ODMxMDkwMjc0NjMvbG9jYXRpb25zL3VzLWNlbnRyYWwxL2J1aWxkcy84Mjc3N2IwNS1jN2U0LTRiYjItOGM4OC0xYTE5OTg1MDBhYTUSa3VzLWNlbnRyYWwxLWRvY2tlci5wa2cuZGV2L21vbmlmeS0xMzg0ZC9nY2YtYXJ0aWZhY3RzL21vbmlmeS0tMTM4NGRfX3VzLS1jZW50cmFsMV9fdXBkYXRlX3Byb2ZpbGU6dmVyc2lvbl8xGIftvaflFiJDcHJvamVjdHMvbW9uaWZ5LTEzODRkL2xvY2F0aW9ucy91cy1jZW50cmFsMS9mdW5jdGlvbnMvdXBkYXRlUHJvZmlsZSoMCMnc+sYGEPi7t7MBMghub2RlanMyMjp2CiNnY3IuaW8vZ2FlLXJ1bnRpbWVzL25vZGVqczIyOnN0YWJsZRJPdXMtY2VudHJhbDEtZG9ja2VyLnBrZy5kZXYvc2VydmVybGVzcy1ydW50aW1lcy9nb29nbGUtMjItZnVsbC9ydW50aW1lcy9ub2RlanMyMkAB","operationType":"CREATE_FUNCTION","buildName":"projects/783109027463/locations/us-central1/builds/82777b05-c7e4-4bb2-8c88-1a1998500aa5"},"done":false}
[debug] [2025-10-02T16:54:41.198Z] Got source token Cldwcm9qZWN0cy83ODMxMDkwMjc0NjMvbG9jYXRpb25zL3VzLWNlbnRyYWwxL2J1aWxkcy84Mjc3N2IwNS1jN2U0LTRiYjItOGM4OC0xYTE5OTg1MDBhYTUSa3VzLWNlbnRyYWwxLWRvY2tlci5wa2cuZGV2L21vbmlmeS0xMzg0ZC9nY2YtYXJ0aWZhY3RzL21vbmlmeS0tMTM4NGRfX3VzLS1jZW50cmFsMV9fdXBkYXRlX3Byb2ZpbGU6dmVyc2lvbl8xGIftvaflFiJDcHJvamVjdHMvbW9uaWZ5LTEzODRkL2xvY2F0aW9ucy91cy1jZW50cmFsMS9mdW5jdGlvbnMvdXBkYXRlUHJvZmlsZSoMCMnc+sYGEPi7t7MBMghub2RlanMyMjp2CiNnY3IuaW8vZ2FlLXJ1bnRpbWVzL25vZGVqczIyOnN0YWJsZRJPdXMtY2VudHJhbDEtZG9ja2VyLnBrZy5kZXYvc2VydmVybGVzcy1ydW50aW1lcy9nb29nbGUtMjItZnVsbC9ydW50aW1lcy9ub2RlanMyMkAB for region us-central1
[debug] [2025-10-02T16:54:41.200Z] <<< [apiv2][status] GET https://cloudfunctions.googleapis.com/v2/projects/monify-1384d/locations/us-central1/operations/operation-1759424079724-6402fd74800ab-afe514bd-5b98ddfb 200
[debug] [2025-10-02T16:54:41.201Z] <<< [apiv2][body] GET https://cloudfunctions.googleapis.com/v2/projects/monify-1384d/locations/us-central1/operations/operation-1759424079724-6402fd74800ab-afe514bd-5b98ddfb {"name":"projects/monify-1384d/locations/us-central1/operations/operation-1759424079724-6402fd74800ab-afe514bd-5b98ddfb","metadata":{"@type":"type.googleapis.com/google.cloud.functions.v2.OperationMetadata","createTime":"2025-10-02T16:54:40.195572935Z","target":"projects/monify-1384d/locations/us-central1/functions/createCategory","verb":"create","cancelRequested":false,"apiVersion":"v2","requestResource":{"@type":"type.googleapis.com/google.cloud.functions.v2.Function","name":"projects/monify-1384d/locations/us-central1/functions/createCategory","buildConfig":{"runtime":"nodejs22","entryPoint":"createCategory","source":{"storageSource":{"bucket":"gcf-v2-sources-783109027463-us-central1","object":"createCategory/function-source.zip","generation":"1759424079960007"}},"environmentVariables":{"GOOGLE_NODE_RUN_SCRIPTS":""},"sourceToken":"Cldwcm9qZWN0cy83ODMxMDkwMjc0NjMvbG9jYXRpb25zL3VzLWNlbnRyYWwxL2J1aWxkcy84Mjc3N2IwNS1jN2U0LTRiYjItOGM4OC0xYTE5OTg1MDBhYTUSa3VzLWNlbnRyYWwxLWRvY2tlci5wa2cuZGV2L21vbmlmeS0xMzg0ZC9nY2YtYXJ0aWZhY3RzL21vbmlmeS0tMTM4NGRfX3VzLS1jZW50cmFsMV9fdXBkYXRlX3Byb2ZpbGU6dmVyc2lvbl8xGIftvaflFiJDcHJvamVjdHMvbW9uaWZ5LTEzODRkL2xvY2F0aW9ucy91cy1jZW50cmFsMS9mdW5jdGlvbnMvdXBkYXRlUHJvZmlsZSoMCMnc+sYGEPi7t7MBMghub2RlanMyMjp2CiNnY3IuaW8vZ2FlLXJ1bnRpbWVzL25vZGVqczIyOnN0YWJsZRJPdXMtY2VudHJhbDEtZG9ja2VyLnBrZy5kZXYvc2VydmVybGVzcy1ydW50aW1lcy9nb29nbGUtMjItZnVsbC9ydW50aW1lcy9ub2RlanMyMkAB","serviceAccount":"projects/monify-1384d/serviceAccounts/783109027463-compute@developer.gserviceaccount.com","automaticUpdatePolicy":{}},"serviceConfig":{"service":"projects/monify-1384d/locations/us-central1/services/createcategory","timeoutSeconds":60,"environmentVariables":{"FIREBASE_CONFIG":"{\"projectId\":\"monify-1384d\",\"storageBucket\":\"monify-1384d.firebasestorage.app\"}","GCLOUD_PROJECT":"monify-1384d","EVENTARC_CLOUD_EVENT_SOURCE":"projects/monify-1384d/locations/us-central1/services/createCategory","FUNCTION_TARGET":"createCategory","LOG_EXECUTION_ID":"true","FUNCTION_SIGNATURE_TYPE":"http"},"ingressSettings":"ALLOW_ALL","serviceAccountEmail":"783109027463-compute@developer.gserviceaccount.com","availableMemory":"256Mi","maxInstanceRequestConcurrency":80,"availableCpu":"1"},"labels":{"deployment-tool":"cli-firebase","deployment-callable":"true","firebase-functions-hash":"c0b78d8feae55a5b4c4dde57911fd078c0b5d0a1"},"environment":"GEN_2"},"stages":[{"name":"BUILD","message":"Reusing build","state":"COMPLETE","resource":"projects/783109027463/locations/us-central1/builds/82777b05-c7e4-4bb2-8c88-1a1998500aa5"},{"name":"SERVICE","state":"NOT_STARTED"}],"sourceToken":"Cldwcm9qZWN0cy83ODMxMDkwMjc0NjMvbG9jYXRpb25zL3VzLWNlbnRyYWwxL2J1aWxkcy84Mjc3N2IwNS1jN2U0LTRiYjItOGM4OC0xYTE5OTg1MDBhYTUSa3VzLWNlbnRyYWwxLWRvY2tlci5wa2cuZGV2L21vbmlmeS0xMzg0ZC9nY2YtYXJ0aWZhY3RzL21vbmlmeS0tMTM4NGRfX3VzLS1jZW50cmFsMV9fdXBkYXRlX3Byb2ZpbGU6dmVyc2lvbl8xGIftvaflFiJDcHJvamVjdHMvbW9uaWZ5LTEzODRkL2xvY2F0aW9ucy91cy1jZW50cmFsMS9mdW5jdGlvbnMvdXBkYXRlUHJvZmlsZSoMCMnc+sYGEPi7t7MBMghub2RlanMyMjp2CiNnY3IuaW8vZ2FlLXJ1bnRpbWVzL25vZGVqczIyOnN0YWJsZRJPdXMtY2VudHJhbDEtZG9ja2VyLnBrZy5kZXYvc2VydmVybGVzcy1ydW50aW1lcy9nb29nbGUtMjItZnVsbC9ydW50aW1lcy9ub2RlanMyMkAB","operationType":"CREATE_FUNCTION","buildName":"projects/783109027463/locations/us-central1/builds/82777b05-c7e4-4bb2-8c88-1a1998500aa5"},"done":false}
[debug] [2025-10-02T16:54:41.201Z] Got source token Cldwcm9qZWN0cy83ODMxMDkwMjc0NjMvbG9jYXRpb25zL3VzLWNlbnRyYWwxL2J1aWxkcy84Mjc3N2IwNS1jN2U0LTRiYjItOGM4OC0xYTE5OTg1MDBhYTUSa3VzLWNlbnRyYWwxLWRvY2tlci5wa2cuZGV2L21vbmlmeS0xMzg0ZC9nY2YtYXJ0aWZhY3RzL21vbmlmeS0tMTM4NGRfX3VzLS1jZW50cmFsMV9fdXBkYXRlX3Byb2ZpbGU6dmVyc2lvbl8xGIftvaflFiJDcHJvamVjdHMvbW9uaWZ5LTEzODRkL2xvY2F0aW9ucy91cy1jZW50cmFsMS9mdW5jdGlvbnMvdXBkYXRlUHJvZmlsZSoMCMnc+sYGEPi7t7MBMghub2RlanMyMjp2CiNnY3IuaW8vZ2FlLXJ1bnRpbWVzL25vZGVqczIyOnN0YWJsZRJPdXMtY2VudHJhbDEtZG9ja2VyLnBrZy5kZXYvc2VydmVybGVzcy1ydW50aW1lcy9nb29nbGUtMjItZnVsbC9ydW50aW1lcy9ub2RlanMyMkAB for region us-central1
[debug] [2025-10-02T16:54:41.206Z] <<< [apiv2][status] GET https://cloudfunctions.googleapis.com/v2/projects/monify-1384d/locations/us-central1/operations/operation-1759424079828-6402fd7499420-213634f8-9bae3fbe 200
[debug] [2025-10-02T16:54:41.206Z] <<< [apiv2][body] GET https://cloudfunctions.googleapis.com/v2/projects/monify-1384d/locations/us-central1/operations/operation-1759424079828-6402fd7499420-213634f8-9bae3fbe {"name":"projects/monify-1384d/locations/us-central1/operations/operation-1759424079828-6402fd7499420-213634f8-9bae3fbe","metadata":{"@type":"type.googleapis.com/google.cloud.functions.v2.OperationMetadata","createTime":"2025-10-02T16:54:40.310897607Z","target":"projects/monify-1384d/locations/us-central1/functions/getMonthlySummary","verb":"create","cancelRequested":false,"apiVersion":"v2","requestResource":{"@type":"type.googleapis.com/google.cloud.functions.v2.Function","name":"projects/monify-1384d/locations/us-central1/functions/getMonthlySummary","buildConfig":{"runtime":"nodejs22","entryPoint":"getMonthlySummary","source":{"storageSource":{"bucket":"gcf-v2-sources-783109027463-us-central1","object":"getMonthlySummary/function-source.zip","generation":"1759424080081870"}},"environmentVariables":{"GOOGLE_NODE_RUN_SCRIPTS":""},"sourceToken":"Cldwcm9qZWN0cy83ODMxMDkwMjc0NjMvbG9jYXRpb25zL3VzLWNlbnRyYWwxL2J1aWxkcy84Mjc3N2IwNS1jN2U0LTRiYjItOGM4OC0xYTE5OTg1MDBhYTUSa3VzLWNlbnRyYWwxLWRvY2tlci5wa2cuZGV2L21vbmlmeS0xMzg0ZC9nY2YtYXJ0aWZhY3RzL21vbmlmeS0tMTM4NGRfX3VzLS1jZW50cmFsMV9fdXBkYXRlX3Byb2ZpbGU6dmVyc2lvbl8xGIftvaflFiJDcHJvamVjdHMvbW9uaWZ5LTEzODRkL2xvY2F0aW9ucy91cy1jZW50cmFsMS9mdW5jdGlvbnMvdXBkYXRlUHJvZmlsZSoMCMnc+sYGEPi7t7MBMghub2RlanMyMjp2CiNnY3IuaW8vZ2FlLXJ1bnRpbWVzL25vZGVqczIyOnN0YWJsZRJPdXMtY2VudHJhbDEtZG9ja2VyLnBrZy5kZXYvc2VydmVybGVzcy1ydW50aW1lcy9nb29nbGUtMjItZnVsbC9ydW50aW1lcy9ub2RlanMyMkAB","serviceAccount":"projects/monify-1384d/serviceAccounts/783109027463-compute@developer.gserviceaccount.com","automaticUpdatePolicy":{}},"serviceConfig":{"service":"projects/monify-1384d/locations/us-central1/services/getmonthlysummary","timeoutSeconds":60,"environmentVariables":{"FIREBASE_CONFIG":"{\"projectId\":\"monify-1384d\",\"storageBucket\":\"monify-1384d.firebasestorage.app\"}","GCLOUD_PROJECT":"monify-1384d","EVENTARC_CLOUD_EVENT_SOURCE":"projects/monify-1384d/locations/us-central1/services/getMonthlySummary","FUNCTION_TARGET":"getMonthlySummary","LOG_EXECUTION_ID":"true","FUNCTION_SIGNATURE_TYPE":"http"},"ingressSettings":"ALLOW_ALL","serviceAccountEmail":"783109027463-compute@developer.gserviceaccount.com","availableMemory":"256Mi","maxInstanceRequestConcurrency":80,"availableCpu":"1"},"labels":{"deployment-tool":"cli-firebase","deployment-callable":"true","firebase-functions-hash":"c0b78d8feae55a5b4c4dde57911fd078c0b5d0a1"},"environment":"GEN_2"},"stages":[{"name":"BUILD","message":"Reusing build","state":"COMPLETE","resource":"projects/783109027463/locations/us-central1/builds/82777b05-c7e4-4bb2-8c88-1a1998500aa5"},{"name":"SERVICE","state":"NOT_STARTED"}],"sourceToken":"Cldwcm9qZWN0cy83ODMxMDkwMjc0NjMvbG9jYXRpb25zL3VzLWNlbnRyYWwxL2J1aWxkcy84Mjc3N2IwNS1jN2U0LTRiYjItOGM4OC0xYTE5OTg1MDBhYTUSa3VzLWNlbnRyYWwxLWRvY2tlci5wa2cuZGV2L21vbmlmeS0xMzg0ZC9nY2YtYXJ0aWZhY3RzL21vbmlmeS0tMTM4NGRfX3VzLS1jZW50cmFsMV9fdXBkYXRlX3Byb2ZpbGU6dmVyc2lvbl8xGIftvaflFiJDcHJvamVjdHMvbW9uaWZ5LTEzODRkL2xvY2F0aW9ucy91cy1jZW50cmFsMS9mdW5jdGlvbnMvdXBkYXRlUHJvZmlsZSoMCMnc+sYGEPi7t7MBMghub2RlanMyMjp2CiNnY3IuaW8vZ2FlLXJ1bnRpbWVzL25vZGVqczIyOnN0YWJsZRJPdXMtY2VudHJhbDEtZG9ja2VyLnBrZy5kZXYvc2VydmVybGVzcy1ydW50aW1lcy9nb29nbGUtMjItZnVsbC9ydW50aW1lcy9ub2RlanMyMkAB","operationType":"CREATE_FUNCTION","buildName":"projects/783109027463/locations/us-central1/builds/82777b05-c7e4-4bb2-8c88-1a1998500aa5"},"done":false}
[debug] [2025-10-02T16:54:41.206Z] Got source token Cldwcm9qZWN0cy83ODMxMDkwMjc0NjMvbG9jYXRpb25zL3VzLWNlbnRyYWwxL2J1aWxkcy84Mjc3N2IwNS1jN2U0LTRiYjItOGM4OC0xYTE5OTg1MDBhYTUSa3VzLWNlbnRyYWwxLWRvY2tlci5wa2cuZGV2L21vbmlmeS0xMzg0ZC9nY2YtYXJ0aWZhY3RzL21vbmlmeS0tMTM4NGRfX3VzLS1jZW50cmFsMV9fdXBkYXRlX3Byb2ZpbGU6dmVyc2lvbl8xGIftvaflFiJDcHJvamVjdHMvbW9uaWZ5LTEzODRkL2xvY2F0aW9ucy91cy1jZW50cmFsMS9mdW5jdGlvbnMvdXBkYXRlUHJvZmlsZSoMCMnc+sYGEPi7t7MBMghub2RlanMyMjp2CiNnY3IuaW8vZ2FlLXJ1bnRpbWVzL25vZGVqczIyOnN0YWJsZRJPdXMtY2VudHJhbDEtZG9ja2VyLnBrZy5kZXYvc2VydmVybGVzcy1ydW50aW1lcy9nb29nbGUtMjItZnVsbC9ydW50aW1lcy9ub2RlanMyMkAB for region us-central1
[debug] [2025-10-02T16:54:41.573Z] [create-default-us-central1-createExpense] Retrying task index 0
[debug] [2025-10-02T16:54:41.574Z] Checked if tokens are valid: true, expires at: 1759427532850
[debug] [2025-10-02T16:54:41.574Z] Checked if tokens are valid: true, expires at: 1759427532850
[debug] [2025-10-02T16:54:41.574Z] >>> [apiv2][query] GET https://cloudfunctions.googleapis.com/v2/projects/monify-1384d/locations/us-central1/operations/operation-1759424079812-6402fd74957db-a48719b1-70f5e374 [none]
[debug] [2025-10-02T16:54:41.698Z] [create-default-us-central1-createGoal] Retrying task index 0
[debug] [2025-10-02T16:54:41.699Z] Checked if tokens are valid: true, expires at: 1759427532850
[debug] [2025-10-02T16:54:41.699Z] Checked if tokens are valid: true, expires at: 1759427532850
[debug] [2025-10-02T16:54:41.699Z] >>> [apiv2][query] GET https://cloudfunctions.googleapis.com/v2/projects/monify-1384d/locations/us-central1/operations/operation-1759424079808-6402fd74947ff-6b87e780-103c1f6e [none]
[debug] [2025-10-02T16:54:41.699Z] [create-default-us-central1-createIncome] Retrying task index 0
[debug] [2025-10-02T16:54:41.700Z] Checked if tokens are valid: true, expires at: 1759427532850
[debug] [2025-10-02T16:54:41.700Z] Checked if tokens are valid: true, expires at: 1759427532850
[debug] [2025-10-02T16:54:41.700Z] >>> [apiv2][query] GET https://cloudfunctions.googleapis.com/v2/projects/monify-1384d/locations/us-central1/operations/operation-1759424079827-6402fd74991eb-1c9caca7-d015f9ee [none]
[debug] [2025-10-02T16:54:41.700Z] [create-default-us-central1-updateGoalProgress] Retrying task index 0
[debug] [2025-10-02T16:54:41.700Z] Checked if tokens are valid: true, expires at: 1759427532850
[debug] [2025-10-02T16:54:41.700Z] Checked if tokens are valid: true, expires at: 1759427532850
[debug] [2025-10-02T16:54:41.700Z] >>> [apiv2][query] GET https://cloudfunctions.googleapis.com/v2/projects/monify-1384d/locations/us-central1/operations/operation-1759424079814-6402fd749613f-7662d2a2-581d2da4 [none]
[debug] [2025-10-02T16:54:41.701Z] [create-default-us-central1-getGoalProgressSummary] Retrying task index 0
[debug] [2025-10-02T16:54:41.701Z] Checked if tokens are valid: true, expires at: 1759427532850
[debug] [2025-10-02T16:54:41.701Z] Checked if tokens are valid: true, expires at: 1759427532850
[debug] [2025-10-02T16:54:41.701Z] >>> [apiv2][query] GET https://cloudfunctions.googleapis.com/v2/projects/monify-1384d/locations/us-central1/operations/operation-1759424079815-6402fd749620c-196af513-57866773 [none]
[debug] [2025-10-02T16:54:41.702Z] [create-default-us-central1-createCategory] Retrying task index 0
[debug] [2025-10-02T16:54:41.702Z] Checked if tokens are valid: true, expires at: 1759427532850
[debug] [2025-10-02T16:54:41.702Z] Checked if tokens are valid: true, expires at: 1759427532850
[debug] [2025-10-02T16:54:41.702Z] >>> [apiv2][query] GET https://cloudfunctions.googleapis.com/v2/projects/monify-1384d/locations/us-central1/operations/operation-1759424079724-6402fd74800ab-afe514bd-5b98ddfb [none]
[debug] [2025-10-02T16:54:41.703Z] <<< [apiv2][status] GET https://cloudfunctions.googleapis.com/v2/projects/monify-1384d/locations/us-central1/operations/operation-1759424079812-6402fd74957db-a48719b1-70f5e374 200
[debug] [2025-10-02T16:54:41.704Z] <<< [apiv2][body] GET https://cloudfunctions.googleapis.com/v2/projects/monify-1384d/locations/us-central1/operations/operation-1759424079812-6402fd74957db-a48719b1-70f5e374 {"name":"projects/monify-1384d/locations/us-central1/operations/operation-1759424079812-6402fd74957db-a48719b1-70f5e374","metadata":{"@type":"type.googleapis.com/google.cloud.functions.v2.OperationMetadata","createTime":"2025-10-02T16:54:40.299667718Z","target":"projects/monify-1384d/locations/us-central1/functions/createExpense","verb":"create","cancelRequested":false,"apiVersion":"v2","requestResource":{"@type":"type.googleapis.com/google.cloud.functions.v2.Function","name":"projects/monify-1384d/locations/us-central1/functions/createExpense","buildConfig":{"runtime":"nodejs22","entryPoint":"createExpense","source":{"storageSource":{"bucket":"gcf-v2-sources-783109027463-us-central1","object":"createExpense/function-source.zip","generation":"1759424080080262"}},"environmentVariables":{"GOOGLE_NODE_RUN_SCRIPTS":""},"sourceToken":"Cldwcm9qZWN0cy83ODMxMDkwMjc0NjMvbG9jYXRpb25zL3VzLWNlbnRyYWwxL2J1aWxkcy84Mjc3N2IwNS1jN2U0LTRiYjItOGM4OC0xYTE5OTg1MDBhYTUSa3VzLWNlbnRyYWwxLWRvY2tlci5wa2cuZGV2L21vbmlmeS0xMzg0ZC9nY2YtYXJ0aWZhY3RzL21vbmlmeS0tMTM4NGRfX3VzLS1jZW50cmFsMV9fdXBkYXRlX3Byb2ZpbGU6dmVyc2lvbl8xGIftvaflFiJDcHJvamVjdHMvbW9uaWZ5LTEzODRkL2xvY2F0aW9ucy91cy1jZW50cmFsMS9mdW5jdGlvbnMvdXBkYXRlUHJvZmlsZSoMCMnc+sYGEPi7t7MBMghub2RlanMyMjp2CiNnY3IuaW8vZ2FlLXJ1bnRpbWVzL25vZGVqczIyOnN0YWJsZRJPdXMtY2VudHJhbDEtZG9ja2VyLnBrZy5kZXYvc2VydmVybGVzcy1ydW50aW1lcy9nb29nbGUtMjItZnVsbC9ydW50aW1lcy9ub2RlanMyMkAB","serviceAccount":"projects/monify-1384d/serviceAccounts/783109027463-compute@developer.gserviceaccount.com","automaticUpdatePolicy":{}},"serviceConfig":{"service":"projects/monify-1384d/locations/us-central1/services/createexpense","timeoutSeconds":60,"environmentVariables":{"FIREBASE_CONFIG":"{\"projectId\":\"monify-1384d\",\"storageBucket\":\"monify-1384d.firebasestorage.app\"}","GCLOUD_PROJECT":"monify-1384d","EVENTARC_CLOUD_EVENT_SOURCE":"projects/monify-1384d/locations/us-central1/services/createExpense","FUNCTION_TARGET":"createExpense","LOG_EXECUTION_ID":"true","FUNCTION_SIGNATURE_TYPE":"http"},"ingressSettings":"ALLOW_ALL","serviceAccountEmail":"783109027463-compute@developer.gserviceaccount.com","availableMemory":"256Mi","maxInstanceRequestConcurrency":80,"availableCpu":"1"},"labels":{"deployment-tool":"cli-firebase","deployment-callable":"true","firebase-functions-hash":"c0b78d8feae55a5b4c4dde57911fd078c0b5d0a1"},"environment":"GEN_2"},"stages":[{"name":"BUILD","message":"Reusing build","state":"COMPLETE","resource":"projects/783109027463/locations/us-central1/builds/82777b05-c7e4-4bb2-8c88-1a1998500aa5"},{"name":"SERVICE","message":"Creating Cloud Run service","state":"IN_PROGRESS","resource":"projects/monify-1384d/locations/us-central1/services/createexpense","resourceUri":"https://console.cloud.google.com/run/detail/us-central1/createexpense?project=monify-1384d"}],"sourceToken":"Cldwcm9qZWN0cy83ODMxMDkwMjc0NjMvbG9jYXRpb25zL3VzLWNlbnRyYWwxL2J1aWxkcy84Mjc3N2IwNS1jN2U0LTRiYjItOGM4OC0xYTE5OTg1MDBhYTUSa3VzLWNlbnRyYWwxLWRvY2tlci5wa2cuZGV2L21vbmlmeS0xMzg0ZC9nY2YtYXJ0aWZhY3RzL21vbmlmeS0tMTM4NGRfX3VzLS1jZW50cmFsMV9fdXBkYXRlX3Byb2ZpbGU6dmVyc2lvbl8xGIftvaflFiJDcHJvamVjdHMvbW9uaWZ5LTEzODRkL2xvY2F0aW9ucy91cy1jZW50cmFsMS9mdW5jdGlvbnMvdXBkYXRlUHJvZmlsZSoMCMnc+sYGEPi7t7MBMghub2RlanMyMjp2CiNnY3IuaW8vZ2FlLXJ1bnRpbWVzL25vZGVqczIyOnN0YWJsZRJPdXMtY2VudHJhbDEtZG9ja2VyLnBrZy5kZXYvc2VydmVybGVzcy1ydW50aW1lcy9nb29nbGUtMjItZnVsbC9ydW50aW1lcy9ub2RlanMyMkAB","operationType":"CREATE_FUNCTION","buildName":"projects/783109027463/locations/us-central1/builds/82777b05-c7e4-4bb2-8c88-1a1998500aa5"},"done":false}
[debug] [2025-10-02T16:54:41.704Z] Got source token Cldwcm9qZWN0cy83ODMxMDkwMjc0NjMvbG9jYXRpb25zL3VzLWNlbnRyYWwxL2J1aWxkcy84Mjc3N2IwNS1jN2U0LTRiYjItOGM4OC0xYTE5OTg1MDBhYTUSa3VzLWNlbnRyYWwxLWRvY2tlci5wa2cuZGV2L21vbmlmeS0xMzg0ZC9nY2YtYXJ0aWZhY3RzL21vbmlmeS0tMTM4NGRfX3VzLS1jZW50cmFsMV9fdXBkYXRlX3Byb2ZpbGU6dmVyc2lvbl8xGIftvaflFiJDcHJvamVjdHMvbW9uaWZ5LTEzODRkL2xvY2F0aW9ucy91cy1jZW50cmFsMS9mdW5jdGlvbnMvdXBkYXRlUHJvZmlsZSoMCMnc+sYGEPi7t7MBMghub2RlanMyMjp2CiNnY3IuaW8vZ2FlLXJ1bnRpbWVzL25vZGVqczIyOnN0YWJsZRJPdXMtY2VudHJhbDEtZG9ja2VyLnBrZy5kZXYvc2VydmVybGVzcy1ydW50aW1lcy9nb29nbGUtMjItZnVsbC9ydW50aW1lcy9ub2RlanMyMkAB for region us-central1
[debug] [2025-10-02T16:54:41.716Z] [create-default-us-central1-getMonthlySummary] Retrying task index 0
[debug] [2025-10-02T16:54:41.717Z] Checked if tokens are valid: true, expires at: 1759427532850
[debug] [2025-10-02T16:54:41.717Z] Checked if tokens are valid: true, expires at: 1759427532850
[debug] [2025-10-02T16:54:41.717Z] >>> [apiv2][query] GET https://cloudfunctions.googleapis.com/v2/projects/monify-1384d/locations/us-central1/operations/operation-1759424079828-6402fd7499420-213634f8-9bae3fbe [none]
[debug] [2025-10-02T16:54:41.860Z] <<< [apiv2][status] GET https://cloudfunctions.googleapis.com/v2/projects/monify-1384d/locations/us-central1/operations/operation-1759424079808-6402fd74947ff-6b87e780-103c1f6e 200
[debug] [2025-10-02T16:54:41.861Z] <<< [apiv2][body] GET https://cloudfunctions.googleapis.com/v2/projects/monify-1384d/locations/us-central1/operations/operation-1759424079808-6402fd74947ff-6b87e780-103c1f6e {"name":"projects/monify-1384d/locations/us-central1/operations/operation-1759424079808-6402fd74947ff-6b87e780-103c1f6e","metadata":{"@type":"type.googleapis.com/google.cloud.functions.v2.OperationMetadata","createTime":"2025-10-02T16:54:40.267072686Z","target":"projects/monify-1384d/locations/us-central1/functions/createGoal","verb":"create","cancelRequested":false,"apiVersion":"v2","requestResource":{"@type":"type.googleapis.com/google.cloud.functions.v2.Function","name":"projects/monify-1384d/locations/us-central1/functions/createGoal","buildConfig":{"runtime":"nodejs22","entryPoint":"createGoal","source":{"storageSource":{"bucket":"gcf-v2-sources-783109027463-us-central1","object":"createGoal/function-source.zip","generation":"1759424080029850"}},"environmentVariables":{"GOOGLE_NODE_RUN_SCRIPTS":""},"sourceToken":"Cldwcm9qZWN0cy83ODMxMDkwMjc0NjMvbG9jYXRpb25zL3VzLWNlbnRyYWwxL2J1aWxkcy84Mjc3N2IwNS1jN2U0LTRiYjItOGM4OC0xYTE5OTg1MDBhYTUSa3VzLWNlbnRyYWwxLWRvY2tlci5wa2cuZGV2L21vbmlmeS0xMzg0ZC9nY2YtYXJ0aWZhY3RzL21vbmlmeS0tMTM4NGRfX3VzLS1jZW50cmFsMV9fdXBkYXRlX3Byb2ZpbGU6dmVyc2lvbl8xGIftvaflFiJDcHJvamVjdHMvbW9uaWZ5LTEzODRkL2xvY2F0aW9ucy91cy1jZW50cmFsMS9mdW5jdGlvbnMvdXBkYXRlUHJvZmlsZSoMCMnc+sYGEPi7t7MBMghub2RlanMyMjp2CiNnY3IuaW8vZ2FlLXJ1bnRpbWVzL25vZGVqczIyOnN0YWJsZRJPdXMtY2VudHJhbDEtZG9ja2VyLnBrZy5kZXYvc2VydmVybGVzcy1ydW50aW1lcy9nb29nbGUtMjItZnVsbC9ydW50aW1lcy9ub2RlanMyMkAB","serviceAccount":"projects/monify-1384d/serviceAccounts/783109027463-compute@developer.gserviceaccount.com","automaticUpdatePolicy":{}},"serviceConfig":{"service":"projects/monify-1384d/locations/us-central1/services/creategoal","timeoutSeconds":60,"environmentVariables":{"FIREBASE_CONFIG":"{\"projectId\":\"monify-1384d\",\"storageBucket\":\"monify-1384d.firebasestorage.app\"}","GCLOUD_PROJECT":"monify-1384d","EVENTARC_CLOUD_EVENT_SOURCE":"projects/monify-1384d/locations/us-central1/services/createGoal","FUNCTION_TARGET":"createGoal","LOG_EXECUTION_ID":"true","FUNCTION_SIGNATURE_TYPE":"http"},"ingressSettings":"ALLOW_ALL","serviceAccountEmail":"783109027463-compute@developer.gserviceaccount.com","availableMemory":"256Mi","maxInstanceRequestConcurrency":80,"availableCpu":"1"},"labels":{"deployment-tool":"cli-firebase","deployment-callable":"true","firebase-functions-hash":"c0b78d8feae55a5b4c4dde57911fd078c0b5d0a1"},"environment":"GEN_2"},"stages":[{"name":"BUILD","message":"Reusing build","state":"COMPLETE","resource":"projects/783109027463/locations/us-central1/builds/82777b05-c7e4-4bb2-8c88-1a1998500aa5"},{"name":"SERVICE","message":"Creating Cloud Run service","state":"IN_PROGRESS","resource":"projects/monify-1384d/locations/us-central1/services/creategoal","resourceUri":"https://console.cloud.google.com/run/detail/us-central1/creategoal?project=monify-1384d"}],"sourceToken":"Cldwcm9qZWN0cy83ODMxMDkwMjc0NjMvbG9jYXRpb25zL3VzLWNlbnRyYWwxL2J1aWxkcy84Mjc3N2IwNS1jN2U0LTRiYjItOGM4OC0xYTE5OTg1MDBhYTUSa3VzLWNlbnRyYWwxLWRvY2tlci5wa2cuZGV2L21vbmlmeS0xMzg0ZC9nY2YtYXJ0aWZhY3RzL21vbmlmeS0tMTM4NGRfX3VzLS1jZW50cmFsMV9fdXBkYXRlX3Byb2ZpbGU6dmVyc2lvbl8xGIftvaflFiJDcHJvamVjdHMvbW9uaWZ5LTEzODRkL2xvY2F0aW9ucy91cy1jZW50cmFsMS9mdW5jdGlvbnMvdXBkYXRlUHJvZmlsZSoMCMnc+sYGEPi7t7MBMghub2RlanMyMjp2CiNnY3IuaW8vZ2FlLXJ1bnRpbWVzL25vZGVqczIyOnN0YWJsZRJPdXMtY2VudHJhbDEtZG9ja2VyLnBrZy5kZXYvc2VydmVybGVzcy1ydW50aW1lcy9nb29nbGUtMjItZnVsbC9ydW50aW1lcy9ub2RlanMyMkAB","operationType":"CREATE_FUNCTION","buildName":"projects/783109027463/locations/us-central1/builds/82777b05-c7e4-4bb2-8c88-1a1998500aa5"},"done":false}
[debug] [2025-10-02T16:54:41.861Z] Got source token Cldwcm9qZWN0cy83ODMxMDkwMjc0NjMvbG9jYXRpb25zL3VzLWNlbnRyYWwxL2J1aWxkcy84Mjc3N2IwNS1jN2U0LTRiYjItOGM4OC0xYTE5OTg1MDBhYTUSa3VzLWNlbnRyYWwxLWRvY2tlci5wa2cuZGV2L21vbmlmeS0xMzg0ZC9nY2YtYXJ0aWZhY3RzL21vbmlmeS0tMTM4NGRfX3VzLS1jZW50cmFsMV9fdXBkYXRlX3Byb2ZpbGU6dmVyc2lvbl8xGIftvaflFiJDcHJvamVjdHMvbW9uaWZ5LTEzODRkL2xvY2F0aW9ucy91cy1jZW50cmFsMS9mdW5jdGlvbnMvdXBkYXRlUHJvZmlsZSoMCMnc+sYGEPi7t7MBMghub2RlanMyMjp2CiNnY3IuaW8vZ2FlLXJ1bnRpbWVzL25vZGVqczIyOnN0YWJsZRJPdXMtY2VudHJhbDEtZG9ja2VyLnBrZy5kZXYvc2VydmVybGVzcy1ydW50aW1lcy9nb29nbGUtMjItZnVsbC9ydW50aW1lcy9ub2RlanMyMkAB for region us-central1
[debug] [2025-10-02T16:54:41.979Z] <<< [apiv2][status] GET https://cloudfunctions.googleapis.com/v2/projects/monify-1384d/locations/us-central1/operations/operation-1759424079815-6402fd749620c-196af513-57866773 200
[debug] [2025-10-02T16:54:41.979Z] <<< [apiv2][body] GET https://cloudfunctions.googleapis.com/v2/projects/monify-1384d/locations/us-central1/operations/operation-1759424079815-6402fd749620c-196af513-57866773 {"name":"projects/monify-1384d/locations/us-central1/operations/operation-1759424079815-6402fd749620c-196af513-57866773","metadata":{"@type":"type.googleapis.com/google.cloud.functions.v2.OperationMetadata","createTime":"2025-10-02T16:54:40.300714210Z","target":"projects/monify-1384d/locations/us-central1/functions/getGoalProgressSummary","verb":"create","cancelRequested":false,"apiVersion":"v2","requestResource":{"@type":"type.googleapis.com/google.cloud.functions.v2.Function","name":"projects/monify-1384d/locations/us-central1/functions/getGoalProgressSummary","buildConfig":{"runtime":"nodejs22","entryPoint":"getGoalProgressSummary","source":{"storageSource":{"bucket":"gcf-v2-sources-783109027463-us-central1","object":"getGoalProgressSummary/function-source.zip","generation":"1759424080046847"}},"environmentVariables":{"GOOGLE_NODE_RUN_SCRIPTS":""},"sourceToken":"Cldwcm9qZWN0cy83ODMxMDkwMjc0NjMvbG9jYXRpb25zL3VzLWNlbnRyYWwxL2J1aWxkcy84Mjc3N2IwNS1jN2U0LTRiYjItOGM4OC0xYTE5OTg1MDBhYTUSa3VzLWNlbnRyYWwxLWRvY2tlci5wa2cuZGV2L21vbmlmeS0xMzg0ZC9nY2YtYXJ0aWZhY3RzL21vbmlmeS0tMTM4NGRfX3VzLS1jZW50cmFsMV9fdXBkYXRlX3Byb2ZpbGU6dmVyc2lvbl8xGIftvaflFiJDcHJvamVjdHMvbW9uaWZ5LTEzODRkL2xvY2F0aW9ucy91cy1jZW50cmFsMS9mdW5jdGlvbnMvdXBkYXRlUHJvZmlsZSoMCMnc+sYGEPi7t7MBMghub2RlanMyMjp2CiNnY3IuaW8vZ2FlLXJ1bnRpbWVzL25vZGVqczIyOnN0YWJsZRJPdXMtY2VudHJhbDEtZG9ja2VyLnBrZy5kZXYvc2VydmVybGVzcy1ydW50aW1lcy9nb29nbGUtMjItZnVsbC9ydW50aW1lcy9ub2RlanMyMkAB","serviceAccount":"projects/monify-1384d/serviceAccounts/783109027463-compute@developer.gserviceaccount.com","automaticUpdatePolicy":{}},"serviceConfig":{"service":"projects/monify-1384d/locations/us-central1/services/getgoalprogresssummary","timeoutSeconds":60,"environmentVariables":{"FIREBASE_CONFIG":"{\"projectId\":\"monify-1384d\",\"storageBucket\":\"monify-1384d.firebasestorage.app\"}","GCLOUD_PROJECT":"monify-1384d","EVENTARC_CLOUD_EVENT_SOURCE":"projects/monify-1384d/locations/us-central1/services/getGoalProgressSummary","FUNCTION_TARGET":"getGoalProgressSummary","LOG_EXECUTION_ID":"true","FUNCTION_SIGNATURE_TYPE":"http"},"ingressSettings":"ALLOW_ALL","serviceAccountEmail":"783109027463-compute@developer.gserviceaccount.com","availableMemory":"256Mi","maxInstanceRequestConcurrency":80,"availableCpu":"1"},"labels":{"deployment-tool":"cli-firebase","deployment-callable":"true","firebase-functions-hash":"c0b78d8feae55a5b4c4dde57911fd078c0b5d0a1"},"environment":"GEN_2"},"stages":[{"name":"BUILD","message":"Reusing build","state":"COMPLETE","resource":"projects/783109027463/locations/us-central1/builds/82777b05-c7e4-4bb2-8c88-1a1998500aa5"},{"name":"SERVICE","message":"Creating Cloud Run service","state":"IN_PROGRESS","resource":"projects/monify-1384d/locations/us-central1/services/getgoalprogresssummary","resourceUri":"https://console.cloud.google.com/run/detail/us-central1/getgoalprogresssummary?project=monify-1384d"}],"sourceToken":"Cldwcm9qZWN0cy83ODMxMDkwMjc0NjMvbG9jYXRpb25zL3VzLWNlbnRyYWwxL2J1aWxkcy84Mjc3N2IwNS1jN2U0LTRiYjItOGM4OC0xYTE5OTg1MDBhYTUSa3VzLWNlbnRyYWwxLWRvY2tlci5wa2cuZGV2L21vbmlmeS0xMzg0ZC9nY2YtYXJ0aWZhY3RzL21vbmlmeS0tMTM4NGRfX3VzLS1jZW50cmFsMV9fdXBkYXRlX3Byb2ZpbGU6dmVyc2lvbl8xGIftvaflFiJDcHJvamVjdHMvbW9uaWZ5LTEzODRkL2xvY2F0aW9ucy91cy1jZW50cmFsMS9mdW5jdGlvbnMvdXBkYXRlUHJvZmlsZSoMCMnc+sYGEPi7t7MBMghub2RlanMyMjp2CiNnY3IuaW8vZ2FlLXJ1bnRpbWVzL25vZGVqczIyOnN0YWJsZRJPdXMtY2VudHJhbDEtZG9ja2VyLnBrZy5kZXYvc2VydmVybGVzcy1ydW50aW1lcy9nb29nbGUtMjItZnVsbC9ydW50aW1lcy9ub2RlanMyMkAB","operationType":"CREATE_FUNCTION","buildName":"projects/783109027463/locations/us-central1/builds/82777b05-c7e4-4bb2-8c88-1a1998500aa5"},"done":false}
[debug] [2025-10-02T16:54:41.979Z] Got source token Cldwcm9qZWN0cy83ODMxMDkwMjc0NjMvbG9jYXRpb25zL3VzLWNlbnRyYWwxL2J1aWxkcy84Mjc3N2IwNS1jN2U0LTRiYjItOGM4OC0xYTE5OTg1MDBhYTUSa3VzLWNlbnRyYWwxLWRvY2tlci5wa2cuZGV2L21vbmlmeS0xMzg0ZC9nY2YtYXJ0aWZhY3RzL21vbmlmeS0tMTM4NGRfX3VzLS1jZW50cmFsMV9fdXBkYXRlX3Byb2ZpbGU6dmVyc2lvbl8xGIftvaflFiJDcHJvamVjdHMvbW9uaWZ5LTEzODRkL2xvY2F0aW9ucy91cy1jZW50cmFsMS9mdW5jdGlvbnMvdXBkYXRlUHJvZmlsZSoMCMnc+sYGEPi7t7MBMghub2RlanMyMjp2CiNnY3IuaW8vZ2FlLXJ1bnRpbWVzL25vZGVqczIyOnN0YWJsZRJPdXMtY2VudHJhbDEtZG9ja2VyLnBrZy5kZXYvc2VydmVybGVzcy1ydW50aW1lcy9nb29nbGUtMjItZnVsbC9ydW50aW1lcy9ub2RlanMyMkAB for region us-central1
[debug] [2025-10-02T16:54:41.987Z] <<< [apiv2][status] GET https://cloudfunctions.googleapis.com/v2/projects/monify-1384d/locations/us-central1/operations/operation-1759424079724-6402fd74800ab-afe514bd-5b98ddfb 200
[debug] [2025-10-02T16:54:41.987Z] <<< [apiv2][body] GET https://cloudfunctions.googleapis.com/v2/projects/monify-1384d/locations/us-central1/operations/operation-1759424079724-6402fd74800ab-afe514bd-5b98ddfb {"name":"projects/monify-1384d/locations/us-central1/operations/operation-1759424079724-6402fd74800ab-afe514bd-5b98ddfb","metadata":{"@type":"type.googleapis.com/google.cloud.functions.v2.OperationMetadata","createTime":"2025-10-02T16:54:40.195572935Z","target":"projects/monify-1384d/locations/us-central1/functions/createCategory","verb":"create","cancelRequested":false,"apiVersion":"v2","requestResource":{"@type":"type.googleapis.com/google.cloud.functions.v2.Function","name":"projects/monify-1384d/locations/us-central1/functions/createCategory","buildConfig":{"runtime":"nodejs22","entryPoint":"createCategory","source":{"storageSource":{"bucket":"gcf-v2-sources-783109027463-us-central1","object":"createCategory/function-source.zip","generation":"1759424079960007"}},"environmentVariables":{"GOOGLE_NODE_RUN_SCRIPTS":""},"sourceToken":"Cldwcm9qZWN0cy83ODMxMDkwMjc0NjMvbG9jYXRpb25zL3VzLWNlbnRyYWwxL2J1aWxkcy84Mjc3N2IwNS1jN2U0LTRiYjItOGM4OC0xYTE5OTg1MDBhYTUSa3VzLWNlbnRyYWwxLWRvY2tlci5wa2cuZGV2L21vbmlmeS0xMzg0ZC9nY2YtYXJ0aWZhY3RzL21vbmlmeS0tMTM4NGRfX3VzLS1jZW50cmFsMV9fdXBkYXRlX3Byb2ZpbGU6dmVyc2lvbl8xGIftvaflFiJDcHJvamVjdHMvbW9uaWZ5LTEzODRkL2xvY2F0aW9ucy91cy1jZW50cmFsMS9mdW5jdGlvbnMvdXBkYXRlUHJvZmlsZSoMCMnc+sYGEPi7t7MBMghub2RlanMyMjp2CiNnY3IuaW8vZ2FlLXJ1bnRpbWVzL25vZGVqczIyOnN0YWJsZRJPdXMtY2VudHJhbDEtZG9ja2VyLnBrZy5kZXYvc2VydmVybGVzcy1ydW50aW1lcy9nb29nbGUtMjItZnVsbC9ydW50aW1lcy9ub2RlanMyMkAB","serviceAccount":"projects/monify-1384d/serviceAccounts/783109027463-compute@developer.gserviceaccount.com","automaticUpdatePolicy":{}},"serviceConfig":{"service":"projects/monify-1384d/locations/us-central1/services/createcategory","timeoutSeconds":60,"environmentVariables":{"FIREBASE_CONFIG":"{\"projectId\":\"monify-1384d\",\"storageBucket\":\"monify-1384d.firebasestorage.app\"}","GCLOUD_PROJECT":"monify-1384d","EVENTARC_CLOUD_EVENT_SOURCE":"projects/monify-1384d/locations/us-central1/services/createCategory","FUNCTION_TARGET":"createCategory","LOG_EXECUTION_ID":"true","FUNCTION_SIGNATURE_TYPE":"http"},"ingressSettings":"ALLOW_ALL","serviceAccountEmail":"783109027463-compute@developer.gserviceaccount.com","availableMemory":"256Mi","maxInstanceRequestConcurrency":80,"availableCpu":"1"},"labels":{"deployment-tool":"cli-firebase","deployment-callable":"true","firebase-functions-hash":"c0b78d8feae55a5b4c4dde57911fd078c0b5d0a1"},"environment":"GEN_2"},"stages":[{"name":"BUILD","message":"Reusing build","state":"COMPLETE","resource":"projects/783109027463/locations/us-central1/builds/82777b05-c7e4-4bb2-8c88-1a1998500aa5"},{"name":"SERVICE","message":"Creating Cloud Run service","state":"IN_PROGRESS","resource":"projects/monify-1384d/locations/us-central1/services/createcategory","resourceUri":"https://console.cloud.google.com/run/detail/us-central1/createcategory?project=monify-1384d"}],"sourceToken":"Cldwcm9qZWN0cy83ODMxMDkwMjc0NjMvbG9jYXRpb25zL3VzLWNlbnRyYWwxL2J1aWxkcy84Mjc3N2IwNS1jN2U0LTRiYjItOGM4OC0xYTE5OTg1MDBhYTUSa3VzLWNlbnRyYWwxLWRvY2tlci5wa2cuZGV2L21vbmlmeS0xMzg0ZC9nY2YtYXJ0aWZhY3RzL21vbmlmeS0tMTM4NGRfX3VzLS1jZW50cmFsMV9fdXBkYXRlX3Byb2ZpbGU6dmVyc2lvbl8xGIftvaflFiJDcHJvamVjdHMvbW9uaWZ5LTEzODRkL2xvY2F0aW9ucy91cy1jZW50cmFsMS9mdW5jdGlvbnMvdXBkYXRlUHJvZmlsZSoMCMnc+sYGEPi7t7MBMghub2RlanMyMjp2CiNnY3IuaW8vZ2FlLXJ1bnRpbWVzL25vZGVqczIyOnN0YWJsZRJPdXMtY2VudHJhbDEtZG9ja2VyLnBrZy5kZXYvc2VydmVybGVzcy1ydW50aW1lcy9nb29nbGUtMjItZnVsbC9ydW50aW1lcy9ub2RlanMyMkAB","operationType":"CREATE_FUNCTION","buildName":"projects/783109027463/locations/us-central1/builds/82777b05-c7e4-4bb2-8c88-1a1998500aa5"},"done":false}
[debug] [2025-10-02T16:54:41.987Z] Got source token Cldwcm9qZWN0cy83ODMxMDkwMjc0NjMvbG9jYXRpb25zL3VzLWNlbnRyYWwxL2J1aWxkcy84Mjc3N2IwNS1jN2U0LTRiYjItOGM4OC0xYTE5OTg1MDBhYTUSa3VzLWNlbnRyYWwxLWRvY2tlci5wa2cuZGV2L21vbmlmeS0xMzg0ZC9nY2YtYXJ0aWZhY3RzL21vbmlmeS0tMTM4NGRfX3VzLS1jZW50cmFsMV9fdXBkYXRlX3Byb2ZpbGU6dmVyc2lvbl8xGIftvaflFiJDcHJvamVjdHMvbW9uaWZ5LTEzODRkL2xvY2F0aW9ucy91cy1jZW50cmFsMS9mdW5jdGlvbnMvdXBkYXRlUHJvZmlsZSoMCMnc+sYGEPi7t7MBMghub2RlanMyMjp2CiNnY3IuaW8vZ2FlLXJ1bnRpbWVzL25vZGVqczIyOnN0YWJsZRJPdXMtY2VudHJhbDEtZG9ja2VyLnBrZy5kZXYvc2VydmVybGVzcy1ydW50aW1lcy9nb29nbGUtMjItZnVsbC9ydW50aW1lcy9ub2RlanMyMkAB for region us-central1
[debug] [2025-10-02T16:54:41.991Z] <<< [apiv2][status] GET https://cloudfunctions.googleapis.com/v2/projects/monify-1384d/locations/us-central1/operations/operation-1759424079814-6402fd749613f-7662d2a2-581d2da4 200
[debug] [2025-10-02T16:54:41.991Z] <<< [apiv2][body] GET https://cloudfunctions.googleapis.com/v2/projects/monify-1384d/locations/us-central1/operations/operation-1759424079814-6402fd749613f-7662d2a2-581d2da4 {"name":"projects/monify-1384d/locations/us-central1/operations/operation-1759424079814-6402fd749613f-7662d2a2-581d2da4","metadata":{"@type":"type.googleapis.com/google.cloud.functions.v2.OperationMetadata","createTime":"2025-10-02T16:54:40.278005720Z","target":"projects/monify-1384d/locations/us-central1/functions/updateGoalProgress","verb":"create","cancelRequested":false,"apiVersion":"v2","requestResource":{"@type":"type.googleapis.com/google.cloud.functions.v2.Function","name":"projects/monify-1384d/locations/us-central1/functions/updateGoalProgress","buildConfig":{"runtime":"nodejs22","entryPoint":"updateGoalProgress","source":{"storageSource":{"bucket":"gcf-v2-sources-783109027463-us-central1","object":"updateGoalProgress/function-source.zip","generation":"1759424080060524"}},"environmentVariables":{"GOOGLE_NODE_RUN_SCRIPTS":""},"sourceToken":"Cldwcm9qZWN0cy83ODMxMDkwMjc0NjMvbG9jYXRpb25zL3VzLWNlbnRyYWwxL2J1aWxkcy84Mjc3N2IwNS1jN2U0LTRiYjItOGM4OC0xYTE5OTg1MDBhYTUSa3VzLWNlbnRyYWwxLWRvY2tlci5wa2cuZGV2L21vbmlmeS0xMzg0ZC9nY2YtYXJ0aWZhY3RzL21vbmlmeS0tMTM4NGRfX3VzLS1jZW50cmFsMV9fdXBkYXRlX3Byb2ZpbGU6dmVyc2lvbl8xGIftvaflFiJDcHJvamVjdHMvbW9uaWZ5LTEzODRkL2xvY2F0aW9ucy91cy1jZW50cmFsMS9mdW5jdGlvbnMvdXBkYXRlUHJvZmlsZSoMCMnc+sYGEPi7t7MBMghub2RlanMyMjp2CiNnY3IuaW8vZ2FlLXJ1bnRpbWVzL25vZGVqczIyOnN0YWJsZRJPdXMtY2VudHJhbDEtZG9ja2VyLnBrZy5kZXYvc2VydmVybGVzcy1ydW50aW1lcy9nb29nbGUtMjItZnVsbC9ydW50aW1lcy9ub2RlanMyMkAB","serviceAccount":"projects/monify-1384d/serviceAccounts/783109027463-compute@developer.gserviceaccount.com","automaticUpdatePolicy":{}},"serviceConfig":{"service":"projects/monify-1384d/locations/us-central1/services/updategoalprogress","timeoutSeconds":60,"environmentVariables":{"FIREBASE_CONFIG":"{\"projectId\":\"monify-1384d\",\"storageBucket\":\"monify-1384d.firebasestorage.app\"}","GCLOUD_PROJECT":"monify-1384d","EVENTARC_CLOUD_EVENT_SOURCE":"projects/monify-1384d/locations/us-central1/services/updateGoalProgress","FUNCTION_TARGET":"updateGoalProgress","LOG_EXECUTION_ID":"true","FUNCTION_SIGNATURE_TYPE":"http"},"ingressSettings":"ALLOW_ALL","serviceAccountEmail":"783109027463-compute@developer.gserviceaccount.com","availableMemory":"256Mi","maxInstanceRequestConcurrency":80,"availableCpu":"1"},"labels":{"deployment-tool":"cli-firebase","deployment-callable":"true","firebase-functions-hash":"c0b78d8feae55a5b4c4dde57911fd078c0b5d0a1"},"environment":"GEN_2"},"stages":[{"name":"BUILD","message":"Reusing build","state":"COMPLETE","resource":"projects/783109027463/locations/us-central1/builds/82777b05-c7e4-4bb2-8c88-1a1998500aa5"},{"name":"SERVICE","message":"Creating Cloud Run service","state":"IN_PROGRESS","resource":"projects/monify-1384d/locations/us-central1/services/updategoalprogress","resourceUri":"https://console.cloud.google.com/run/detail/us-central1/updategoalprogress?project=monify-1384d"}],"sourceToken":"Cldwcm9qZWN0cy83ODMxMDkwMjc0NjMvbG9jYXRpb25zL3VzLWNlbnRyYWwxL2J1aWxkcy84Mjc3N2IwNS1jN2U0LTRiYjItOGM4OC0xYTE5OTg1MDBhYTUSa3VzLWNlbnRyYWwxLWRvY2tlci5wa2cuZGV2L21vbmlmeS0xMzg0ZC9nY2YtYXJ0aWZhY3RzL21vbmlmeS0tMTM4NGRfX3VzLS1jZW50cmFsMV9fdXBkYXRlX3Byb2ZpbGU6dmVyc2lvbl8xGIftvaflFiJDcHJvamVjdHMvbW9uaWZ5LTEzODRkL2xvY2F0aW9ucy91cy1jZW50cmFsMS9mdW5jdGlvbnMvdXBkYXRlUHJvZmlsZSoMCMnc+sYGEPi7t7MBMghub2RlanMyMjp2CiNnY3IuaW8vZ2FlLXJ1bnRpbWVzL25vZGVqczIyOnN0YWJsZRJPdXMtY2VudHJhbDEtZG9ja2VyLnBrZy5kZXYvc2VydmVybGVzcy1ydW50aW1lcy9nb29nbGUtMjItZnVsbC9ydW50aW1lcy9ub2RlanMyMkAB","operationType":"CREATE_FUNCTION","buildName":"projects/783109027463/locations/us-central1/builds/82777b05-c7e4-4bb2-8c88-1a1998500aa5"},"done":false}
[debug] [2025-10-02T16:54:41.991Z] Got source token Cldwcm9qZWN0cy83ODMxMDkwMjc0NjMvbG9jYXRpb25zL3VzLWNlbnRyYWwxL2J1aWxkcy84Mjc3N2IwNS1jN2U0LTRiYjItOGM4OC0xYTE5OTg1MDBhYTUSa3VzLWNlbnRyYWwxLWRvY2tlci5wa2cuZGV2L21vbmlmeS0xMzg0ZC9nY2YtYXJ0aWZhY3RzL21vbmlmeS0tMTM4NGRfX3VzLS1jZW50cmFsMV9fdXBkYXRlX3Byb2ZpbGU6dmVyc2lvbl8xGIftvaflFiJDcHJvamVjdHMvbW9uaWZ5LTEzODRkL2xvY2F0aW9ucy91cy1jZW50cmFsMS9mdW5jdGlvbnMvdXBkYXRlUHJvZmlsZSoMCMnc+sYGEPi7t7MBMghub2RlanMyMjp2CiNnY3IuaW8vZ2FlLXJ1bnRpbWVzL25vZGVqczIyOnN0YWJsZRJPdXMtY2VudHJhbDEtZG9ja2VyLnBrZy5kZXYvc2VydmVybGVzcy1ydW50aW1lcy9nb29nbGUtMjItZnVsbC9ydW50aW1lcy9ub2RlanMyMkAB for region us-central1
[debug] [2025-10-02T16:54:42.001Z] <<< [apiv2][status] GET https://cloudfunctions.googleapis.com/v2/projects/monify-1384d/locations/us-central1/operations/operation-1759424079827-6402fd74991eb-1c9caca7-d015f9ee 200
[debug] [2025-10-02T16:54:42.001Z] <<< [apiv2][body] GET https://cloudfunctions.googleapis.com/v2/projects/monify-1384d/locations/us-central1/operations/operation-1759424079827-6402fd74991eb-1c9caca7-d015f9ee {"name":"projects/monify-1384d/locations/us-central1/operations/operation-1759424079827-6402fd74991eb-1c9caca7-d015f9ee","metadata":{"@type":"type.googleapis.com/google.cloud.functions.v2.OperationMetadata","createTime":"2025-10-02T16:54:40.291453169Z","target":"projects/monify-1384d/locations/us-central1/functions/createIncome","verb":"create","cancelRequested":false,"apiVersion":"v2","requestResource":{"@type":"type.googleapis.com/google.cloud.functions.v2.Function","name":"projects/monify-1384d/locations/us-central1/functions/createIncome","buildConfig":{"runtime":"nodejs22","entryPoint":"createIncome","source":{"storageSource":{"bucket":"gcf-v2-sources-783109027463-us-central1","object":"createIncome/function-source.zip","generation":"1759424080080315"}},"environmentVariables":{"GOOGLE_NODE_RUN_SCRIPTS":""},"sourceToken":"Cldwcm9qZWN0cy83ODMxMDkwMjc0NjMvbG9jYXRpb25zL3VzLWNlbnRyYWwxL2J1aWxkcy84Mjc3N2IwNS1jN2U0LTRiYjItOGM4OC0xYTE5OTg1MDBhYTUSa3VzLWNlbnRyYWwxLWRvY2tlci5wa2cuZGV2L21vbmlmeS0xMzg0ZC9nY2YtYXJ0aWZhY3RzL21vbmlmeS0tMTM4NGRfX3VzLS1jZW50cmFsMV9fdXBkYXRlX3Byb2ZpbGU6dmVyc2lvbl8xGIftvaflFiJDcHJvamVjdHMvbW9uaWZ5LTEzODRkL2xvY2F0aW9ucy91cy1jZW50cmFsMS9mdW5jdGlvbnMvdXBkYXRlUHJvZmlsZSoMCMnc+sYGEPi7t7MBMghub2RlanMyMjp2CiNnY3IuaW8vZ2FlLXJ1bnRpbWVzL25vZGVqczIyOnN0YWJsZRJPdXMtY2VudHJhbDEtZG9ja2VyLnBrZy5kZXYvc2VydmVybGVzcy1ydW50aW1lcy9nb29nbGUtMjItZnVsbC9ydW50aW1lcy9ub2RlanMyMkAB","serviceAccount":"projects/monify-1384d/serviceAccounts/783109027463-compute@developer.gserviceaccount.com","automaticUpdatePolicy":{}},"serviceConfig":{"service":"projects/monify-1384d/locations/us-central1/services/createincome","timeoutSeconds":60,"environmentVariables":{"FIREBASE_CONFIG":"{\"projectId\":\"monify-1384d\",\"storageBucket\":\"monify-1384d.firebasestorage.app\"}","GCLOUD_PROJECT":"monify-1384d","EVENTARC_CLOUD_EVENT_SOURCE":"projects/monify-1384d/locations/us-central1/services/createIncome","FUNCTION_TARGET":"createIncome","LOG_EXECUTION_ID":"true","FUNCTION_SIGNATURE_TYPE":"http"},"ingressSettings":"ALLOW_ALL","serviceAccountEmail":"783109027463-compute@developer.gserviceaccount.com","availableMemory":"256Mi","maxInstanceRequestConcurrency":80,"availableCpu":"1"},"labels":{"deployment-tool":"cli-firebase","deployment-callable":"true","firebase-functions-hash":"c0b78d8feae55a5b4c4dde57911fd078c0b5d0a1"},"environment":"GEN_2"},"stages":[{"name":"BUILD","message":"Reusing build","state":"COMPLETE","resource":"projects/783109027463/locations/us-central1/builds/82777b05-c7e4-4bb2-8c88-1a1998500aa5"},{"name":"SERVICE","message":"Creating Cloud Run service","state":"IN_PROGRESS","resource":"projects/monify-1384d/locations/us-central1/services/createincome","resourceUri":"https://console.cloud.google.com/run/detail/us-central1/createincome?project=monify-1384d"}],"sourceToken":"Cldwcm9qZWN0cy83ODMxMDkwMjc0NjMvbG9jYXRpb25zL3VzLWNlbnRyYWwxL2J1aWxkcy84Mjc3N2IwNS1jN2U0LTRiYjItOGM4OC0xYTE5OTg1MDBhYTUSa3VzLWNlbnRyYWwxLWRvY2tlci5wa2cuZGV2L21vbmlmeS0xMzg0ZC9nY2YtYXJ0aWZhY3RzL21vbmlmeS0tMTM4NGRfX3VzLS1jZW50cmFsMV9fdXBkYXRlX3Byb2ZpbGU6dmVyc2lvbl8xGIftvaflFiJDcHJvamVjdHMvbW9uaWZ5LTEzODRkL2xvY2F0aW9ucy91cy1jZW50cmFsMS9mdW5jdGlvbnMvdXBkYXRlUHJvZmlsZSoMCMnc+sYGEPi7t7MBMghub2RlanMyMjp2CiNnY3IuaW8vZ2FlLXJ1bnRpbWVzL25vZGVqczIyOnN0YWJsZRJPdXMtY2VudHJhbDEtZG9ja2VyLnBrZy5kZXYvc2VydmVybGVzcy1ydW50aW1lcy9nb29nbGUtMjItZnVsbC9ydW50aW1lcy9ub2RlanMyMkAB","operationType":"CREATE_FUNCTION","buildName":"projects/783109027463/locations/us-central1/builds/82777b05-c7e4-4bb2-8c88-1a1998500aa5"},"done":false}
[debug] [2025-10-02T16:54:42.001Z] Got source token Cldwcm9qZWN0cy83ODMxMDkwMjc0NjMvbG9jYXRpb25zL3VzLWNlbnRyYWwxL2J1aWxkcy84Mjc3N2IwNS1jN2U0LTRiYjItOGM4OC0xYTE5OTg1MDBhYTUSa3VzLWNlbnRyYWwxLWRvY2tlci5wa2cuZGV2L21vbmlmeS0xMzg0ZC9nY2YtYXJ0aWZhY3RzL21vbmlmeS0tMTM4NGRfX3VzLS1jZW50cmFsMV9fdXBkYXRlX3Byb2ZpbGU6dmVyc2lvbl8xGIftvaflFiJDcHJvamVjdHMvbW9uaWZ5LTEzODRkL2xvY2F0aW9ucy91cy1jZW50cmFsMS9mdW5jdGlvbnMvdXBkYXRlUHJvZmlsZSoMCMnc+sYGEPi7t7MBMghub2RlanMyMjp2CiNnY3IuaW8vZ2FlLXJ1bnRpbWVzL25vZGVqczIyOnN0YWJsZRJPdXMtY2VudHJhbDEtZG9ja2VyLnBrZy5kZXYvc2VydmVybGVzcy1ydW50aW1lcy9nb29nbGUtMjItZnVsbC9ydW50aW1lcy9ub2RlanMyMkAB for region us-central1
[debug] [2025-10-02T16:54:42.012Z] <<< [apiv2][status] GET https://cloudfunctions.googleapis.com/v2/projects/monify-1384d/locations/us-central1/operations/operation-1759424079828-6402fd7499420-213634f8-9bae3fbe 200
[debug] [2025-10-02T16:54:42.012Z] <<< [apiv2][body] GET https://cloudfunctions.googleapis.com/v2/projects/monify-1384d/locations/us-central1/operations/operation-1759424079828-6402fd7499420-213634f8-9bae3fbe {"name":"projects/monify-1384d/locations/us-central1/operations/operation-1759424079828-6402fd7499420-213634f8-9bae3fbe","metadata":{"@type":"type.googleapis.com/google.cloud.functions.v2.OperationMetadata","createTime":"2025-10-02T16:54:40.310897607Z","target":"projects/monify-1384d/locations/us-central1/functions/getMonthlySummary","verb":"create","cancelRequested":false,"apiVersion":"v2","requestResource":{"@type":"type.googleapis.com/google.cloud.functions.v2.Function","name":"projects/monify-1384d/locations/us-central1/functions/getMonthlySummary","buildConfig":{"runtime":"nodejs22","entryPoint":"getMonthlySummary","source":{"storageSource":{"bucket":"gcf-v2-sources-783109027463-us-central1","object":"getMonthlySummary/function-source.zip","generation":"1759424080081870"}},"environmentVariables":{"GOOGLE_NODE_RUN_SCRIPTS":""},"sourceToken":"Cldwcm9qZWN0cy83ODMxMDkwMjc0NjMvbG9jYXRpb25zL3VzLWNlbnRyYWwxL2J1aWxkcy84Mjc3N2IwNS1jN2U0LTRiYjItOGM4OC0xYTE5OTg1MDBhYTUSa3VzLWNlbnRyYWwxLWRvY2tlci5wa2cuZGV2L21vbmlmeS0xMzg0ZC9nY2YtYXJ0aWZhY3RzL21vbmlmeS0tMTM4NGRfX3VzLS1jZW50cmFsMV9fdXBkYXRlX3Byb2ZpbGU6dmVyc2lvbl8xGIftvaflFiJDcHJvamVjdHMvbW9uaWZ5LTEzODRkL2xvY2F0aW9ucy91cy1jZW50cmFsMS9mdW5jdGlvbnMvdXBkYXRlUHJvZmlsZSoMCMnc+sYGEPi7t7MBMghub2RlanMyMjp2CiNnY3IuaW8vZ2FlLXJ1bnRpbWVzL25vZGVqczIyOnN0YWJsZRJPdXMtY2VudHJhbDEtZG9ja2VyLnBrZy5kZXYvc2VydmVybGVzcy1ydW50aW1lcy9nb29nbGUtMjItZnVsbC9ydW50aW1lcy9ub2RlanMyMkAB","serviceAccount":"projects/monify-1384d/serviceAccounts/783109027463-compute@developer.gserviceaccount.com","automaticUpdatePolicy":{}},"serviceConfig":{"service":"projects/monify-1384d/locations/us-central1/services/getmonthlysummary","timeoutSeconds":60,"environmentVariables":{"FIREBASE_CONFIG":"{\"projectId\":\"monify-1384d\",\"storageBucket\":\"monify-1384d.firebasestorage.app\"}","GCLOUD_PROJECT":"monify-1384d","EVENTARC_CLOUD_EVENT_SOURCE":"projects/monify-1384d/locations/us-central1/services/getMonthlySummary","FUNCTION_TARGET":"getMonthlySummary","LOG_EXECUTION_ID":"true","FUNCTION_SIGNATURE_TYPE":"http"},"ingressSettings":"ALLOW_ALL","serviceAccountEmail":"783109027463-compute@developer.gserviceaccount.com","availableMemory":"256Mi","maxInstanceRequestConcurrency":80,"availableCpu":"1"},"labels":{"deployment-tool":"cli-firebase","deployment-callable":"true","firebase-functions-hash":"c0b78d8feae55a5b4c4dde57911fd078c0b5d0a1"},"environment":"GEN_2"},"stages":[{"name":"BUILD","message":"Reusing build","state":"COMPLETE","resource":"projects/783109027463/locations/us-central1/builds/82777b05-c7e4-4bb2-8c88-1a1998500aa5"},{"name":"SERVICE","message":"Creating Cloud Run service","state":"IN_PROGRESS","resource":"projects/monify-1384d/locations/us-central1/services/getmonthlysummary","resourceUri":"https://console.cloud.google.com/run/detail/us-central1/getmonthlysummary?project=monify-1384d"}],"sourceToken":"Cldwcm9qZWN0cy83ODMxMDkwMjc0NjMvbG9jYXRpb25zL3VzLWNlbnRyYWwxL2J1aWxkcy84Mjc3N2IwNS1jN2U0LTRiYjItOGM4OC0xYTE5OTg1MDBhYTUSa3VzLWNlbnRyYWwxLWRvY2tlci5wa2cuZGV2L21vbmlmeS0xMzg0ZC9nY2YtYXJ0aWZhY3RzL21vbmlmeS0tMTM4NGRfX3VzLS1jZW50cmFsMV9fdXBkYXRlX3Byb2ZpbGU6dmVyc2lvbl8xGIftvaflFiJDcHJvamVjdHMvbW9uaWZ5LTEzODRkL2xvY2F0aW9ucy91cy1jZW50cmFsMS9mdW5jdGlvbnMvdXBkYXRlUHJvZmlsZSoMCMnc+sYGEPi7t7MBMghub2RlanMyMjp2CiNnY3IuaW8vZ2FlLXJ1bnRpbWVzL25vZGVqczIyOnN0YWJsZRJPdXMtY2VudHJhbDEtZG9ja2VyLnBrZy5kZXYvc2VydmVybGVzcy1ydW50aW1lcy9nb29nbGUtMjItZnVsbC9ydW50aW1lcy9ub2RlanMyMkAB","operationType":"CREATE_FUNCTION","buildName":"projects/783109027463/locations/us-central1/builds/82777b05-c7e4-4bb2-8c88-1a1998500aa5"},"done":false}
[debug] [2025-10-02T16:54:42.012Z] Got source token Cldwcm9qZWN0cy83ODMxMDkwMjc0NjMvbG9jYXRpb25zL3VzLWNlbnRyYWwxL2J1aWxkcy84Mjc3N2IwNS1jN2U0LTRiYjItOGM4OC0xYTE5OTg1MDBhYTUSa3VzLWNlbnRyYWwxLWRvY2tlci5wa2cuZGV2L21vbmlmeS0xMzg0ZC9nY2YtYXJ0aWZhY3RzL21vbmlmeS0tMTM4NGRfX3VzLS1jZW50cmFsMV9fdXBkYXRlX3Byb2ZpbGU6dmVyc2lvbl8xGIftvaflFiJDcHJvamVjdHMvbW9uaWZ5LTEzODRkL2xvY2F0aW9ucy91cy1jZW50cmFsMS9mdW5jdGlvbnMvdXBkYXRlUHJvZmlsZSoMCMnc+sYGEPi7t7MBMghub2RlanMyMjp2CiNnY3IuaW8vZ2FlLXJ1bnRpbWVzL25vZGVqczIyOnN0YWJsZRJPdXMtY2VudHJhbDEtZG9ja2VyLnBrZy5kZXYvc2VydmVybGVzcy1ydW50aW1lcy9nb29nbGUtMjItZnVsbC9ydW50aW1lcy9ub2RlanMyMkAB for region us-central1
[debug] [2025-10-02T16:54:42.706Z] [create-default-us-central1-createExpense] Retrying task index 0
[debug] [2025-10-02T16:54:42.706Z] Checked if tokens are valid: true, expires at: 1759427532850
[debug] [2025-10-02T16:54:42.707Z] Checked if tokens are valid: true, expires at: 1759427532850
[debug] [2025-10-02T16:54:42.707Z] >>> [apiv2][query] GET https://cloudfunctions.googleapis.com/v2/projects/monify-1384d/locations/us-central1/operations/operation-1759424079812-6402fd74957db-a48719b1-70f5e374 [none]
[debug] [2025-10-02T16:54:42.865Z] [create-default-us-central1-createGoal] Retrying task index 0
[debug] [2025-10-02T16:54:42.865Z] Checked if tokens are valid: true, expires at: 1759427532850
[debug] [2025-10-02T16:54:42.865Z] Checked if tokens are valid: true, expires at: 1759427532850
[debug] [2025-10-02T16:54:42.865Z] >>> [apiv2][query] GET https://cloudfunctions.googleapis.com/v2/projects/monify-1384d/locations/us-central1/operations/operation-1759424079808-6402fd74947ff-6b87e780-103c1f6e [none]
[debug] [2025-10-02T16:54:42.992Z] [create-default-us-central1-getGoalProgressSummary] Retrying task index 0
[debug] [2025-10-02T16:54:42.992Z] Checked if tokens are valid: true, expires at: 1759427532850
[debug] [2025-10-02T16:54:42.993Z] Checked if tokens are valid: true, expires at: 1759427532850
[debug] [2025-10-02T16:54:42.993Z] >>> [apiv2][query] GET https://cloudfunctions.googleapis.com/v2/projects/monify-1384d/locations/us-central1/operations/operation-1759424079815-6402fd749620c-196af513-57866773 [none]
[debug] [2025-10-02T16:54:42.994Z] [create-default-us-central1-createCategory] Retrying task index 0
[debug] [2025-10-02T16:54:42.994Z] Checked if tokens are valid: true, expires at: 1759427532850
[debug] [2025-10-02T16:54:42.995Z] Checked if tokens are valid: true, expires at: 1759427532850
[debug] [2025-10-02T16:54:42.995Z] >>> [apiv2][query] GET https://cloudfunctions.googleapis.com/v2/projects/monify-1384d/locations/us-central1/operations/operation-1759424079724-6402fd74800ab-afe514bd-5b98ddfb [none]
[debug] [2025-10-02T16:54:42.995Z] [create-default-us-central1-updateGoalProgress] Retrying task index 0
[debug] [2025-10-02T16:54:42.995Z] Checked if tokens are valid: true, expires at: 1759427532850
[debug] [2025-10-02T16:54:42.995Z] Checked if tokens are valid: true, expires at: 1759427532850
[debug] [2025-10-02T16:54:42.995Z] >>> [apiv2][query] GET https://cloudfunctions.googleapis.com/v2/projects/monify-1384d/locations/us-central1/operations/operation-1759424079814-6402fd749613f-7662d2a2-581d2da4 [none]
[debug] [2025-10-02T16:54:43.008Z] [create-default-us-central1-createIncome] Retrying task index 0
[debug] [2025-10-02T16:54:43.008Z] Checked if tokens are valid: true, expires at: 1759427532850
[debug] [2025-10-02T16:54:43.008Z] Checked if tokens are valid: true, expires at: 1759427532850
[debug] [2025-10-02T16:54:43.008Z] >>> [apiv2][query] GET https://cloudfunctions.googleapis.com/v2/projects/monify-1384d/locations/us-central1/operations/operation-1759424079827-6402fd74991eb-1c9caca7-d015f9ee [none]
[debug] [2025-10-02T16:54:43.012Z] [create-default-us-central1-getMonthlySummary] Retrying task index 0
[debug] [2025-10-02T16:54:43.012Z] Checked if tokens are valid: true, expires at: 1759427532850
[debug] [2025-10-02T16:54:43.012Z] Checked if tokens are valid: true, expires at: 1759427532850
[debug] [2025-10-02T16:54:43.012Z] >>> [apiv2][query] GET https://cloudfunctions.googleapis.com/v2/projects/monify-1384d/locations/us-central1/operations/operation-1759424079828-6402fd7499420-213634f8-9bae3fbe [none]
[debug] [2025-10-02T16:54:43.014Z] <<< [apiv2][status] GET https://cloudfunctions.googleapis.com/v2/projects/monify-1384d/locations/us-central1/operations/operation-1759424079812-6402fd74957db-a48719b1-70f5e374 200
[debug] [2025-10-02T16:54:43.014Z] <<< [apiv2][body] GET https://cloudfunctions.googleapis.com/v2/projects/monify-1384d/locations/us-central1/operations/operation-1759424079812-6402fd74957db-a48719b1-70f5e374 {"name":"projects/monify-1384d/locations/us-central1/operations/operation-1759424079812-6402fd74957db-a48719b1-70f5e374","metadata":{"@type":"type.googleapis.com/google.cloud.functions.v2.OperationMetadata","createTime":"2025-10-02T16:54:40.299667718Z","target":"projects/monify-1384d/locations/us-central1/functions/createExpense","verb":"create","cancelRequested":false,"apiVersion":"v2","requestResource":{"@type":"type.googleapis.com/google.cloud.functions.v2.Function","name":"projects/monify-1384d/locations/us-central1/functions/createExpense","buildConfig":{"runtime":"nodejs22","entryPoint":"createExpense","source":{"storageSource":{"bucket":"gcf-v2-sources-783109027463-us-central1","object":"createExpense/function-source.zip","generation":"1759424080080262"}},"environmentVariables":{"GOOGLE_NODE_RUN_SCRIPTS":""},"sourceToken":"Cldwcm9qZWN0cy83ODMxMDkwMjc0NjMvbG9jYXRpb25zL3VzLWNlbnRyYWwxL2J1aWxkcy84Mjc3N2IwNS1jN2U0LTRiYjItOGM4OC0xYTE5OTg1MDBhYTUSa3VzLWNlbnRyYWwxLWRvY2tlci5wa2cuZGV2L21vbmlmeS0xMzg0ZC9nY2YtYXJ0aWZhY3RzL21vbmlmeS0tMTM4NGRfX3VzLS1jZW50cmFsMV9fdXBkYXRlX3Byb2ZpbGU6dmVyc2lvbl8xGIftvaflFiJDcHJvamVjdHMvbW9uaWZ5LTEzODRkL2xvY2F0aW9ucy91cy1jZW50cmFsMS9mdW5jdGlvbnMvdXBkYXRlUHJvZmlsZSoMCMnc+sYGEPi7t7MBMghub2RlanMyMjp2CiNnY3IuaW8vZ2FlLXJ1bnRpbWVzL25vZGVqczIyOnN0YWJsZRJPdXMtY2VudHJhbDEtZG9ja2VyLnBrZy5kZXYvc2VydmVybGVzcy1ydW50aW1lcy9nb29nbGUtMjItZnVsbC9ydW50aW1lcy9ub2RlanMyMkAB","serviceAccount":"projects/monify-1384d/serviceAccounts/783109027463-compute@developer.gserviceaccount.com","automaticUpdatePolicy":{}},"serviceConfig":{"service":"projects/monify-1384d/locations/us-central1/services/createexpense","timeoutSeconds":60,"environmentVariables":{"FIREBASE_CONFIG":"{\"projectId\":\"monify-1384d\",\"storageBucket\":\"monify-1384d.firebasestorage.app\"}","GCLOUD_PROJECT":"monify-1384d","EVENTARC_CLOUD_EVENT_SOURCE":"projects/monify-1384d/locations/us-central1/services/createExpense","FUNCTION_TARGET":"createExpense","LOG_EXECUTION_ID":"true","FUNCTION_SIGNATURE_TYPE":"http"},"ingressSettings":"ALLOW_ALL","serviceAccountEmail":"783109027463-compute@developer.gserviceaccount.com","availableMemory":"256Mi","maxInstanceRequestConcurrency":80,"availableCpu":"1"},"labels":{"deployment-tool":"cli-firebase","deployment-callable":"true","firebase-functions-hash":"c0b78d8feae55a5b4c4dde57911fd078c0b5d0a1"},"environment":"GEN_2"},"stages":[{"name":"BUILD","message":"Reusing build","state":"COMPLETE","resource":"projects/783109027463/locations/us-central1/builds/82777b05-c7e4-4bb2-8c88-1a1998500aa5"},{"name":"SERVICE","message":"Creating Cloud Run service","state":"IN_PROGRESS","resource":"projects/monify-1384d/locations/us-central1/services/createexpense","resourceUri":"https://console.cloud.google.com/run/detail/us-central1/createexpense?project=monify-1384d"}],"sourceToken":"Cldwcm9qZWN0cy83ODMxMDkwMjc0NjMvbG9jYXRpb25zL3VzLWNlbnRyYWwxL2J1aWxkcy84Mjc3N2IwNS1jN2U0LTRiYjItOGM4OC0xYTE5OTg1MDBhYTUSa3VzLWNlbnRyYWwxLWRvY2tlci5wa2cuZGV2L21vbmlmeS0xMzg0ZC9nY2YtYXJ0aWZhY3RzL21vbmlmeS0tMTM4NGRfX3VzLS1jZW50cmFsMV9fdXBkYXRlX3Byb2ZpbGU6dmVyc2lvbl8xGIftvaflFiJDcHJvamVjdHMvbW9uaWZ5LTEzODRkL2xvY2F0aW9ucy91cy1jZW50cmFsMS9mdW5jdGlvbnMvdXBkYXRlUHJvZmlsZSoMCMnc+sYGEPi7t7MBMghub2RlanMyMjp2CiNnY3IuaW8vZ2FlLXJ1bnRpbWVzL25vZGVqczIyOnN0YWJsZRJPdXMtY2VudHJhbDEtZG9ja2VyLnBrZy5kZXYvc2VydmVybGVzcy1ydW50aW1lcy9nb29nbGUtMjItZnVsbC9ydW50aW1lcy9ub2RlanMyMkAB","operationType":"CREATE_FUNCTION","buildName":"projects/783109027463/locations/us-central1/builds/82777b05-c7e4-4bb2-8c88-1a1998500aa5"},"done":false}
[debug] [2025-10-02T16:54:43.015Z] Got source token Cldwcm9qZWN0cy83ODMxMDkwMjc0NjMvbG9jYXRpb25zL3VzLWNlbnRyYWwxL2J1aWxkcy84Mjc3N2IwNS1jN2U0LTRiYjItOGM4OC0xYTE5OTg1MDBhYTUSa3VzLWNlbnRyYWwxLWRvY2tlci5wa2cuZGV2L21vbmlmeS0xMzg0ZC9nY2YtYXJ0aWZhY3RzL21vbmlmeS0tMTM4NGRfX3VzLS1jZW50cmFsMV9fdXBkYXRlX3Byb2ZpbGU6dmVyc2lvbl8xGIftvaflFiJDcHJvamVjdHMvbW9uaWZ5LTEzODRkL2xvY2F0aW9ucy91cy1jZW50cmFsMS9mdW5jdGlvbnMvdXBkYXRlUHJvZmlsZSoMCMnc+sYGEPi7t7MBMghub2RlanMyMjp2CiNnY3IuaW8vZ2FlLXJ1bnRpbWVzL25vZGVqczIyOnN0YWJsZRJPdXMtY2VudHJhbDEtZG9ja2VyLnBrZy5kZXYvc2VydmVybGVzcy1ydW50aW1lcy9nb29nbGUtMjItZnVsbC9ydW50aW1lcy9ub2RlanMyMkAB for region us-central1
[debug] [2025-10-02T16:54:43.167Z] <<< [apiv2][status] GET https://cloudfunctions.googleapis.com/v2/projects/monify-1384d/locations/us-central1/operations/operation-1759424079808-6402fd74947ff-6b87e780-103c1f6e 200
[debug] [2025-10-02T16:54:43.168Z] <<< [apiv2][body] GET https://cloudfunctions.googleapis.com/v2/projects/monify-1384d/locations/us-central1/operations/operation-1759424079808-6402fd74947ff-6b87e780-103c1f6e {"name":"projects/monify-1384d/locations/us-central1/operations/operation-1759424079808-6402fd74947ff-6b87e780-103c1f6e","metadata":{"@type":"type.googleapis.com/google.cloud.functions.v2.OperationMetadata","createTime":"2025-10-02T16:54:40.267072686Z","target":"projects/monify-1384d/locations/us-central1/functions/createGoal","verb":"create","cancelRequested":false,"apiVersion":"v2","requestResource":{"@type":"type.googleapis.com/google.cloud.functions.v2.Function","name":"projects/monify-1384d/locations/us-central1/functions/createGoal","buildConfig":{"runtime":"nodejs22","entryPoint":"createGoal","source":{"storageSource":{"bucket":"gcf-v2-sources-783109027463-us-central1","object":"createGoal/function-source.zip","generation":"1759424080029850"}},"environmentVariables":{"GOOGLE_NODE_RUN_SCRIPTS":""},"sourceToken":"Cldwcm9qZWN0cy83ODMxMDkwMjc0NjMvbG9jYXRpb25zL3VzLWNlbnRyYWwxL2J1aWxkcy84Mjc3N2IwNS1jN2U0LTRiYjItOGM4OC0xYTE5OTg1MDBhYTUSa3VzLWNlbnRyYWwxLWRvY2tlci5wa2cuZGV2L21vbmlmeS0xMzg0ZC9nY2YtYXJ0aWZhY3RzL21vbmlmeS0tMTM4NGRfX3VzLS1jZW50cmFsMV9fdXBkYXRlX3Byb2ZpbGU6dmVyc2lvbl8xGIftvaflFiJDcHJvamVjdHMvbW9uaWZ5LTEzODRkL2xvY2F0aW9ucy91cy1jZW50cmFsMS9mdW5jdGlvbnMvdXBkYXRlUHJvZmlsZSoMCMnc+sYGEPi7t7MBMghub2RlanMyMjp2CiNnY3IuaW8vZ2FlLXJ1bnRpbWVzL25vZGVqczIyOnN0YWJsZRJPdXMtY2VudHJhbDEtZG9ja2VyLnBrZy5kZXYvc2VydmVybGVzcy1ydW50aW1lcy9nb29nbGUtMjItZnVsbC9ydW50aW1lcy9ub2RlanMyMkAB","serviceAccount":"projects/monify-1384d/serviceAccounts/783109027463-compute@developer.gserviceaccount.com","automaticUpdatePolicy":{}},"serviceConfig":{"service":"projects/monify-1384d/locations/us-central1/services/creategoal","timeoutSeconds":60,"environmentVariables":{"FIREBASE_CONFIG":"{\"projectId\":\"monify-1384d\",\"storageBucket\":\"monify-1384d.firebasestorage.app\"}","GCLOUD_PROJECT":"monify-1384d","EVENTARC_CLOUD_EVENT_SOURCE":"projects/monify-1384d/locations/us-central1/services/createGoal","FUNCTION_TARGET":"createGoal","LOG_EXECUTION_ID":"true","FUNCTION_SIGNATURE_TYPE":"http"},"ingressSettings":"ALLOW_ALL","serviceAccountEmail":"783109027463-compute@developer.gserviceaccount.com","availableMemory":"256Mi","maxInstanceRequestConcurrency":80,"availableCpu":"1"},"labels":{"deployment-tool":"cli-firebase","deployment-callable":"true","firebase-functions-hash":"c0b78d8feae55a5b4c4dde57911fd078c0b5d0a1"},"environment":"GEN_2"},"stages":[{"name":"BUILD","message":"Reusing build","state":"COMPLETE","resource":"projects/783109027463/locations/us-central1/builds/82777b05-c7e4-4bb2-8c88-1a1998500aa5"},{"name":"SERVICE","message":"Creating Cloud Run service","state":"IN_PROGRESS","resource":"projects/monify-1384d/locations/us-central1/services/creategoal","resourceUri":"https://console.cloud.google.com/run/detail/us-central1/creategoal?project=monify-1384d"}],"sourceToken":"Cldwcm9qZWN0cy83ODMxMDkwMjc0NjMvbG9jYXRpb25zL3VzLWNlbnRyYWwxL2J1aWxkcy84Mjc3N2IwNS1jN2U0LTRiYjItOGM4OC0xYTE5OTg1MDBhYTUSa3VzLWNlbnRyYWwxLWRvY2tlci5wa2cuZGV2L21vbmlmeS0xMzg0ZC9nY2YtYXJ0aWZhY3RzL21vbmlmeS0tMTM4NGRfX3VzLS1jZW50cmFsMV9fdXBkYXRlX3Byb2ZpbGU6dmVyc2lvbl8xGIftvaflFiJDcHJvamVjdHMvbW9uaWZ5LTEzODRkL2xvY2F0aW9ucy91cy1jZW50cmFsMS9mdW5jdGlvbnMvdXBkYXRlUHJvZmlsZSoMCMnc+sYGEPi7t7MBMghub2RlanMyMjp2CiNnY3IuaW8vZ2FlLXJ1bnRpbWVzL25vZGVqczIyOnN0YWJsZRJPdXMtY2VudHJhbDEtZG9ja2VyLnBrZy5kZXYvc2VydmVybGVzcy1ydW50aW1lcy9nb29nbGUtMjItZnVsbC9ydW50aW1lcy9ub2RlanMyMkAB","operationType":"CREATE_FUNCTION","buildName":"projects/783109027463/locations/us-central1/builds/82777b05-c7e4-4bb2-8c88-1a1998500aa5"},"done":false}
[debug] [2025-10-02T16:54:43.168Z] Got source token Cldwcm9qZWN0cy83ODMxMDkwMjc0NjMvbG9jYXRpb25zL3VzLWNlbnRyYWwxL2J1aWxkcy84Mjc3N2IwNS1jN2U0LTRiYjItOGM4OC0xYTE5OTg1MDBhYTUSa3VzLWNlbnRyYWwxLWRvY2tlci5wa2cuZGV2L21vbmlmeS0xMzg0ZC9nY2YtYXJ0aWZhY3RzL21vbmlmeS0tMTM4NGRfX3VzLS1jZW50cmFsMV9fdXBkYXRlX3Byb2ZpbGU6dmVyc2lvbl8xGIftvaflFiJDcHJvamVjdHMvbW9uaWZ5LTEzODRkL2xvY2F0aW9ucy91cy1jZW50cmFsMS9mdW5jdGlvbnMvdXBkYXRlUHJvZmlsZSoMCMnc+sYGEPi7t7MBMghub2RlanMyMjp2CiNnY3IuaW8vZ2FlLXJ1bnRpbWVzL25vZGVqczIyOnN0YWJsZRJPdXMtY2VudHJhbDEtZG9ja2VyLnBrZy5kZXYvc2VydmVybGVzcy1ydW50aW1lcy9nb29nbGUtMjItZnVsbC9ydW50aW1lcy9ub2RlanMyMkAB for region us-central1
[debug] [2025-10-02T16:54:43.335Z] <<< [apiv2][status] GET https://cloudfunctions.googleapis.com/v2/projects/monify-1384d/locations/us-central1/operations/operation-1759424079815-6402fd749620c-196af513-57866773 200
[debug] [2025-10-02T16:54:43.335Z] <<< [apiv2][body] GET https://cloudfunctions.googleapis.com/v2/projects/monify-1384d/locations/us-central1/operations/operation-1759424079815-6402fd749620c-196af513-57866773 {"name":"projects/monify-1384d/locations/us-central1/operations/operation-1759424079815-6402fd749620c-196af513-57866773","metadata":{"@type":"type.googleapis.com/google.cloud.functions.v2.OperationMetadata","createTime":"2025-10-02T16:54:40.300714210Z","target":"projects/monify-1384d/locations/us-central1/functions/getGoalProgressSummary","verb":"create","cancelRequested":false,"apiVersion":"v2","requestResource":{"@type":"type.googleapis.com/google.cloud.functions.v2.Function","name":"projects/monify-1384d/locations/us-central1/functions/getGoalProgressSummary","buildConfig":{"runtime":"nodejs22","entryPoint":"getGoalProgressSummary","source":{"storageSource":{"bucket":"gcf-v2-sources-783109027463-us-central1","object":"getGoalProgressSummary/function-source.zip","generation":"1759424080046847"}},"environmentVariables":{"GOOGLE_NODE_RUN_SCRIPTS":""},"sourceToken":"Cldwcm9qZWN0cy83ODMxMDkwMjc0NjMvbG9jYXRpb25zL3VzLWNlbnRyYWwxL2J1aWxkcy84Mjc3N2IwNS1jN2U0LTRiYjItOGM4OC0xYTE5OTg1MDBhYTUSa3VzLWNlbnRyYWwxLWRvY2tlci5wa2cuZGV2L21vbmlmeS0xMzg0ZC9nY2YtYXJ0aWZhY3RzL21vbmlmeS0tMTM4NGRfX3VzLS1jZW50cmFsMV9fdXBkYXRlX3Byb2ZpbGU6dmVyc2lvbl8xGIftvaflFiJDcHJvamVjdHMvbW9uaWZ5LTEzODRkL2xvY2F0aW9ucy91cy1jZW50cmFsMS9mdW5jdGlvbnMvdXBkYXRlUHJvZmlsZSoMCMnc+sYGEPi7t7MBMghub2RlanMyMjp2CiNnY3IuaW8vZ2FlLXJ1bnRpbWVzL25vZGVqczIyOnN0YWJsZRJPdXMtY2VudHJhbDEtZG9ja2VyLnBrZy5kZXYvc2VydmVybGVzcy1ydW50aW1lcy9nb29nbGUtMjItZnVsbC9ydW50aW1lcy9ub2RlanMyMkAB","serviceAccount":"projects/monify-1384d/serviceAccounts/783109027463-compute@developer.gserviceaccount.com","automaticUpdatePolicy":{}},"serviceConfig":{"service":"projects/monify-1384d/locations/us-central1/services/getgoalprogresssummary","timeoutSeconds":60,"environmentVariables":{"FIREBASE_CONFIG":"{\"projectId\":\"monify-1384d\",\"storageBucket\":\"monify-1384d.firebasestorage.app\"}","GCLOUD_PROJECT":"monify-1384d","EVENTARC_CLOUD_EVENT_SOURCE":"projects/monify-1384d/locations/us-central1/services/getGoalProgressSummary","FUNCTION_TARGET":"getGoalProgressSummary","LOG_EXECUTION_ID":"true","FUNCTION_SIGNATURE_TYPE":"http"},"ingressSettings":"ALLOW_ALL","serviceAccountEmail":"783109027463-compute@developer.gserviceaccount.com","availableMemory":"256Mi","maxInstanceRequestConcurrency":80,"availableCpu":"1"},"labels":{"deployment-tool":"cli-firebase","deployment-callable":"true","firebase-functions-hash":"c0b78d8feae55a5b4c4dde57911fd078c0b5d0a1"},"environment":"GEN_2"},"stages":[{"name":"BUILD","message":"Reusing build","state":"COMPLETE","resource":"projects/783109027463/locations/us-central1/builds/82777b05-c7e4-4bb2-8c88-1a1998500aa5"},{"name":"SERVICE","message":"Creating Cloud Run service","state":"IN_PROGRESS","resource":"projects/monify-1384d/locations/us-central1/services/getgoalprogresssummary","resourceUri":"https://console.cloud.google.com/run/detail/us-central1/getgoalprogresssummary?project=monify-1384d"}],"sourceToken":"Cldwcm9qZWN0cy83ODMxMDkwMjc0NjMvbG9jYXRpb25zL3VzLWNlbnRyYWwxL2J1aWxkcy84Mjc3N2IwNS1jN2U0LTRiYjItOGM4OC0xYTE5OTg1MDBhYTUSa3VzLWNlbnRyYWwxLWRvY2tlci5wa2cuZGV2L21vbmlmeS0xMzg0ZC9nY2YtYXJ0aWZhY3RzL21vbmlmeS0tMTM4NGRfX3VzLS1jZW50cmFsMV9fdXBkYXRlX3Byb2ZpbGU6dmVyc2lvbl8xGIftvaflFiJDcHJvamVjdHMvbW9uaWZ5LTEzODRkL2xvY2F0aW9ucy91cy1jZW50cmFsMS9mdW5jdGlvbnMvdXBkYXRlUHJvZmlsZSoMCMnc+sYGEPi7t7MBMghub2RlanMyMjp2CiNnY3IuaW8vZ2FlLXJ1bnRpbWVzL25vZGVqczIyOnN0YWJsZRJPdXMtY2VudHJhbDEtZG9ja2VyLnBrZy5kZXYvc2VydmVybGVzcy1ydW50aW1lcy9nb29nbGUtMjItZnVsbC9ydW50aW1lcy9ub2RlanMyMkAB","operationType":"CREATE_FUNCTION","buildName":"projects/783109027463/locations/us-central1/builds/82777b05-c7e4-4bb2-8c88-1a1998500aa5"},"done":false}
[debug] [2025-10-02T16:54:43.335Z] Got source token Cldwcm9qZWN0cy83ODMxMDkwMjc0NjMvbG9jYXRpb25zL3VzLWNlbnRyYWwxL2J1aWxkcy84Mjc3N2IwNS1jN2U0LTRiYjItOGM4OC0xYTE5OTg1MDBhYTUSa3VzLWNlbnRyYWwxLWRvY2tlci5wa2cuZGV2L21vbmlmeS0xMzg0ZC9nY2YtYXJ0aWZhY3RzL21vbmlmeS0tMTM4NGRfX3VzLS1jZW50cmFsMV9fdXBkYXRlX3Byb2ZpbGU6dmVyc2lvbl8xGIftvaflFiJDcHJvamVjdHMvbW9uaWZ5LTEzODRkL2xvY2F0aW9ucy91cy1jZW50cmFsMS9mdW5jdGlvbnMvdXBkYXRlUHJvZmlsZSoMCMnc+sYGEPi7t7MBMghub2RlanMyMjp2CiNnY3IuaW8vZ2FlLXJ1bnRpbWVzL25vZGVqczIyOnN0YWJsZRJPdXMtY2VudHJhbDEtZG9ja2VyLnBrZy5kZXYvc2VydmVybGVzcy1ydW50aW1lcy9nb29nbGUtMjItZnVsbC9ydW50aW1lcy9ub2RlanMyMkAB for region us-central1
[debug] [2025-10-02T16:54:43.337Z] <<< [apiv2][status] GET https://cloudfunctions.googleapis.com/v2/projects/monify-1384d/locations/us-central1/operations/operation-1759424079814-6402fd749613f-7662d2a2-581d2da4 200
[debug] [2025-10-02T16:54:43.337Z] <<< [apiv2][body] GET https://cloudfunctions.googleapis.com/v2/projects/monify-1384d/locations/us-central1/operations/operation-1759424079814-6402fd749613f-7662d2a2-581d2da4 {"name":"projects/monify-1384d/locations/us-central1/operations/operation-1759424079814-6402fd749613f-7662d2a2-581d2da4","metadata":{"@type":"type.googleapis.com/google.cloud.functions.v2.OperationMetadata","createTime":"2025-10-02T16:54:40.278005720Z","target":"projects/monify-1384d/locations/us-central1/functions/updateGoalProgress","verb":"create","cancelRequested":false,"apiVersion":"v2","requestResource":{"@type":"type.googleapis.com/google.cloud.functions.v2.Function","name":"projects/monify-1384d/locations/us-central1/functions/updateGoalProgress","buildConfig":{"runtime":"nodejs22","entryPoint":"updateGoalProgress","source":{"storageSource":{"bucket":"gcf-v2-sources-783109027463-us-central1","object":"updateGoalProgress/function-source.zip","generation":"1759424080060524"}},"environmentVariables":{"GOOGLE_NODE_RUN_SCRIPTS":""},"sourceToken":"Cldwcm9qZWN0cy83ODMxMDkwMjc0NjMvbG9jYXRpb25zL3VzLWNlbnRyYWwxL2J1aWxkcy84Mjc3N2IwNS1jN2U0LTRiYjItOGM4OC0xYTE5OTg1MDBhYTUSa3VzLWNlbnRyYWwxLWRvY2tlci5wa2cuZGV2L21vbmlmeS0xMzg0ZC9nY2YtYXJ0aWZhY3RzL21vbmlmeS0tMTM4NGRfX3VzLS1jZW50cmFsMV9fdXBkYXRlX3Byb2ZpbGU6dmVyc2lvbl8xGIftvaflFiJDcHJvamVjdHMvbW9uaWZ5LTEzODRkL2xvY2F0aW9ucy91cy1jZW50cmFsMS9mdW5jdGlvbnMvdXBkYXRlUHJvZmlsZSoMCMnc+sYGEPi7t7MBMghub2RlanMyMjp2CiNnY3IuaW8vZ2FlLXJ1bnRpbWVzL25vZGVqczIyOnN0YWJsZRJPdXMtY2VudHJhbDEtZG9ja2VyLnBrZy5kZXYvc2VydmVybGVzcy1ydW50aW1lcy9nb29nbGUtMjItZnVsbC9ydW50aW1lcy9ub2RlanMyMkAB","serviceAccount":"projects/monify-1384d/serviceAccounts/783109027463-compute@developer.gserviceaccount.com","automaticUpdatePolicy":{}},"serviceConfig":{"service":"projects/monify-1384d/locations/us-central1/services/updategoalprogress","timeoutSeconds":60,"environmentVariables":{"FIREBASE_CONFIG":"{\"projectId\":\"monify-1384d\",\"storageBucket\":\"monify-1384d.firebasestorage.app\"}","GCLOUD_PROJECT":"monify-1384d","EVENTARC_CLOUD_EVENT_SOURCE":"projects/monify-1384d/locations/us-central1/services/updateGoalProgress","FUNCTION_TARGET":"updateGoalProgress","LOG_EXECUTION_ID":"true","FUNCTION_SIGNATURE_TYPE":"http"},"ingressSettings":"ALLOW_ALL","serviceAccountEmail":"783109027463-compute@developer.gserviceaccount.com","availableMemory":"256Mi","maxInstanceRequestConcurrency":80,"availableCpu":"1"},"labels":{"deployment-tool":"cli-firebase","deployment-callable":"true","firebase-functions-hash":"c0b78d8feae55a5b4c4dde57911fd078c0b5d0a1"},"environment":"GEN_2"},"stages":[{"name":"BUILD","message":"Reusing build","state":"COMPLETE","resource":"projects/783109027463/locations/us-central1/builds/82777b05-c7e4-4bb2-8c88-1a1998500aa5"},{"name":"SERVICE","message":"Creating Cloud Run service","state":"IN_PROGRESS","resource":"projects/monify-1384d/locations/us-central1/services/updategoalprogress","resourceUri":"https://console.cloud.google.com/run/detail/us-central1/updategoalprogress?project=monify-1384d"}],"sourceToken":"Cldwcm9qZWN0cy83ODMxMDkwMjc0NjMvbG9jYXRpb25zL3VzLWNlbnRyYWwxL2J1aWxkcy84Mjc3N2IwNS1jN2U0LTRiYjItOGM4OC0xYTE5OTg1MDBhYTUSa3VzLWNlbnRyYWwxLWRvY2tlci5wa2cuZGV2L21vbmlmeS0xMzg0ZC9nY2YtYXJ0aWZhY3RzL21vbmlmeS0tMTM4NGRfX3VzLS1jZW50cmFsMV9fdXBkYXRlX3Byb2ZpbGU6dmVyc2lvbl8xGIftvaflFiJDcHJvamVjdHMvbW9uaWZ5LTEzODRkL2xvY2F0aW9ucy91cy1jZW50cmFsMS9mdW5jdGlvbnMvdXBkYXRlUHJvZmlsZSoMCMnc+sYGEPi7t7MBMghub2RlanMyMjp2CiNnY3IuaW8vZ2FlLXJ1bnRpbWVzL25vZGVqczIyOnN0YWJsZRJPdXMtY2VudHJhbDEtZG9ja2VyLnBrZy5kZXYvc2VydmVybGVzcy1ydW50aW1lcy9nb29nbGUtMjItZnVsbC9ydW50aW1lcy9ub2RlanMyMkAB","operationType":"CREATE_FUNCTION","buildName":"projects/783109027463/locations/us-central1/builds/82777b05-c7e4-4bb2-8c88-1a1998500aa5"},"done":false}
[debug] [2025-10-02T16:54:43.337Z] Got source token Cldwcm9qZWN0cy83ODMxMDkwMjc0NjMvbG9jYXRpb25zL3VzLWNlbnRyYWwxL2J1aWxkcy84Mjc3N2IwNS1jN2U0LTRiYjItOGM4OC0xYTE5OTg1MDBhYTUSa3VzLWNlbnRyYWwxLWRvY2tlci5wa2cuZGV2L21vbmlmeS0xMzg0ZC9nY2YtYXJ0aWZhY3RzL21vbmlmeS0tMTM4NGRfX3VzLS1jZW50cmFsMV9fdXBkYXRlX3Byb2ZpbGU6dmVyc2lvbl8xGIftvaflFiJDcHJvamVjdHMvbW9uaWZ5LTEzODRkL2xvY2F0aW9ucy91cy1jZW50cmFsMS9mdW5jdGlvbnMvdXBkYXRlUHJvZmlsZSoMCMnc+sYGEPi7t7MBMghub2RlanMyMjp2CiNnY3IuaW8vZ2FlLXJ1bnRpbWVzL25vZGVqczIyOnN0YWJsZRJPdXMtY2VudHJhbDEtZG9ja2VyLnBrZy5kZXYvc2VydmVybGVzcy1ydW50aW1lcy9nb29nbGUtMjItZnVsbC9ydW50aW1lcy9ub2RlanMyMkAB for region us-central1
[debug] [2025-10-02T16:54:43.338Z] <<< [apiv2][status] GET https://cloudfunctions.googleapis.com/v2/projects/monify-1384d/locations/us-central1/operations/operation-1759424079724-6402fd74800ab-afe514bd-5b98ddfb 200
[debug] [2025-10-02T16:54:43.338Z] <<< [apiv2][body] GET https://cloudfunctions.googleapis.com/v2/projects/monify-1384d/locations/us-central1/operations/operation-1759424079724-6402fd74800ab-afe514bd-5b98ddfb {"name":"projects/monify-1384d/locations/us-central1/operations/operation-1759424079724-6402fd74800ab-afe514bd-5b98ddfb","metadata":{"@type":"type.googleapis.com/google.cloud.functions.v2.OperationMetadata","createTime":"2025-10-02T16:54:40.195572935Z","target":"projects/monify-1384d/locations/us-central1/functions/createCategory","verb":"create","cancelRequested":false,"apiVersion":"v2","requestResource":{"@type":"type.googleapis.com/google.cloud.functions.v2.Function","name":"projects/monify-1384d/locations/us-central1/functions/createCategory","buildConfig":{"runtime":"nodejs22","entryPoint":"createCategory","source":{"storageSource":{"bucket":"gcf-v2-sources-783109027463-us-central1","object":"createCategory/function-source.zip","generation":"1759424079960007"}},"environmentVariables":{"GOOGLE_NODE_RUN_SCRIPTS":""},"sourceToken":"Cldwcm9qZWN0cy83ODMxMDkwMjc0NjMvbG9jYXRpb25zL3VzLWNlbnRyYWwxL2J1aWxkcy84Mjc3N2IwNS1jN2U0LTRiYjItOGM4OC0xYTE5OTg1MDBhYTUSa3VzLWNlbnRyYWwxLWRvY2tlci5wa2cuZGV2L21vbmlmeS0xMzg0ZC9nY2YtYXJ0aWZhY3RzL21vbmlmeS0tMTM4NGRfX3VzLS1jZW50cmFsMV9fdXBkYXRlX3Byb2ZpbGU6dmVyc2lvbl8xGIftvaflFiJDcHJvamVjdHMvbW9uaWZ5LTEzODRkL2xvY2F0aW9ucy91cy1jZW50cmFsMS9mdW5jdGlvbnMvdXBkYXRlUHJvZmlsZSoMCMnc+sYGEPi7t7MBMghub2RlanMyMjp2CiNnY3IuaW8vZ2FlLXJ1bnRpbWVzL25vZGVqczIyOnN0YWJsZRJPdXMtY2VudHJhbDEtZG9ja2VyLnBrZy5kZXYvc2VydmVybGVzcy1ydW50aW1lcy9nb29nbGUtMjItZnVsbC9ydW50aW1lcy9ub2RlanMyMkAB","serviceAccount":"projects/monify-1384d/serviceAccounts/783109027463-compute@developer.gserviceaccount.com","automaticUpdatePolicy":{}},"serviceConfig":{"service":"projects/monify-1384d/locations/us-central1/services/createcategory","timeoutSeconds":60,"environmentVariables":{"FIREBASE_CONFIG":"{\"projectId\":\"monify-1384d\",\"storageBucket\":\"monify-1384d.firebasestorage.app\"}","GCLOUD_PROJECT":"monify-1384d","EVENTARC_CLOUD_EVENT_SOURCE":"projects/monify-1384d/locations/us-central1/services/createCategory","FUNCTION_TARGET":"createCategory","LOG_EXECUTION_ID":"true","FUNCTION_SIGNATURE_TYPE":"http"},"ingressSettings":"ALLOW_ALL","serviceAccountEmail":"783109027463-compute@developer.gserviceaccount.com","availableMemory":"256Mi","maxInstanceRequestConcurrency":80,"availableCpu":"1"},"labels":{"deployment-tool":"cli-firebase","deployment-callable":"true","firebase-functions-hash":"c0b78d8feae55a5b4c4dde57911fd078c0b5d0a1"},"environment":"GEN_2"},"stages":[{"name":"BUILD","message":"Reusing build","state":"COMPLETE","resource":"projects/783109027463/locations/us-central1/builds/82777b05-c7e4-4bb2-8c88-1a1998500aa5"},{"name":"SERVICE","message":"Creating Cloud Run service","state":"IN_PROGRESS","resource":"projects/monify-1384d/locations/us-central1/services/createcategory","resourceUri":"https://console.cloud.google.com/run/detail/us-central1/createcategory?project=monify-1384d"}],"sourceToken":"Cldwcm9qZWN0cy83ODMxMDkwMjc0NjMvbG9jYXRpb25zL3VzLWNlbnRyYWwxL2J1aWxkcy84Mjc3N2IwNS1jN2U0LTRiYjItOGM4OC0xYTE5OTg1MDBhYTUSa3VzLWNlbnRyYWwxLWRvY2tlci5wa2cuZGV2L21vbmlmeS0xMzg0ZC9nY2YtYXJ0aWZhY3RzL21vbmlmeS0tMTM4NGRfX3VzLS1jZW50cmFsMV9fdXBkYXRlX3Byb2ZpbGU6dmVyc2lvbl8xGIftvaflFiJDcHJvamVjdHMvbW9uaWZ5LTEzODRkL2xvY2F0aW9ucy91cy1jZW50cmFsMS9mdW5jdGlvbnMvdXBkYXRlUHJvZmlsZSoMCMnc+sYGEPi7t7MBMghub2RlanMyMjp2CiNnY3IuaW8vZ2FlLXJ1bnRpbWVzL25vZGVqczIyOnN0YWJsZRJPdXMtY2VudHJhbDEtZG9ja2VyLnBrZy5kZXYvc2VydmVybGVzcy1ydW50aW1lcy9nb29nbGUtMjItZnVsbC9ydW50aW1lcy9ub2RlanMyMkAB","operationType":"CREATE_FUNCTION","buildName":"projects/783109027463/locations/us-central1/builds/82777b05-c7e4-4bb2-8c88-1a1998500aa5"},"done":false}
[debug] [2025-10-02T16:54:43.338Z] Got source token Cldwcm9qZWN0cy83ODMxMDkwMjc0NjMvbG9jYXRpb25zL3VzLWNlbnRyYWwxL2J1aWxkcy84Mjc3N2IwNS1jN2U0LTRiYjItOGM4OC0xYTE5OTg1MDBhYTUSa3VzLWNlbnRyYWwxLWRvY2tlci5wa2cuZGV2L21vbmlmeS0xMzg0ZC9nY2YtYXJ0aWZhY3RzL21vbmlmeS0tMTM4NGRfX3VzLS1jZW50cmFsMV9fdXBkYXRlX3Byb2ZpbGU6dmVyc2lvbl8xGIftvaflFiJDcHJvamVjdHMvbW9uaWZ5LTEzODRkL2xvY2F0aW9ucy91cy1jZW50cmFsMS9mdW5jdGlvbnMvdXBkYXRlUHJvZmlsZSoMCMnc+sYGEPi7t7MBMghub2RlanMyMjp2CiNnY3IuaW8vZ2FlLXJ1bnRpbWVzL25vZGVqczIyOnN0YWJsZRJPdXMtY2VudHJhbDEtZG9ja2VyLnBrZy5kZXYvc2VydmVybGVzcy1ydW50aW1lcy9nb29nbGUtMjItZnVsbC9ydW50aW1lcy9ub2RlanMyMkAB for region us-central1
[debug] [2025-10-02T16:54:43.350Z] <<< [apiv2][status] GET https://cloudfunctions.googleapis.com/v2/projects/monify-1384d/locations/us-central1/operations/operation-1759424079827-6402fd74991eb-1c9caca7-d015f9ee 200
[debug] [2025-10-02T16:54:43.350Z] <<< [apiv2][body] GET https://cloudfunctions.googleapis.com/v2/projects/monify-1384d/locations/us-central1/operations/operation-1759424079827-6402fd74991eb-1c9caca7-d015f9ee {"name":"projects/monify-1384d/locations/us-central1/operations/operation-1759424079827-6402fd74991eb-1c9caca7-d015f9ee","metadata":{"@type":"type.googleapis.com/google.cloud.functions.v2.OperationMetadata","createTime":"2025-10-02T16:54:40.291453169Z","target":"projects/monify-1384d/locations/us-central1/functions/createIncome","verb":"create","cancelRequested":false,"apiVersion":"v2","requestResource":{"@type":"type.googleapis.com/google.cloud.functions.v2.Function","name":"projects/monify-1384d/locations/us-central1/functions/createIncome","buildConfig":{"runtime":"nodejs22","entryPoint":"createIncome","source":{"storageSource":{"bucket":"gcf-v2-sources-783109027463-us-central1","object":"createIncome/function-source.zip","generation":"1759424080080315"}},"environmentVariables":{"GOOGLE_NODE_RUN_SCRIPTS":""},"sourceToken":"Cldwcm9qZWN0cy83ODMxMDkwMjc0NjMvbG9jYXRpb25zL3VzLWNlbnRyYWwxL2J1aWxkcy84Mjc3N2IwNS1jN2U0LTRiYjItOGM4OC0xYTE5OTg1MDBhYTUSa3VzLWNlbnRyYWwxLWRvY2tlci5wa2cuZGV2L21vbmlmeS0xMzg0ZC9nY2YtYXJ0aWZhY3RzL21vbmlmeS0tMTM4NGRfX3VzLS1jZW50cmFsMV9fdXBkYXRlX3Byb2ZpbGU6dmVyc2lvbl8xGIftvaflFiJDcHJvamVjdHMvbW9uaWZ5LTEzODRkL2xvY2F0aW9ucy91cy1jZW50cmFsMS9mdW5jdGlvbnMvdXBkYXRlUHJvZmlsZSoMCMnc+sYGEPi7t7MBMghub2RlanMyMjp2CiNnY3IuaW8vZ2FlLXJ1bnRpbWVzL25vZGVqczIyOnN0YWJsZRJPdXMtY2VudHJhbDEtZG9ja2VyLnBrZy5kZXYvc2VydmVybGVzcy1ydW50aW1lcy9nb29nbGUtMjItZnVsbC9ydW50aW1lcy9ub2RlanMyMkAB","serviceAccount":"projects/monify-1384d/serviceAccounts/783109027463-compute@developer.gserviceaccount.com","automaticUpdatePolicy":{}},"serviceConfig":{"service":"projects/monify-1384d/locations/us-central1/services/createincome","timeoutSeconds":60,"environmentVariables":{"FIREBASE_CONFIG":"{\"projectId\":\"monify-1384d\",\"storageBucket\":\"monify-1384d.firebasestorage.app\"}","GCLOUD_PROJECT":"monify-1384d","EVENTARC_CLOUD_EVENT_SOURCE":"projects/monify-1384d/locations/us-central1/services/createIncome","FUNCTION_TARGET":"createIncome","LOG_EXECUTION_ID":"true","FUNCTION_SIGNATURE_TYPE":"http"},"ingressSettings":"ALLOW_ALL","serviceAccountEmail":"783109027463-compute@developer.gserviceaccount.com","availableMemory":"256Mi","maxInstanceRequestConcurrency":80,"availableCpu":"1"},"labels":{"deployment-tool":"cli-firebase","deployment-callable":"true","firebase-functions-hash":"c0b78d8feae55a5b4c4dde57911fd078c0b5d0a1"},"environment":"GEN_2"},"stages":[{"name":"BUILD","message":"Reusing build","state":"COMPLETE","resource":"projects/783109027463/locations/us-central1/builds/82777b05-c7e4-4bb2-8c88-1a1998500aa5"},{"name":"SERVICE","message":"Creating Cloud Run service","state":"IN_PROGRESS","resource":"projects/monify-1384d/locations/us-central1/services/createincome","resourceUri":"https://console.cloud.google.com/run/detail/us-central1/createincome?project=monify-1384d"}],"sourceToken":"Cldwcm9qZWN0cy83ODMxMDkwMjc0NjMvbG9jYXRpb25zL3VzLWNlbnRyYWwxL2J1aWxkcy84Mjc3N2IwNS1jN2U0LTRiYjItOGM4OC0xYTE5OTg1MDBhYTUSa3VzLWNlbnRyYWwxLWRvY2tlci5wa2cuZGV2L21vbmlmeS0xMzg0ZC9nY2YtYXJ0aWZhY3RzL21vbmlmeS0tMTM4NGRfX3VzLS1jZW50cmFsMV9fdXBkYXRlX3Byb2ZpbGU6dmVyc2lvbl8xGIftvaflFiJDcHJvamVjdHMvbW9uaWZ5LTEzODRkL2xvY2F0aW9ucy91cy1jZW50cmFsMS9mdW5jdGlvbnMvdXBkYXRlUHJvZmlsZSoMCMnc+sYGEPi7t7MBMghub2RlanMyMjp2CiNnY3IuaW8vZ2FlLXJ1bnRpbWVzL25vZGVqczIyOnN0YWJsZRJPdXMtY2VudHJhbDEtZG9ja2VyLnBrZy5kZXYvc2VydmVybGVzcy1ydW50aW1lcy9nb29nbGUtMjItZnVsbC9ydW50aW1lcy9ub2RlanMyMkAB","operationType":"CREATE_FUNCTION","buildName":"projects/783109027463/locations/us-central1/builds/82777b05-c7e4-4bb2-8c88-1a1998500aa5"},"done":false}
[debug] [2025-10-02T16:54:43.350Z] Got source token Cldwcm9qZWN0cy83ODMxMDkwMjc0NjMvbG9jYXRpb25zL3VzLWNlbnRyYWwxL2J1aWxkcy84Mjc3N2IwNS1jN2U0LTRiYjItOGM4OC0xYTE5OTg1MDBhYTUSa3VzLWNlbnRyYWwxLWRvY2tlci5wa2cuZGV2L21vbmlmeS0xMzg0ZC9nY2YtYXJ0aWZhY3RzL21vbmlmeS0tMTM4NGRfX3VzLS1jZW50cmFsMV9fdXBkYXRlX3Byb2ZpbGU6dmVyc2lvbl8xGIftvaflFiJDcHJvamVjdHMvbW9uaWZ5LTEzODRkL2xvY2F0aW9ucy91cy1jZW50cmFsMS9mdW5jdGlvbnMvdXBkYXRlUHJvZmlsZSoMCMnc+sYGEPi7t7MBMghub2RlanMyMjp2CiNnY3IuaW8vZ2FlLXJ1bnRpbWVzL25vZGVqczIyOnN0YWJsZRJPdXMtY2VudHJhbDEtZG9ja2VyLnBrZy5kZXYvc2VydmVybGVzcy1ydW50aW1lcy9nb29nbGUtMjItZnVsbC9ydW50aW1lcy9ub2RlanMyMkAB for region us-central1
[debug] [2025-10-02T16:54:43.351Z] <<< [apiv2][status] GET https://cloudfunctions.googleapis.com/v2/projects/monify-1384d/locations/us-central1/operations/operation-1759424079828-6402fd7499420-213634f8-9bae3fbe 200
[debug] [2025-10-02T16:54:43.351Z] <<< [apiv2][body] GET https://cloudfunctions.googleapis.com/v2/projects/monify-1384d/locations/us-central1/operations/operation-1759424079828-6402fd7499420-213634f8-9bae3fbe {"name":"projects/monify-1384d/locations/us-central1/operations/operation-1759424079828-6402fd7499420-213634f8-9bae3fbe","metadata":{"@type":"type.googleapis.com/google.cloud.functions.v2.OperationMetadata","createTime":"2025-10-02T16:54:40.310897607Z","target":"projects/monify-1384d/locations/us-central1/functions/getMonthlySummary","verb":"create","cancelRequested":false,"apiVersion":"v2","requestResource":{"@type":"type.googleapis.com/google.cloud.functions.v2.Function","name":"projects/monify-1384d/locations/us-central1/functions/getMonthlySummary","buildConfig":{"runtime":"nodejs22","entryPoint":"getMonthlySummary","source":{"storageSource":{"bucket":"gcf-v2-sources-783109027463-us-central1","object":"getMonthlySummary/function-source.zip","generation":"1759424080081870"}},"environmentVariables":{"GOOGLE_NODE_RUN_SCRIPTS":""},"sourceToken":"Cldwcm9qZWN0cy83ODMxMDkwMjc0NjMvbG9jYXRpb25zL3VzLWNlbnRyYWwxL2J1aWxkcy84Mjc3N2IwNS1jN2U0LTRiYjItOGM4OC0xYTE5OTg1MDBhYTUSa3VzLWNlbnRyYWwxLWRvY2tlci5wa2cuZGV2L21vbmlmeS0xMzg0ZC9nY2YtYXJ0aWZhY3RzL21vbmlmeS0tMTM4NGRfX3VzLS1jZW50cmFsMV9fdXBkYXRlX3Byb2ZpbGU6dmVyc2lvbl8xGIftvaflFiJDcHJvamVjdHMvbW9uaWZ5LTEzODRkL2xvY2F0aW9ucy91cy1jZW50cmFsMS9mdW5jdGlvbnMvdXBkYXRlUHJvZmlsZSoMCMnc+sYGEPi7t7MBMghub2RlanMyMjp2CiNnY3IuaW8vZ2FlLXJ1bnRpbWVzL25vZGVqczIyOnN0YWJsZRJPdXMtY2VudHJhbDEtZG9ja2VyLnBrZy5kZXYvc2VydmVybGVzcy1ydW50aW1lcy9nb29nbGUtMjItZnVsbC9ydW50aW1lcy9ub2RlanMyMkAB","serviceAccount":"projects/monify-1384d/serviceAccounts/783109027463-compute@developer.gserviceaccount.com","automaticUpdatePolicy":{}},"serviceConfig":{"service":"projects/monify-1384d/locations/us-central1/services/getmonthlysummary","timeoutSeconds":60,"environmentVariables":{"FIREBASE_CONFIG":"{\"projectId\":\"monify-1384d\",\"storageBucket\":\"monify-1384d.firebasestorage.app\"}","GCLOUD_PROJECT":"monify-1384d","EVENTARC_CLOUD_EVENT_SOURCE":"projects/monify-1384d/locations/us-central1/services/getMonthlySummary","FUNCTION_TARGET":"getMonthlySummary","LOG_EXECUTION_ID":"true","FUNCTION_SIGNATURE_TYPE":"http"},"ingressSettings":"ALLOW_ALL","serviceAccountEmail":"783109027463-compute@developer.gserviceaccount.com","availableMemory":"256Mi","maxInstanceRequestConcurrency":80,"availableCpu":"1"},"labels":{"deployment-tool":"cli-firebase","deployment-callable":"true","firebase-functions-hash":"c0b78d8feae55a5b4c4dde57911fd078c0b5d0a1"},"environment":"GEN_2"},"stages":[{"name":"BUILD","message":"Reusing build","state":"COMPLETE","resource":"projects/783109027463/locations/us-central1/builds/82777b05-c7e4-4bb2-8c88-1a1998500aa5"},{"name":"SERVICE","message":"Creating Cloud Run service","state":"IN_PROGRESS","resource":"projects/monify-1384d/locations/us-central1/services/getmonthlysummary","resourceUri":"https://console.cloud.google.com/run/detail/us-central1/getmonthlysummary?project=monify-1384d"}],"sourceToken":"Cldwcm9qZWN0cy83ODMxMDkwMjc0NjMvbG9jYXRpb25zL3VzLWNlbnRyYWwxL2J1aWxkcy84Mjc3N2IwNS1jN2U0LTRiYjItOGM4OC0xYTE5OTg1MDBhYTUSa3VzLWNlbnRyYWwxLWRvY2tlci5wa2cuZGV2L21vbmlmeS0xMzg0ZC9nY2YtYXJ0aWZhY3RzL21vbmlmeS0tMTM4NGRfX3VzLS1jZW50cmFsMV9fdXBkYXRlX3Byb2ZpbGU6dmVyc2lvbl8xGIftvaflFiJDcHJvamVjdHMvbW9uaWZ5LTEzODRkL2xvY2F0aW9ucy91cy1jZW50cmFsMS9mdW5jdGlvbnMvdXBkYXRlUHJvZmlsZSoMCMnc+sYGEPi7t7MBMghub2RlanMyMjp2CiNnY3IuaW8vZ2FlLXJ1bnRpbWVzL25vZGVqczIyOnN0YWJsZRJPdXMtY2VudHJhbDEtZG9ja2VyLnBrZy5kZXYvc2VydmVybGVzcy1ydW50aW1lcy9nb29nbGUtMjItZnVsbC9ydW50aW1lcy9ub2RlanMyMkAB","operationType":"CREATE_FUNCTION","buildName":"projects/783109027463/locations/us-central1/builds/82777b05-c7e4-4bb2-8c88-1a1998500aa5"},"done":false}
[debug] [2025-10-02T16:54:43.351Z] Got source token Cldwcm9qZWN0cy83ODMxMDkwMjc0NjMvbG9jYXRpb25zL3VzLWNlbnRyYWwxL2J1aWxkcy84Mjc3N2IwNS1jN2U0LTRiYjItOGM4OC0xYTE5OTg1MDBhYTUSa3VzLWNlbnRyYWwxLWRvY2tlci5wa2cuZGV2L21vbmlmeS0xMzg0ZC9nY2YtYXJ0aWZhY3RzL21vbmlmeS0tMTM4NGRfX3VzLS1jZW50cmFsMV9fdXBkYXRlX3Byb2ZpbGU6dmVyc2lvbl8xGIftvaflFiJDcHJvamVjdHMvbW9uaWZ5LTEzODRkL2xvY2F0aW9ucy91cy1jZW50cmFsMS9mdW5jdGlvbnMvdXBkYXRlUHJvZmlsZSoMCMnc+sYGEPi7t7MBMghub2RlanMyMjp2CiNnY3IuaW8vZ2FlLXJ1bnRpbWVzL25vZGVqczIyOnN0YWJsZRJPdXMtY2VudHJhbDEtZG9ja2VyLnBrZy5kZXYvc2VydmVybGVzcy1ydW50aW1lcy9nb29nbGUtMjItZnVsbC9ydW50aW1lcy9ub2RlanMyMkAB for region us-central1
[debug] [2025-10-02T16:54:45.015Z] [create-default-us-central1-createExpense] Retrying task index 0
[debug] [2025-10-02T16:54:45.016Z] Checked if tokens are valid: true, expires at: 1759427532850
[debug] [2025-10-02T16:54:45.016Z] Checked if tokens are valid: true, expires at: 1759427532850
[debug] [2025-10-02T16:54:45.016Z] >>> [apiv2][query] GET https://cloudfunctions.googleapis.com/v2/projects/monify-1384d/locations/us-central1/operations/operation-1759424079812-6402fd74957db-a48719b1-70f5e374 [none]
[debug] [2025-10-02T16:54:45.178Z] [create-default-us-central1-createGoal] Retrying task index 0
[debug] [2025-10-02T16:54:45.179Z] Checked if tokens are valid: true, expires at: 1759427532850
[debug] [2025-10-02T16:54:45.179Z] Checked if tokens are valid: true, expires at: 1759427532850
[debug] [2025-10-02T16:54:45.179Z] >>> [apiv2][query] GET https://cloudfunctions.googleapis.com/v2/projects/monify-1384d/locations/us-central1/operations/operation-1759424079808-6402fd74947ff-6b87e780-103c1f6e [none]
[debug] [2025-10-02T16:54:45.337Z] [create-default-us-central1-getGoalProgressSummary] Retrying task index 0
[debug] [2025-10-02T16:54:45.338Z] Checked if tokens are valid: true, expires at: 1759427532850
[debug] [2025-10-02T16:54:45.338Z] Checked if tokens are valid: true, expires at: 1759427532850
[debug] [2025-10-02T16:54:45.338Z] >>> [apiv2][query] GET https://cloudfunctions.googleapis.com/v2/projects/monify-1384d/locations/us-central1/operations/operation-1759424079815-6402fd749620c-196af513-57866773 [none]
[debug] [2025-10-02T16:54:45.339Z] [create-default-us-central1-updateGoalProgress] Retrying task index 0
[debug] [2025-10-02T16:54:45.340Z] Checked if tokens are valid: true, expires at: 1759427532850
[debug] [2025-10-02T16:54:45.340Z] Checked if tokens are valid: true, expires at: 1759427532850
[debug] [2025-10-02T16:54:45.340Z] >>> [apiv2][query] GET https://cloudfunctions.googleapis.com/v2/projects/monify-1384d/locations/us-central1/operations/operation-1759424079814-6402fd749613f-7662d2a2-581d2da4 [none]
[debug] [2025-10-02T16:54:45.341Z] [create-default-us-central1-createCategory] Retrying task index 0
[debug] [2025-10-02T16:54:45.341Z] Checked if tokens are valid: true, expires at: 1759427532850
[debug] [2025-10-02T16:54:45.341Z] Checked if tokens are valid: true, expires at: 1759427532850
[debug] [2025-10-02T16:54:45.342Z] >>> [apiv2][query] GET https://cloudfunctions.googleapis.com/v2/projects/monify-1384d/locations/us-central1/operations/operation-1759424079724-6402fd74800ab-afe514bd-5b98ddfb [none]
[debug] [2025-10-02T16:54:45.353Z] [create-default-us-central1-createIncome] Retrying task index 0
[debug] [2025-10-02T16:54:45.354Z] Checked if tokens are valid: true, expires at: 1759427532850
[debug] [2025-10-02T16:54:45.354Z] Checked if tokens are valid: true, expires at: 1759427532850
[debug] [2025-10-02T16:54:45.354Z] >>> [apiv2][query] GET https://cloudfunctions.googleapis.com/v2/projects/monify-1384d/locations/us-central1/operations/operation-1759424079827-6402fd74991eb-1c9caca7-d015f9ee [none]
[debug] [2025-10-02T16:54:45.355Z] [create-default-us-central1-getMonthlySummary] Retrying task index 0
[debug] [2025-10-02T16:54:45.355Z] Checked if tokens are valid: true, expires at: 1759427532850
[debug] [2025-10-02T16:54:45.355Z] Checked if tokens are valid: true, expires at: 1759427532850
[debug] [2025-10-02T16:54:45.355Z] >>> [apiv2][query] GET https://cloudfunctions.googleapis.com/v2/projects/monify-1384d/locations/us-central1/operations/operation-1759424079828-6402fd7499420-213634f8-9bae3fbe [none]
[debug] [2025-10-02T16:54:45.358Z] <<< [apiv2][status] GET https://cloudfunctions.googleapis.com/v2/projects/monify-1384d/locations/us-central1/operations/operation-1759424079812-6402fd74957db-a48719b1-70f5e374 200
[debug] [2025-10-02T16:54:45.358Z] <<< [apiv2][body] GET https://cloudfunctions.googleapis.com/v2/projects/monify-1384d/locations/us-central1/operations/operation-1759424079812-6402fd74957db-a48719b1-70f5e374 {"name":"projects/monify-1384d/locations/us-central1/operations/operation-1759424079812-6402fd74957db-a48719b1-70f5e374","metadata":{"@type":"type.googleapis.com/google.cloud.functions.v2.OperationMetadata","createTime":"2025-10-02T16:54:40.299667718Z","target":"projects/monify-1384d/locations/us-central1/functions/createExpense","verb":"create","cancelRequested":false,"apiVersion":"v2","requestResource":{"@type":"type.googleapis.com/google.cloud.functions.v2.Function","name":"projects/monify-1384d/locations/us-central1/functions/createExpense","buildConfig":{"runtime":"nodejs22","entryPoint":"createExpense","source":{"storageSource":{"bucket":"gcf-v2-sources-783109027463-us-central1","object":"createExpense/function-source.zip","generation":"1759424080080262"}},"environmentVariables":{"GOOGLE_NODE_RUN_SCRIPTS":""},"sourceToken":"Cldwcm9qZWN0cy83ODMxMDkwMjc0NjMvbG9jYXRpb25zL3VzLWNlbnRyYWwxL2J1aWxkcy84Mjc3N2IwNS1jN2U0LTRiYjItOGM4OC0xYTE5OTg1MDBhYTUSa3VzLWNlbnRyYWwxLWRvY2tlci5wa2cuZGV2L21vbmlmeS0xMzg0ZC9nY2YtYXJ0aWZhY3RzL21vbmlmeS0tMTM4NGRfX3VzLS1jZW50cmFsMV9fdXBkYXRlX3Byb2ZpbGU6dmVyc2lvbl8xGIftvaflFiJDcHJvamVjdHMvbW9uaWZ5LTEzODRkL2xvY2F0aW9ucy91cy1jZW50cmFsMS9mdW5jdGlvbnMvdXBkYXRlUHJvZmlsZSoMCMnc+sYGEPi7t7MBMghub2RlanMyMjp2CiNnY3IuaW8vZ2FlLXJ1bnRpbWVzL25vZGVqczIyOnN0YWJsZRJPdXMtY2VudHJhbDEtZG9ja2VyLnBrZy5kZXYvc2VydmVybGVzcy1ydW50aW1lcy9nb29nbGUtMjItZnVsbC9ydW50aW1lcy9ub2RlanMyMkAB","serviceAccount":"projects/monify-1384d/serviceAccounts/783109027463-compute@developer.gserviceaccount.com","automaticUpdatePolicy":{}},"serviceConfig":{"service":"projects/monify-1384d/locations/us-central1/services/createexpense","timeoutSeconds":60,"environmentVariables":{"FIREBASE_CONFIG":"{\"projectId\":\"monify-1384d\",\"storageBucket\":\"monify-1384d.firebasestorage.app\"}","GCLOUD_PROJECT":"monify-1384d","EVENTARC_CLOUD_EVENT_SOURCE":"projects/monify-1384d/locations/us-central1/services/createExpense","FUNCTION_TARGET":"createExpense","LOG_EXECUTION_ID":"true","FUNCTION_SIGNATURE_TYPE":"http"},"ingressSettings":"ALLOW_ALL","serviceAccountEmail":"783109027463-compute@developer.gserviceaccount.com","availableMemory":"256Mi","maxInstanceRequestConcurrency":80,"availableCpu":"1"},"labels":{"deployment-tool":"cli-firebase","deployment-callable":"true","firebase-functions-hash":"c0b78d8feae55a5b4c4dde57911fd078c0b5d0a1"},"environment":"GEN_2"},"stages":[{"name":"BUILD","message":"Reusing build","state":"COMPLETE","resource":"projects/783109027463/locations/us-central1/builds/82777b05-c7e4-4bb2-8c88-1a1998500aa5"},{"name":"SERVICE","message":"Creating Cloud Run service","state":"IN_PROGRESS","resource":"projects/monify-1384d/locations/us-central1/services/createexpense","resourceUri":"https://console.cloud.google.com/run/detail/us-central1/createexpense?project=monify-1384d"}],"sourceToken":"Cldwcm9qZWN0cy83ODMxMDkwMjc0NjMvbG9jYXRpb25zL3VzLWNlbnRyYWwxL2J1aWxkcy84Mjc3N2IwNS1jN2U0LTRiYjItOGM4OC0xYTE5OTg1MDBhYTUSa3VzLWNlbnRyYWwxLWRvY2tlci5wa2cuZGV2L21vbmlmeS0xMzg0ZC9nY2YtYXJ0aWZhY3RzL21vbmlmeS0tMTM4NGRfX3VzLS1jZW50cmFsMV9fdXBkYXRlX3Byb2ZpbGU6dmVyc2lvbl8xGIftvaflFiJDcHJvamVjdHMvbW9uaWZ5LTEzODRkL2xvY2F0aW9ucy91cy1jZW50cmFsMS9mdW5jdGlvbnMvdXBkYXRlUHJvZmlsZSoMCMnc+sYGEPi7t7MBMghub2RlanMyMjp2CiNnY3IuaW8vZ2FlLXJ1bnRpbWVzL25vZGVqczIyOnN0YWJsZRJPdXMtY2VudHJhbDEtZG9ja2VyLnBrZy5kZXYvc2VydmVybGVzcy1ydW50aW1lcy9nb29nbGUtMjItZnVsbC9ydW50aW1lcy9ub2RlanMyMkAB","operationType":"CREATE_FUNCTION","buildName":"projects/783109027463/locations/us-central1/builds/82777b05-c7e4-4bb2-8c88-1a1998500aa5"},"done":false}
[debug] [2025-10-02T16:54:45.358Z] Got source token Cldwcm9qZWN0cy83ODMxMDkwMjc0NjMvbG9jYXRpb25zL3VzLWNlbnRyYWwxL2J1aWxkcy84Mjc3N2IwNS1jN2U0LTRiYjItOGM4OC0xYTE5OTg1MDBhYTUSa3VzLWNlbnRyYWwxLWRvY2tlci5wa2cuZGV2L21vbmlmeS0xMzg0ZC9nY2YtYXJ0aWZhY3RzL21vbmlmeS0tMTM4NGRfX3VzLS1jZW50cmFsMV9fdXBkYXRlX3Byb2ZpbGU6dmVyc2lvbl8xGIftvaflFiJDcHJvamVjdHMvbW9uaWZ5LTEzODRkL2xvY2F0aW9ucy91cy1jZW50cmFsMS9mdW5jdGlvbnMvdXBkYXRlUHJvZmlsZSoMCMnc+sYGEPi7t7MBMghub2RlanMyMjp2CiNnY3IuaW8vZ2FlLXJ1bnRpbWVzL25vZGVqczIyOnN0YWJsZRJPdXMtY2VudHJhbDEtZG9ja2VyLnBrZy5kZXYvc2VydmVybGVzcy1ydW50aW1lcy9nb29nbGUtMjItZnVsbC9ydW50aW1lcy9ub2RlanMyMkAB for region us-central1
[debug] [2025-10-02T16:54:45.498Z] <<< [apiv2][status] GET https://cloudfunctions.googleapis.com/v2/projects/monify-1384d/locations/us-central1/operations/operation-1759424079808-6402fd74947ff-6b87e780-103c1f6e 200
[debug] [2025-10-02T16:54:45.498Z] <<< [apiv2][body] GET https://cloudfunctions.googleapis.com/v2/projects/monify-1384d/locations/us-central1/operations/operation-1759424079808-6402fd74947ff-6b87e780-103c1f6e {"name":"projects/monify-1384d/locations/us-central1/operations/operation-1759424079808-6402fd74947ff-6b87e780-103c1f6e","metadata":{"@type":"type.googleapis.com/google.cloud.functions.v2.OperationMetadata","createTime":"2025-10-02T16:54:40.267072686Z","target":"projects/monify-1384d/locations/us-central1/functions/createGoal","verb":"create","cancelRequested":false,"apiVersion":"v2","requestResource":{"@type":"type.googleapis.com/google.cloud.functions.v2.Function","name":"projects/monify-1384d/locations/us-central1/functions/createGoal","buildConfig":{"runtime":"nodejs22","entryPoint":"createGoal","source":{"storageSource":{"bucket":"gcf-v2-sources-783109027463-us-central1","object":"createGoal/function-source.zip","generation":"1759424080029850"}},"environmentVariables":{"GOOGLE_NODE_RUN_SCRIPTS":""},"sourceToken":"Cldwcm9qZWN0cy83ODMxMDkwMjc0NjMvbG9jYXRpb25zL3VzLWNlbnRyYWwxL2J1aWxkcy84Mjc3N2IwNS1jN2U0LTRiYjItOGM4OC0xYTE5OTg1MDBhYTUSa3VzLWNlbnRyYWwxLWRvY2tlci5wa2cuZGV2L21vbmlmeS0xMzg0ZC9nY2YtYXJ0aWZhY3RzL21vbmlmeS0tMTM4NGRfX3VzLS1jZW50cmFsMV9fdXBkYXRlX3Byb2ZpbGU6dmVyc2lvbl8xGIftvaflFiJDcHJvamVjdHMvbW9uaWZ5LTEzODRkL2xvY2F0aW9ucy91cy1jZW50cmFsMS9mdW5jdGlvbnMvdXBkYXRlUHJvZmlsZSoMCMnc+sYGEPi7t7MBMghub2RlanMyMjp2CiNnY3IuaW8vZ2FlLXJ1bnRpbWVzL25vZGVqczIyOnN0YWJsZRJPdXMtY2VudHJhbDEtZG9ja2VyLnBrZy5kZXYvc2VydmVybGVzcy1ydW50aW1lcy9nb29nbGUtMjItZnVsbC9ydW50aW1lcy9ub2RlanMyMkAB","serviceAccount":"projects/monify-1384d/serviceAccounts/783109027463-compute@developer.gserviceaccount.com","automaticUpdatePolicy":{}},"serviceConfig":{"service":"projects/monify-1384d/locations/us-central1/services/creategoal","timeoutSeconds":60,"environmentVariables":{"FIREBASE_CONFIG":"{\"projectId\":\"monify-1384d\",\"storageBucket\":\"monify-1384d.firebasestorage.app\"}","GCLOUD_PROJECT":"monify-1384d","EVENTARC_CLOUD_EVENT_SOURCE":"projects/monify-1384d/locations/us-central1/services/createGoal","FUNCTION_TARGET":"createGoal","LOG_EXECUTION_ID":"true","FUNCTION_SIGNATURE_TYPE":"http"},"ingressSettings":"ALLOW_ALL","serviceAccountEmail":"783109027463-compute@developer.gserviceaccount.com","availableMemory":"256Mi","maxInstanceRequestConcurrency":80,"availableCpu":"1"},"labels":{"deployment-tool":"cli-firebase","deployment-callable":"true","firebase-functions-hash":"c0b78d8feae55a5b4c4dde57911fd078c0b5d0a1"},"environment":"GEN_2"},"stages":[{"name":"BUILD","message":"Reusing build","state":"COMPLETE","resource":"projects/783109027463/locations/us-central1/builds/82777b05-c7e4-4bb2-8c88-1a1998500aa5"},{"name":"SERVICE","message":"Creating Cloud Run service","state":"IN_PROGRESS","resource":"projects/monify-1384d/locations/us-central1/services/creategoal","resourceUri":"https://console.cloud.google.com/run/detail/us-central1/creategoal?project=monify-1384d"}],"sourceToken":"Cldwcm9qZWN0cy83ODMxMDkwMjc0NjMvbG9jYXRpb25zL3VzLWNlbnRyYWwxL2J1aWxkcy84Mjc3N2IwNS1jN2U0LTRiYjItOGM4OC0xYTE5OTg1MDBhYTUSa3VzLWNlbnRyYWwxLWRvY2tlci5wa2cuZGV2L21vbmlmeS0xMzg0ZC9nY2YtYXJ0aWZhY3RzL21vbmlmeS0tMTM4NGRfX3VzLS1jZW50cmFsMV9fdXBkYXRlX3Byb2ZpbGU6dmVyc2lvbl8xGIftvaflFiJDcHJvamVjdHMvbW9uaWZ5LTEzODRkL2xvY2F0aW9ucy91cy1jZW50cmFsMS9mdW5jdGlvbnMvdXBkYXRlUHJvZmlsZSoMCMnc+sYGEPi7t7MBMghub2RlanMyMjp2CiNnY3IuaW8vZ2FlLXJ1bnRpbWVzL25vZGVqczIyOnN0YWJsZRJPdXMtY2VudHJhbDEtZG9ja2VyLnBrZy5kZXYvc2VydmVybGVzcy1ydW50aW1lcy9nb29nbGUtMjItZnVsbC9ydW50aW1lcy9ub2RlanMyMkAB","operationType":"CREATE_FUNCTION","buildName":"projects/783109027463/locations/us-central1/builds/82777b05-c7e4-4bb2-8c88-1a1998500aa5"},"done":false}
[debug] [2025-10-02T16:54:45.498Z] Got source token Cldwcm9qZWN0cy83ODMxMDkwMjc0NjMvbG9jYXRpb25zL3VzLWNlbnRyYWwxL2J1aWxkcy84Mjc3N2IwNS1jN2U0LTRiYjItOGM4OC0xYTE5OTg1MDBhYTUSa3VzLWNlbnRyYWwxLWRvY2tlci5wa2cuZGV2L21vbmlmeS0xMzg0ZC9nY2YtYXJ0aWZhY3RzL21vbmlmeS0tMTM4NGRfX3VzLS1jZW50cmFsMV9fdXBkYXRlX3Byb2ZpbGU6dmVyc2lvbl8xGIftvaflFiJDcHJvamVjdHMvbW9uaWZ5LTEzODRkL2xvY2F0aW9ucy91cy1jZW50cmFsMS9mdW5jdGlvbnMvdXBkYXRlUHJvZmlsZSoMCMnc+sYGEPi7t7MBMghub2RlanMyMjp2CiNnY3IuaW8vZ2FlLXJ1bnRpbWVzL25vZGVqczIyOnN0YWJsZRJPdXMtY2VudHJhbDEtZG9ja2VyLnBrZy5kZXYvc2VydmVybGVzcy1ydW50aW1lcy9nb29nbGUtMjItZnVsbC9ydW50aW1lcy9ub2RlanMyMkAB for region us-central1
[debug] [2025-10-02T16:54:45.710Z] <<< [apiv2][status] GET https://cloudfunctions.googleapis.com/v2/projects/monify-1384d/locations/us-central1/operations/operation-1759424079724-6402fd74800ab-afe514bd-5b98ddfb 200
[debug] [2025-10-02T16:54:45.710Z] <<< [apiv2][body] GET https://cloudfunctions.googleapis.com/v2/projects/monify-1384d/locations/us-central1/operations/operation-1759424079724-6402fd74800ab-afe514bd-5b98ddfb {"name":"projects/monify-1384d/locations/us-central1/operations/operation-1759424079724-6402fd74800ab-afe514bd-5b98ddfb","metadata":{"@type":"type.googleapis.com/google.cloud.functions.v2.OperationMetadata","createTime":"2025-10-02T16:54:40.195572935Z","target":"projects/monify-1384d/locations/us-central1/functions/createCategory","verb":"create","cancelRequested":false,"apiVersion":"v2","requestResource":{"@type":"type.googleapis.com/google.cloud.functions.v2.Function","name":"projects/monify-1384d/locations/us-central1/functions/createCategory","buildConfig":{"runtime":"nodejs22","entryPoint":"createCategory","source":{"storageSource":{"bucket":"gcf-v2-sources-783109027463-us-central1","object":"createCategory/function-source.zip","generation":"1759424079960007"}},"environmentVariables":{"GOOGLE_NODE_RUN_SCRIPTS":""},"sourceToken":"Cldwcm9qZWN0cy83ODMxMDkwMjc0NjMvbG9jYXRpb25zL3VzLWNlbnRyYWwxL2J1aWxkcy84Mjc3N2IwNS1jN2U0LTRiYjItOGM4OC0xYTE5OTg1MDBhYTUSa3VzLWNlbnRyYWwxLWRvY2tlci5wa2cuZGV2L21vbmlmeS0xMzg0ZC9nY2YtYXJ0aWZhY3RzL21vbmlmeS0tMTM4NGRfX3VzLS1jZW50cmFsMV9fdXBkYXRlX3Byb2ZpbGU6dmVyc2lvbl8xGIftvaflFiJDcHJvamVjdHMvbW9uaWZ5LTEzODRkL2xvY2F0aW9ucy91cy1jZW50cmFsMS9mdW5jdGlvbnMvdXBkYXRlUHJvZmlsZSoMCMnc+sYGEPi7t7MBMghub2RlanMyMjp2CiNnY3IuaW8vZ2FlLXJ1bnRpbWVzL25vZGVqczIyOnN0YWJsZRJPdXMtY2VudHJhbDEtZG9ja2VyLnBrZy5kZXYvc2VydmVybGVzcy1ydW50aW1lcy9nb29nbGUtMjItZnVsbC9ydW50aW1lcy9ub2RlanMyMkAB","serviceAccount":"projects/monify-1384d/serviceAccounts/783109027463-compute@developer.gserviceaccount.com","automaticUpdatePolicy":{}},"serviceConfig":{"service":"projects/monify-1384d/locations/us-central1/services/createcategory","timeoutSeconds":60,"environmentVariables":{"FIREBASE_CONFIG":"{\"projectId\":\"monify-1384d\",\"storageBucket\":\"monify-1384d.firebasestorage.app\"}","GCLOUD_PROJECT":"monify-1384d","EVENTARC_CLOUD_EVENT_SOURCE":"projects/monify-1384d/locations/us-central1/services/createCategory","FUNCTION_TARGET":"createCategory","LOG_EXECUTION_ID":"true","FUNCTION_SIGNATURE_TYPE":"http"},"ingressSettings":"ALLOW_ALL","serviceAccountEmail":"783109027463-compute@developer.gserviceaccount.com","availableMemory":"256Mi","maxInstanceRequestConcurrency":80,"availableCpu":"1"},"labels":{"deployment-tool":"cli-firebase","deployment-callable":"true","firebase-functions-hash":"c0b78d8feae55a5b4c4dde57911fd078c0b5d0a1"},"environment":"GEN_2"},"stages":[{"name":"BUILD","message":"Reusing build","state":"COMPLETE","resource":"projects/783109027463/locations/us-central1/builds/82777b05-c7e4-4bb2-8c88-1a1998500aa5"},{"name":"SERVICE","message":"Creating Cloud Run service","state":"IN_PROGRESS","resource":"projects/monify-1384d/locations/us-central1/services/createcategory","resourceUri":"https://console.cloud.google.com/run/detail/us-central1/createcategory?project=monify-1384d"}],"sourceToken":"Cldwcm9qZWN0cy83ODMxMDkwMjc0NjMvbG9jYXRpb25zL3VzLWNlbnRyYWwxL2J1aWxkcy84Mjc3N2IwNS1jN2U0LTRiYjItOGM4OC0xYTE5OTg1MDBhYTUSa3VzLWNlbnRyYWwxLWRvY2tlci5wa2cuZGV2L21vbmlmeS0xMzg0ZC9nY2YtYXJ0aWZhY3RzL21vbmlmeS0tMTM4NGRfX3VzLS1jZW50cmFsMV9fdXBkYXRlX3Byb2ZpbGU6dmVyc2lvbl8xGIftvaflFiJDcHJvamVjdHMvbW9uaWZ5LTEzODRkL2xvY2F0aW9ucy91cy1jZW50cmFsMS9mdW5jdGlvbnMvdXBkYXRlUHJvZmlsZSoMCMnc+sYGEPi7t7MBMghub2RlanMyMjp2CiNnY3IuaW8vZ2FlLXJ1bnRpbWVzL25vZGVqczIyOnN0YWJsZRJPdXMtY2VudHJhbDEtZG9ja2VyLnBrZy5kZXYvc2VydmVybGVzcy1ydW50aW1lcy9nb29nbGUtMjItZnVsbC9ydW50aW1lcy9ub2RlanMyMkAB","operationType":"CREATE_FUNCTION","buildName":"projects/783109027463/locations/us-central1/builds/82777b05-c7e4-4bb2-8c88-1a1998500aa5"},"done":false}
[debug] [2025-10-02T16:54:45.710Z] Got source token Cldwcm9qZWN0cy83ODMxMDkwMjc0NjMvbG9jYXRpb25zL3VzLWNlbnRyYWwxL2J1aWxkcy84Mjc3N2IwNS1jN2U0LTRiYjItOGM4OC0xYTE5OTg1MDBhYTUSa3VzLWNlbnRyYWwxLWRvY2tlci5wa2cuZGV2L21vbmlmeS0xMzg0ZC9nY2YtYXJ0aWZhY3RzL21vbmlmeS0tMTM4NGRfX3VzLS1jZW50cmFsMV9fdXBkYXRlX3Byb2ZpbGU6dmVyc2lvbl8xGIftvaflFiJDcHJvamVjdHMvbW9uaWZ5LTEzODRkL2xvY2F0aW9ucy91cy1jZW50cmFsMS9mdW5jdGlvbnMvdXBkYXRlUHJvZmlsZSoMCMnc+sYGEPi7t7MBMghub2RlanMyMjp2CiNnY3IuaW8vZ2FlLXJ1bnRpbWVzL25vZGVqczIyOnN0YWJsZRJPdXMtY2VudHJhbDEtZG9ja2VyLnBrZy5kZXYvc2VydmVybGVzcy1ydW50aW1lcy9nb29nbGUtMjItZnVsbC9ydW50aW1lcy9ub2RlanMyMkAB for region us-central1
[debug] [2025-10-02T16:54:45.711Z] <<< [apiv2][status] GET https://cloudfunctions.googleapis.com/v2/projects/monify-1384d/locations/us-central1/operations/operation-1759424079827-6402fd74991eb-1c9caca7-d015f9ee 200
[debug] [2025-10-02T16:54:45.711Z] <<< [apiv2][body] GET https://cloudfunctions.googleapis.com/v2/projects/monify-1384d/locations/us-central1/operations/operation-1759424079827-6402fd74991eb-1c9caca7-d015f9ee {"name":"projects/monify-1384d/locations/us-central1/operations/operation-1759424079827-6402fd74991eb-1c9caca7-d015f9ee","metadata":{"@type":"type.googleapis.com/google.cloud.functions.v2.OperationMetadata","createTime":"2025-10-02T16:54:40.291453169Z","target":"projects/monify-1384d/locations/us-central1/functions/createIncome","verb":"create","cancelRequested":false,"apiVersion":"v2","requestResource":{"@type":"type.googleapis.com/google.cloud.functions.v2.Function","name":"projects/monify-1384d/locations/us-central1/functions/createIncome","buildConfig":{"runtime":"nodejs22","entryPoint":"createIncome","source":{"storageSource":{"bucket":"gcf-v2-sources-783109027463-us-central1","object":"createIncome/function-source.zip","generation":"1759424080080315"}},"environmentVariables":{"GOOGLE_NODE_RUN_SCRIPTS":""},"sourceToken":"Cldwcm9qZWN0cy83ODMxMDkwMjc0NjMvbG9jYXRpb25zL3VzLWNlbnRyYWwxL2J1aWxkcy84Mjc3N2IwNS1jN2U0LTRiYjItOGM4OC0xYTE5OTg1MDBhYTUSa3VzLWNlbnRyYWwxLWRvY2tlci5wa2cuZGV2L21vbmlmeS0xMzg0ZC9nY2YtYXJ0aWZhY3RzL21vbmlmeS0tMTM4NGRfX3VzLS1jZW50cmFsMV9fdXBkYXRlX3Byb2ZpbGU6dmVyc2lvbl8xGIftvaflFiJDcHJvamVjdHMvbW9uaWZ5LTEzODRkL2xvY2F0aW9ucy91cy1jZW50cmFsMS9mdW5jdGlvbnMvdXBkYXRlUHJvZmlsZSoMCMnc+sYGEPi7t7MBMghub2RlanMyMjp2CiNnY3IuaW8vZ2FlLXJ1bnRpbWVzL25vZGVqczIyOnN0YWJsZRJPdXMtY2VudHJhbDEtZG9ja2VyLnBrZy5kZXYvc2VydmVybGVzcy1ydW50aW1lcy9nb29nbGUtMjItZnVsbC9ydW50aW1lcy9ub2RlanMyMkAB","serviceAccount":"projects/monify-1384d/serviceAccounts/783109027463-compute@developer.gserviceaccount.com","automaticUpdatePolicy":{}},"serviceConfig":{"service":"projects/monify-1384d/locations/us-central1/services/createincome","timeoutSeconds":60,"environmentVariables":{"FIREBASE_CONFIG":"{\"projectId\":\"monify-1384d\",\"storageBucket\":\"monify-1384d.firebasestorage.app\"}","GCLOUD_PROJECT":"monify-1384d","EVENTARC_CLOUD_EVENT_SOURCE":"projects/monify-1384d/locations/us-central1/services/createIncome","FUNCTION_TARGET":"createIncome","LOG_EXECUTION_ID":"true","FUNCTION_SIGNATURE_TYPE":"http"},"ingressSettings":"ALLOW_ALL","serviceAccountEmail":"783109027463-compute@developer.gserviceaccount.com","availableMemory":"256Mi","maxInstanceRequestConcurrency":80,"availableCpu":"1"},"labels":{"deployment-tool":"cli-firebase","deployment-callable":"true","firebase-functions-hash":"c0b78d8feae55a5b4c4dde57911fd078c0b5d0a1"},"environment":"GEN_2"},"stages":[{"name":"BUILD","message":"Reusing build","state":"COMPLETE","resource":"projects/783109027463/locations/us-central1/builds/82777b05-c7e4-4bb2-8c88-1a1998500aa5"},{"name":"SERVICE","message":"Creating Cloud Run service","state":"IN_PROGRESS","resource":"projects/monify-1384d/locations/us-central1/services/createincome","resourceUri":"https://console.cloud.google.com/run/detail/us-central1/createincome?project=monify-1384d"}],"sourceToken":"Cldwcm9qZWN0cy83ODMxMDkwMjc0NjMvbG9jYXRpb25zL3VzLWNlbnRyYWwxL2J1aWxkcy84Mjc3N2IwNS1jN2U0LTRiYjItOGM4OC0xYTE5OTg1MDBhYTUSa3VzLWNlbnRyYWwxLWRvY2tlci5wa2cuZGV2L21vbmlmeS0xMzg0ZC9nY2YtYXJ0aWZhY3RzL21vbmlmeS0tMTM4NGRfX3VzLS1jZW50cmFsMV9fdXBkYXRlX3Byb2ZpbGU6dmVyc2lvbl8xGIftvaflFiJDcHJvamVjdHMvbW9uaWZ5LTEzODRkL2xvY2F0aW9ucy91cy1jZW50cmFsMS9mdW5jdGlvbnMvdXBkYXRlUHJvZmlsZSoMCMnc+sYGEPi7t7MBMghub2RlanMyMjp2CiNnY3IuaW8vZ2FlLXJ1bnRpbWVzL25vZGVqczIyOnN0YWJsZRJPdXMtY2VudHJhbDEtZG9ja2VyLnBrZy5kZXYvc2VydmVybGVzcy1ydW50aW1lcy9nb29nbGUtMjItZnVsbC9ydW50aW1lcy9ub2RlanMyMkAB","operationType":"CREATE_FUNCTION","buildName":"projects/783109027463/locations/us-central1/builds/82777b05-c7e4-4bb2-8c88-1a1998500aa5"},"done":false}
[debug] [2025-10-02T16:54:45.711Z] Got source token Cldwcm9qZWN0cy83ODMxMDkwMjc0NjMvbG9jYXRpb25zL3VzLWNlbnRyYWwxL2J1aWxkcy84Mjc3N2IwNS1jN2U0LTRiYjItOGM4OC0xYTE5OTg1MDBhYTUSa3VzLWNlbnRyYWwxLWRvY2tlci5wa2cuZGV2L21vbmlmeS0xMzg0ZC9nY2YtYXJ0aWZhY3RzL21vbmlmeS0tMTM4NGRfX3VzLS1jZW50cmFsMV9fdXBkYXRlX3Byb2ZpbGU6dmVyc2lvbl8xGIftvaflFiJDcHJvamVjdHMvbW9uaWZ5LTEzODRkL2xvY2F0aW9ucy91cy1jZW50cmFsMS9mdW5jdGlvbnMvdXBkYXRlUHJvZmlsZSoMCMnc+sYGEPi7t7MBMghub2RlanMyMjp2CiNnY3IuaW8vZ2FlLXJ1bnRpbWVzL25vZGVqczIyOnN0YWJsZRJPdXMtY2VudHJhbDEtZG9ja2VyLnBrZy5kZXYvc2VydmVybGVzcy1ydW50aW1lcy9nb29nbGUtMjItZnVsbC9ydW50aW1lcy9ub2RlanMyMkAB for region us-central1
[debug] [2025-10-02T16:54:45.712Z] <<< [apiv2][status] GET https://cloudfunctions.googleapis.com/v2/projects/monify-1384d/locations/us-central1/operations/operation-1759424079814-6402fd749613f-7662d2a2-581d2da4 200
[debug] [2025-10-02T16:54:45.712Z] <<< [apiv2][body] GET https://cloudfunctions.googleapis.com/v2/projects/monify-1384d/locations/us-central1/operations/operation-1759424079814-6402fd749613f-7662d2a2-581d2da4 {"name":"projects/monify-1384d/locations/us-central1/operations/operation-1759424079814-6402fd749613f-7662d2a2-581d2da4","metadata":{"@type":"type.googleapis.com/google.cloud.functions.v2.OperationMetadata","createTime":"2025-10-02T16:54:40.278005720Z","target":"projects/monify-1384d/locations/us-central1/functions/updateGoalProgress","verb":"create","cancelRequested":false,"apiVersion":"v2","requestResource":{"@type":"type.googleapis.com/google.cloud.functions.v2.Function","name":"projects/monify-1384d/locations/us-central1/functions/updateGoalProgress","buildConfig":{"runtime":"nodejs22","entryPoint":"updateGoalProgress","source":{"storageSource":{"bucket":"gcf-v2-sources-783109027463-us-central1","object":"updateGoalProgress/function-source.zip","generation":"1759424080060524"}},"environmentVariables":{"GOOGLE_NODE_RUN_SCRIPTS":""},"sourceToken":"Cldwcm9qZWN0cy83ODMxMDkwMjc0NjMvbG9jYXRpb25zL3VzLWNlbnRyYWwxL2J1aWxkcy84Mjc3N2IwNS1jN2U0LTRiYjItOGM4OC0xYTE5OTg1MDBhYTUSa3VzLWNlbnRyYWwxLWRvY2tlci5wa2cuZGV2L21vbmlmeS0xMzg0ZC9nY2YtYXJ0aWZhY3RzL21vbmlmeS0tMTM4NGRfX3VzLS1jZW50cmFsMV9fdXBkYXRlX3Byb2ZpbGU6dmVyc2lvbl8xGIftvaflFiJDcHJvamVjdHMvbW9uaWZ5LTEzODRkL2xvY2F0aW9ucy91cy1jZW50cmFsMS9mdW5jdGlvbnMvdXBkYXRlUHJvZmlsZSoMCMnc+sYGEPi7t7MBMghub2RlanMyMjp2CiNnY3IuaW8vZ2FlLXJ1bnRpbWVzL25vZGVqczIyOnN0YWJsZRJPdXMtY2VudHJhbDEtZG9ja2VyLnBrZy5kZXYvc2VydmVybGVzcy1ydW50aW1lcy9nb29nbGUtMjItZnVsbC9ydW50aW1lcy9ub2RlanMyMkAB","serviceAccount":"projects/monify-1384d/serviceAccounts/783109027463-compute@developer.gserviceaccount.com","automaticUpdatePolicy":{}},"serviceConfig":{"service":"projects/monify-1384d/locations/us-central1/services/updategoalprogress","timeoutSeconds":60,"environmentVariables":{"FIREBASE_CONFIG":"{\"projectId\":\"monify-1384d\",\"storageBucket\":\"monify-1384d.firebasestorage.app\"}","GCLOUD_PROJECT":"monify-1384d","EVENTARC_CLOUD_EVENT_SOURCE":"projects/monify-1384d/locations/us-central1/services/updateGoalProgress","FUNCTION_TARGET":"updateGoalProgress","LOG_EXECUTION_ID":"true","FUNCTION_SIGNATURE_TYPE":"http"},"ingressSettings":"ALLOW_ALL","serviceAccountEmail":"783109027463-compute@developer.gserviceaccount.com","availableMemory":"256Mi","maxInstanceRequestConcurrency":80,"availableCpu":"1"},"labels":{"deployment-tool":"cli-firebase","deployment-callable":"true","firebase-functions-hash":"c0b78d8feae55a5b4c4dde57911fd078c0b5d0a1"},"environment":"GEN_2"},"stages":[{"name":"BUILD","message":"Reusing build","state":"COMPLETE","resource":"projects/783109027463/locations/us-central1/builds/82777b05-c7e4-4bb2-8c88-1a1998500aa5"},{"name":"SERVICE","message":"Creating Cloud Run service","state":"IN_PROGRESS","resource":"projects/monify-1384d/locations/us-central1/services/updategoalprogress","resourceUri":"https://console.cloud.google.com/run/detail/us-central1/updategoalprogress?project=monify-1384d"}],"sourceToken":"Cldwcm9qZWN0cy83ODMxMDkwMjc0NjMvbG9jYXRpb25zL3VzLWNlbnRyYWwxL2J1aWxkcy84Mjc3N2IwNS1jN2U0LTRiYjItOGM4OC0xYTE5OTg1MDBhYTUSa3VzLWNlbnRyYWwxLWRvY2tlci5wa2cuZGV2L21vbmlmeS0xMzg0ZC9nY2YtYXJ0aWZhY3RzL21vbmlmeS0tMTM4NGRfX3VzLS1jZW50cmFsMV9fdXBkYXRlX3Byb2ZpbGU6dmVyc2lvbl8xGIftvaflFiJDcHJvamVjdHMvbW9uaWZ5LTEzODRkL2xvY2F0aW9ucy91cy1jZW50cmFsMS9mdW5jdGlvbnMvdXBkYXRlUHJvZmlsZSoMCMnc+sYGEPi7t7MBMghub2RlanMyMjp2CiNnY3IuaW8vZ2FlLXJ1bnRpbWVzL25vZGVqczIyOnN0YWJsZRJPdXMtY2VudHJhbDEtZG9ja2VyLnBrZy5kZXYvc2VydmVybGVzcy1ydW50aW1lcy9nb29nbGUtMjItZnVsbC9ydW50aW1lcy9ub2RlanMyMkAB","operationType":"CREATE_FUNCTION","buildName":"projects/783109027463/locations/us-central1/builds/82777b05-c7e4-4bb2-8c88-1a1998500aa5"},"done":false}
[debug] [2025-10-02T16:54:45.712Z] Got source token Cldwcm9qZWN0cy83ODMxMDkwMjc0NjMvbG9jYXRpb25zL3VzLWNlbnRyYWwxL2J1aWxkcy84Mjc3N2IwNS1jN2U0LTRiYjItOGM4OC0xYTE5OTg1MDBhYTUSa3VzLWNlbnRyYWwxLWRvY2tlci5wa2cuZGV2L21vbmlmeS0xMzg0ZC9nY2YtYXJ0aWZhY3RzL21vbmlmeS0tMTM4NGRfX3VzLS1jZW50cmFsMV9fdXBkYXRlX3Byb2ZpbGU6dmVyc2lvbl8xGIftvaflFiJDcHJvamVjdHMvbW9uaWZ5LTEzODRkL2xvY2F0aW9ucy91cy1jZW50cmFsMS9mdW5jdGlvbnMvdXBkYXRlUHJvZmlsZSoMCMnc+sYGEPi7t7MBMghub2RlanMyMjp2CiNnY3IuaW8vZ2FlLXJ1bnRpbWVzL25vZGVqczIyOnN0YWJsZRJPdXMtY2VudHJhbDEtZG9ja2VyLnBrZy5kZXYvc2VydmVybGVzcy1ydW50aW1lcy9nb29nbGUtMjItZnVsbC9ydW50aW1lcy9ub2RlanMyMkAB for region us-central1
[debug] [2025-10-02T16:54:45.713Z] <<< [apiv2][status] GET https://cloudfunctions.googleapis.com/v2/projects/monify-1384d/locations/us-central1/operations/operation-1759424079828-6402fd7499420-213634f8-9bae3fbe 200
[debug] [2025-10-02T16:54:45.714Z] <<< [apiv2][body] GET https://cloudfunctions.googleapis.com/v2/projects/monify-1384d/locations/us-central1/operations/operation-1759424079828-6402fd7499420-213634f8-9bae3fbe {"name":"projects/monify-1384d/locations/us-central1/operations/operation-1759424079828-6402fd7499420-213634f8-9bae3fbe","metadata":{"@type":"type.googleapis.com/google.cloud.functions.v2.OperationMetadata","createTime":"2025-10-02T16:54:40.310897607Z","target":"projects/monify-1384d/locations/us-central1/functions/getMonthlySummary","verb":"create","cancelRequested":false,"apiVersion":"v2","requestResource":{"@type":"type.googleapis.com/google.cloud.functions.v2.Function","name":"projects/monify-1384d/locations/us-central1/functions/getMonthlySummary","buildConfig":{"runtime":"nodejs22","entryPoint":"getMonthlySummary","source":{"storageSource":{"bucket":"gcf-v2-sources-783109027463-us-central1","object":"getMonthlySummary/function-source.zip","generation":"1759424080081870"}},"environmentVariables":{"GOOGLE_NODE_RUN_SCRIPTS":""},"sourceToken":"Cldwcm9qZWN0cy83ODMxMDkwMjc0NjMvbG9jYXRpb25zL3VzLWNlbnRyYWwxL2J1aWxkcy84Mjc3N2IwNS1jN2U0LTRiYjItOGM4OC0xYTE5OTg1MDBhYTUSa3VzLWNlbnRyYWwxLWRvY2tlci5wa2cuZGV2L21vbmlmeS0xMzg0ZC9nY2YtYXJ0aWZhY3RzL21vbmlmeS0tMTM4NGRfX3VzLS1jZW50cmFsMV9fdXBkYXRlX3Byb2ZpbGU6dmVyc2lvbl8xGIftvaflFiJDcHJvamVjdHMvbW9uaWZ5LTEzODRkL2xvY2F0aW9ucy91cy1jZW50cmFsMS9mdW5jdGlvbnMvdXBkYXRlUHJvZmlsZSoMCMnc+sYGEPi7t7MBMghub2RlanMyMjp2CiNnY3IuaW8vZ2FlLXJ1bnRpbWVzL25vZGVqczIyOnN0YWJsZRJPdXMtY2VudHJhbDEtZG9ja2VyLnBrZy5kZXYvc2VydmVybGVzcy1ydW50aW1lcy9nb29nbGUtMjItZnVsbC9ydW50aW1lcy9ub2RlanMyMkAB","serviceAccount":"projects/monify-1384d/serviceAccounts/783109027463-compute@developer.gserviceaccount.com","automaticUpdatePolicy":{}},"serviceConfig":{"service":"projects/monify-1384d/locations/us-central1/services/getmonthlysummary","timeoutSeconds":60,"environmentVariables":{"FIREBASE_CONFIG":"{\"projectId\":\"monify-1384d\",\"storageBucket\":\"monify-1384d.firebasestorage.app\"}","GCLOUD_PROJECT":"monify-1384d","EVENTARC_CLOUD_EVENT_SOURCE":"projects/monify-1384d/locations/us-central1/services/getMonthlySummary","FUNCTION_TARGET":"getMonthlySummary","LOG_EXECUTION_ID":"true","FUNCTION_SIGNATURE_TYPE":"http"},"ingressSettings":"ALLOW_ALL","serviceAccountEmail":"783109027463-compute@developer.gserviceaccount.com","availableMemory":"256Mi","maxInstanceRequestConcurrency":80,"availableCpu":"1"},"labels":{"deployment-tool":"cli-firebase","deployment-callable":"true","firebase-functions-hash":"c0b78d8feae55a5b4c4dde57911fd078c0b5d0a1"},"environment":"GEN_2"},"stages":[{"name":"BUILD","message":"Reusing build","state":"COMPLETE","resource":"projects/783109027463/locations/us-central1/builds/82777b05-c7e4-4bb2-8c88-1a1998500aa5"},{"name":"SERVICE","message":"Creating Cloud Run service","state":"IN_PROGRESS","resource":"projects/monify-1384d/locations/us-central1/services/getmonthlysummary","resourceUri":"https://console.cloud.google.com/run/detail/us-central1/getmonthlysummary?project=monify-1384d"}],"sourceToken":"Cldwcm9qZWN0cy83ODMxMDkwMjc0NjMvbG9jYXRpb25zL3VzLWNlbnRyYWwxL2J1aWxkcy84Mjc3N2IwNS1jN2U0LTRiYjItOGM4OC0xYTE5OTg1MDBhYTUSa3VzLWNlbnRyYWwxLWRvY2tlci5wa2cuZGV2L21vbmlmeS0xMzg0ZC9nY2YtYXJ0aWZhY3RzL21vbmlmeS0tMTM4NGRfX3VzLS1jZW50cmFsMV9fdXBkYXRlX3Byb2ZpbGU6dmVyc2lvbl8xGIftvaflFiJDcHJvamVjdHMvbW9uaWZ5LTEzODRkL2xvY2F0aW9ucy91cy1jZW50cmFsMS9mdW5jdGlvbnMvdXBkYXRlUHJvZmlsZSoMCMnc+sYGEPi7t7MBMghub2RlanMyMjp2CiNnY3IuaW8vZ2FlLXJ1bnRpbWVzL25vZGVqczIyOnN0YWJsZRJPdXMtY2VudHJhbDEtZG9ja2VyLnBrZy5kZXYvc2VydmVybGVzcy1ydW50aW1lcy9nb29nbGUtMjItZnVsbC9ydW50aW1lcy9ub2RlanMyMkAB","operationType":"CREATE_FUNCTION","buildName":"projects/783109027463/locations/us-central1/builds/82777b05-c7e4-4bb2-8c88-1a1998500aa5"},"done":false}
[debug] [2025-10-02T16:54:45.714Z] Got source token Cldwcm9qZWN0cy83ODMxMDkwMjc0NjMvbG9jYXRpb25zL3VzLWNlbnRyYWwxL2J1aWxkcy84Mjc3N2IwNS1jN2U0LTRiYjItOGM4OC0xYTE5OTg1MDBhYTUSa3VzLWNlbnRyYWwxLWRvY2tlci5wa2cuZGV2L21vbmlmeS0xMzg0ZC9nY2YtYXJ0aWZhY3RzL21vbmlmeS0tMTM4NGRfX3VzLS1jZW50cmFsMV9fdXBkYXRlX3Byb2ZpbGU6dmVyc2lvbl8xGIftvaflFiJDcHJvamVjdHMvbW9uaWZ5LTEzODRkL2xvY2F0aW9ucy91cy1jZW50cmFsMS9mdW5jdGlvbnMvdXBkYXRlUHJvZmlsZSoMCMnc+sYGEPi7t7MBMghub2RlanMyMjp2CiNnY3IuaW8vZ2FlLXJ1bnRpbWVzL25vZGVqczIyOnN0YWJsZRJPdXMtY2VudHJhbDEtZG9ja2VyLnBrZy5kZXYvc2VydmVybGVzcy1ydW50aW1lcy9nb29nbGUtMjItZnVsbC9ydW50aW1lcy9ub2RlanMyMkAB for region us-central1
[debug] [2025-10-02T16:54:45.714Z] <<< [apiv2][status] GET https://cloudfunctions.googleapis.com/v2/projects/monify-1384d/locations/us-central1/operations/operation-1759424079815-6402fd749620c-196af513-57866773 200
[debug] [2025-10-02T16:54:45.714Z] <<< [apiv2][body] GET https://cloudfunctions.googleapis.com/v2/projects/monify-1384d/locations/us-central1/operations/operation-1759424079815-6402fd749620c-196af513-57866773 {"name":"projects/monify-1384d/locations/us-central1/operations/operation-1759424079815-6402fd749620c-196af513-57866773","metadata":{"@type":"type.googleapis.com/google.cloud.functions.v2.OperationMetadata","createTime":"2025-10-02T16:54:40.300714210Z","target":"projects/monify-1384d/locations/us-central1/functions/getGoalProgressSummary","verb":"create","cancelRequested":false,"apiVersion":"v2","requestResource":{"@type":"type.googleapis.com/google.cloud.functions.v2.Function","name":"projects/monify-1384d/locations/us-central1/functions/getGoalProgressSummary","buildConfig":{"runtime":"nodejs22","entryPoint":"getGoalProgressSummary","source":{"storageSource":{"bucket":"gcf-v2-sources-783109027463-us-central1","object":"getGoalProgressSummary/function-source.zip","generation":"1759424080046847"}},"environmentVariables":{"GOOGLE_NODE_RUN_SCRIPTS":""},"sourceToken":"Cldwcm9qZWN0cy83ODMxMDkwMjc0NjMvbG9jYXRpb25zL3VzLWNlbnRyYWwxL2J1aWxkcy84Mjc3N2IwNS1jN2U0LTRiYjItOGM4OC0xYTE5OTg1MDBhYTUSa3VzLWNlbnRyYWwxLWRvY2tlci5wa2cuZGV2L21vbmlmeS0xMzg0ZC9nY2YtYXJ0aWZhY3RzL21vbmlmeS0tMTM4NGRfX3VzLS1jZW50cmFsMV9fdXBkYXRlX3Byb2ZpbGU6dmVyc2lvbl8xGIftvaflFiJDcHJvamVjdHMvbW9uaWZ5LTEzODRkL2xvY2F0aW9ucy91cy1jZW50cmFsMS9mdW5jdGlvbnMvdXBkYXRlUHJvZmlsZSoMCMnc+sYGEPi7t7MBMghub2RlanMyMjp2CiNnY3IuaW8vZ2FlLXJ1bnRpbWVzL25vZGVqczIyOnN0YWJsZRJPdXMtY2VudHJhbDEtZG9ja2VyLnBrZy5kZXYvc2VydmVybGVzcy1ydW50aW1lcy9nb29nbGUtMjItZnVsbC9ydW50aW1lcy9ub2RlanMyMkAB","serviceAccount":"projects/monify-1384d/serviceAccounts/783109027463-compute@developer.gserviceaccount.com","automaticUpdatePolicy":{}},"serviceConfig":{"service":"projects/monify-1384d/locations/us-central1/services/getgoalprogresssummary","timeoutSeconds":60,"environmentVariables":{"FIREBASE_CONFIG":"{\"projectId\":\"monify-1384d\",\"storageBucket\":\"monify-1384d.firebasestorage.app\"}","GCLOUD_PROJECT":"monify-1384d","EVENTARC_CLOUD_EVENT_SOURCE":"projects/monify-1384d/locations/us-central1/services/getGoalProgressSummary","FUNCTION_TARGET":"getGoalProgressSummary","LOG_EXECUTION_ID":"true","FUNCTION_SIGNATURE_TYPE":"http"},"ingressSettings":"ALLOW_ALL","serviceAccountEmail":"783109027463-compute@developer.gserviceaccount.com","availableMemory":"256Mi","maxInstanceRequestConcurrency":80,"availableCpu":"1"},"labels":{"deployment-tool":"cli-firebase","deployment-callable":"true","firebase-functions-hash":"c0b78d8feae55a5b4c4dde57911fd078c0b5d0a1"},"environment":"GEN_2"},"stages":[{"name":"BUILD","message":"Reusing build","state":"COMPLETE","resource":"projects/783109027463/locations/us-central1/builds/82777b05-c7e4-4bb2-8c88-1a1998500aa5"},{"name":"SERVICE","message":"Creating Cloud Run service","state":"IN_PROGRESS","resource":"projects/monify-1384d/locations/us-central1/services/getgoalprogresssummary","resourceUri":"https://console.cloud.google.com/run/detail/us-central1/getgoalprogresssummary?project=monify-1384d"}],"sourceToken":"Cldwcm9qZWN0cy83ODMxMDkwMjc0NjMvbG9jYXRpb25zL3VzLWNlbnRyYWwxL2J1aWxkcy84Mjc3N2IwNS1jN2U0LTRiYjItOGM4OC0xYTE5OTg1MDBhYTUSa3VzLWNlbnRyYWwxLWRvY2tlci5wa2cuZGV2L21vbmlmeS0xMzg0ZC9nY2YtYXJ0aWZhY3RzL21vbmlmeS0tMTM4NGRfX3VzLS1jZW50cmFsMV9fdXBkYXRlX3Byb2ZpbGU6dmVyc2lvbl8xGIftvaflFiJDcHJvamVjdHMvbW9uaWZ5LTEzODRkL2xvY2F0aW9ucy91cy1jZW50cmFsMS9mdW5jdGlvbnMvdXBkYXRlUHJvZmlsZSoMCMnc+sYGEPi7t7MBMghub2RlanMyMjp2CiNnY3IuaW8vZ2FlLXJ1bnRpbWVzL25vZGVqczIyOnN0YWJsZRJPdXMtY2VudHJhbDEtZG9ja2VyLnBrZy5kZXYvc2VydmVybGVzcy1ydW50aW1lcy9nb29nbGUtMjItZnVsbC9ydW50aW1lcy9ub2RlanMyMkAB","operationType":"CREATE_FUNCTION","buildName":"projects/783109027463/locations/us-central1/builds/82777b05-c7e4-4bb2-8c88-1a1998500aa5"},"done":false}
[debug] [2025-10-02T16:54:45.714Z] Got source token Cldwcm9qZWN0cy83ODMxMDkwMjc0NjMvbG9jYXRpb25zL3VzLWNlbnRyYWwxL2J1aWxkcy84Mjc3N2IwNS1jN2U0LTRiYjItOGM4OC0xYTE5OTg1MDBhYTUSa3VzLWNlbnRyYWwxLWRvY2tlci5wa2cuZGV2L21vbmlmeS0xMzg0ZC9nY2YtYXJ0aWZhY3RzL21vbmlmeS0tMTM4NGRfX3VzLS1jZW50cmFsMV9fdXBkYXRlX3Byb2ZpbGU6dmVyc2lvbl8xGIftvaflFiJDcHJvamVjdHMvbW9uaWZ5LTEzODRkL2xvY2F0aW9ucy91cy1jZW50cmFsMS9mdW5jdGlvbnMvdXBkYXRlUHJvZmlsZSoMCMnc+sYGEPi7t7MBMghub2RlanMyMjp2CiNnY3IuaW8vZ2FlLXJ1bnRpbWVzL25vZGVqczIyOnN0YWJsZRJPdXMtY2VudHJhbDEtZG9ja2VyLnBrZy5kZXYvc2VydmVybGVzcy1ydW50aW1lcy9nb29nbGUtMjItZnVsbC9ydW50aW1lcy9ub2RlanMyMkAB for region us-central1
[debug] [2025-10-02T16:54:49.367Z] [create-default-us-central1-createExpense] Retrying task index 0
[debug] [2025-10-02T16:54:49.368Z] Checked if tokens are valid: true, expires at: 1759427532850
[debug] [2025-10-02T16:54:49.368Z] Checked if tokens are valid: true, expires at: 1759427532850
[debug] [2025-10-02T16:54:49.368Z] >>> [apiv2][query] GET https://cloudfunctions.googleapis.com/v2/projects/monify-1384d/locations/us-central1/operations/operation-1759424079812-6402fd74957db-a48719b1-70f5e374 [none]
[debug] [2025-10-02T16:54:49.509Z] [create-default-us-central1-createGoal] Retrying task index 0
[debug] [2025-10-02T16:54:49.510Z] Checked if tokens are valid: true, expires at: 1759427532850
[debug] [2025-10-02T16:54:49.510Z] Checked if tokens are valid: true, expires at: 1759427532850
[debug] [2025-10-02T16:54:49.510Z] >>> [apiv2][query] GET https://cloudfunctions.googleapis.com/v2/projects/monify-1384d/locations/us-central1/operations/operation-1759424079808-6402fd74947ff-6b87e780-103c1f6e [none]
[debug] [2025-10-02T16:54:49.714Z] [create-default-us-central1-createCategory] Retrying task index 0
[debug] [2025-10-02T16:54:49.714Z] Checked if tokens are valid: true, expires at: 1759427532850
[debug] [2025-10-02T16:54:49.714Z] Checked if tokens are valid: true, expires at: 1759427532850
[debug] [2025-10-02T16:54:49.714Z] >>> [apiv2][query] GET https://cloudfunctions.googleapis.com/v2/projects/monify-1384d/locations/us-central1/operations/operation-1759424079724-6402fd74800ab-afe514bd-5b98ddfb [none]
[debug] [2025-10-02T16:54:49.715Z] [create-default-us-central1-createIncome] Retrying task index 0
[debug] [2025-10-02T16:54:49.715Z] Checked if tokens are valid: true, expires at: 1759427532850
[debug] [2025-10-02T16:54:49.715Z] Checked if tokens are valid: true, expires at: 1759427532850
[debug] [2025-10-02T16:54:49.715Z] >>> [apiv2][query] GET https://cloudfunctions.googleapis.com/v2/projects/monify-1384d/locations/us-central1/operations/operation-1759424079827-6402fd74991eb-1c9caca7-d015f9ee [none]
[debug] [2025-10-02T16:54:49.716Z] [create-default-us-central1-updateGoalProgress] Retrying task index 0
[debug] [2025-10-02T16:54:49.716Z] Checked if tokens are valid: true, expires at: 1759427532850
[debug] [2025-10-02T16:54:49.716Z] Checked if tokens are valid: true, expires at: 1759427532850
[debug] [2025-10-02T16:54:49.716Z] >>> [apiv2][query] GET https://cloudfunctions.googleapis.com/v2/projects/monify-1384d/locations/us-central1/operations/operation-1759424079814-6402fd749613f-7662d2a2-581d2da4 [none]
[debug] [2025-10-02T16:54:49.717Z] [create-default-us-central1-getMonthlySummary] Retrying task index 0
[debug] [2025-10-02T16:54:49.717Z] Checked if tokens are valid: true, expires at: 1759427532850
[debug] [2025-10-02T16:54:49.717Z] Checked if tokens are valid: true, expires at: 1759427532850
[debug] [2025-10-02T16:54:49.717Z] >>> [apiv2][query] GET https://cloudfunctions.googleapis.com/v2/projects/monify-1384d/locations/us-central1/operations/operation-1759424079828-6402fd7499420-213634f8-9bae3fbe [none]
[debug] [2025-10-02T16:54:49.719Z] [create-default-us-central1-getGoalProgressSummary] Retrying task index 0
[debug] [2025-10-02T16:54:49.720Z] Checked if tokens are valid: true, expires at: 1759427532850
[debug] [2025-10-02T16:54:49.720Z] Checked if tokens are valid: true, expires at: 1759427532850
[debug] [2025-10-02T16:54:49.720Z] >>> [apiv2][query] GET https://cloudfunctions.googleapis.com/v2/projects/monify-1384d/locations/us-central1/operations/operation-1759424079815-6402fd749620c-196af513-57866773 [none]
[debug] [2025-10-02T16:54:49.722Z] <<< [apiv2][status] GET https://cloudfunctions.googleapis.com/v2/projects/monify-1384d/locations/us-central1/operations/operation-1759424079812-6402fd74957db-a48719b1-70f5e374 200
[debug] [2025-10-02T16:54:49.722Z] <<< [apiv2][body] GET https://cloudfunctions.googleapis.com/v2/projects/monify-1384d/locations/us-central1/operations/operation-1759424079812-6402fd74957db-a48719b1-70f5e374 {"name":"projects/monify-1384d/locations/us-central1/operations/operation-1759424079812-6402fd74957db-a48719b1-70f5e374","metadata":{"@type":"type.googleapis.com/google.cloud.functions.v2.OperationMetadata","createTime":"2025-10-02T16:54:40.299667718Z","target":"projects/monify-1384d/locations/us-central1/functions/createExpense","verb":"create","cancelRequested":false,"apiVersion":"v2","requestResource":{"@type":"type.googleapis.com/google.cloud.functions.v2.Function","name":"projects/monify-1384d/locations/us-central1/functions/createExpense","buildConfig":{"runtime":"nodejs22","entryPoint":"createExpense","source":{"storageSource":{"bucket":"gcf-v2-sources-783109027463-us-central1","object":"createExpense/function-source.zip","generation":"1759424080080262"}},"environmentVariables":{"GOOGLE_NODE_RUN_SCRIPTS":""},"sourceToken":"Cldwcm9qZWN0cy83ODMxMDkwMjc0NjMvbG9jYXRpb25zL3VzLWNlbnRyYWwxL2J1aWxkcy84Mjc3N2IwNS1jN2U0LTRiYjItOGM4OC0xYTE5OTg1MDBhYTUSa3VzLWNlbnRyYWwxLWRvY2tlci5wa2cuZGV2L21vbmlmeS0xMzg0ZC9nY2YtYXJ0aWZhY3RzL21vbmlmeS0tMTM4NGRfX3VzLS1jZW50cmFsMV9fdXBkYXRlX3Byb2ZpbGU6dmVyc2lvbl8xGIftvaflFiJDcHJvamVjdHMvbW9uaWZ5LTEzODRkL2xvY2F0aW9ucy91cy1jZW50cmFsMS9mdW5jdGlvbnMvdXBkYXRlUHJvZmlsZSoMCMnc+sYGEPi7t7MBMghub2RlanMyMjp2CiNnY3IuaW8vZ2FlLXJ1bnRpbWVzL25vZGVqczIyOnN0YWJsZRJPdXMtY2VudHJhbDEtZG9ja2VyLnBrZy5kZXYvc2VydmVybGVzcy1ydW50aW1lcy9nb29nbGUtMjItZnVsbC9ydW50aW1lcy9ub2RlanMyMkAB","serviceAccount":"projects/monify-1384d/serviceAccounts/783109027463-compute@developer.gserviceaccount.com","automaticUpdatePolicy":{}},"serviceConfig":{"service":"projects/monify-1384d/locations/us-central1/services/createexpense","timeoutSeconds":60,"environmentVariables":{"FIREBASE_CONFIG":"{\"projectId\":\"monify-1384d\",\"storageBucket\":\"monify-1384d.firebasestorage.app\"}","GCLOUD_PROJECT":"monify-1384d","EVENTARC_CLOUD_EVENT_SOURCE":"projects/monify-1384d/locations/us-central1/services/createExpense","FUNCTION_TARGET":"createExpense","LOG_EXECUTION_ID":"true","FUNCTION_SIGNATURE_TYPE":"http"},"ingressSettings":"ALLOW_ALL","serviceAccountEmail":"783109027463-compute@developer.gserviceaccount.com","availableMemory":"256Mi","maxInstanceRequestConcurrency":80,"availableCpu":"1"},"labels":{"deployment-tool":"cli-firebase","deployment-callable":"true","firebase-functions-hash":"c0b78d8feae55a5b4c4dde57911fd078c0b5d0a1"},"environment":"GEN_2"},"stages":[{"name":"BUILD","message":"Reusing build","state":"COMPLETE","resource":"projects/783109027463/locations/us-central1/builds/82777b05-c7e4-4bb2-8c88-1a1998500aa5"},{"name":"SERVICE","message":"Creating Cloud Run service","state":"IN_PROGRESS","resource":"projects/monify-1384d/locations/us-central1/services/createexpense","resourceUri":"https://console.cloud.google.com/run/detail/us-central1/createexpense?project=monify-1384d"}],"sourceToken":"Cldwcm9qZWN0cy83ODMxMDkwMjc0NjMvbG9jYXRpb25zL3VzLWNlbnRyYWwxL2J1aWxkcy84Mjc3N2IwNS1jN2U0LTRiYjItOGM4OC0xYTE5OTg1MDBhYTUSa3VzLWNlbnRyYWwxLWRvY2tlci5wa2cuZGV2L21vbmlmeS0xMzg0ZC9nY2YtYXJ0aWZhY3RzL21vbmlmeS0tMTM4NGRfX3VzLS1jZW50cmFsMV9fdXBkYXRlX3Byb2ZpbGU6dmVyc2lvbl8xGIftvaflFiJDcHJvamVjdHMvbW9uaWZ5LTEzODRkL2xvY2F0aW9ucy91cy1jZW50cmFsMS9mdW5jdGlvbnMvdXBkYXRlUHJvZmlsZSoMCMnc+sYGEPi7t7MBMghub2RlanMyMjp2CiNnY3IuaW8vZ2FlLXJ1bnRpbWVzL25vZGVqczIyOnN0YWJsZRJPdXMtY2VudHJhbDEtZG9ja2VyLnBrZy5kZXYvc2VydmVybGVzcy1ydW50aW1lcy9nb29nbGUtMjItZnVsbC9ydW50aW1lcy9ub2RlanMyMkAB","operationType":"CREATE_FUNCTION","buildName":"projects/783109027463/locations/us-central1/builds/82777b05-c7e4-4bb2-8c88-1a1998500aa5"},"done":false}
[debug] [2025-10-02T16:54:49.722Z] Got source token Cldwcm9qZWN0cy83ODMxMDkwMjc0NjMvbG9jYXRpb25zL3VzLWNlbnRyYWwxL2J1aWxkcy84Mjc3N2IwNS1jN2U0LTRiYjItOGM4OC0xYTE5OTg1MDBhYTUSa3VzLWNlbnRyYWwxLWRvY2tlci5wa2cuZGV2L21vbmlmeS0xMzg0ZC9nY2YtYXJ0aWZhY3RzL21vbmlmeS0tMTM4NGRfX3VzLS1jZW50cmFsMV9fdXBkYXRlX3Byb2ZpbGU6dmVyc2lvbl8xGIftvaflFiJDcHJvamVjdHMvbW9uaWZ5LTEzODRkL2xvY2F0aW9ucy91cy1jZW50cmFsMS9mdW5jdGlvbnMvdXBkYXRlUHJvZmlsZSoMCMnc+sYGEPi7t7MBMghub2RlanMyMjp2CiNnY3IuaW8vZ2FlLXJ1bnRpbWVzL25vZGVqczIyOnN0YWJsZRJPdXMtY2VudHJhbDEtZG9ja2VyLnBrZy5kZXYvc2VydmVybGVzcy1ydW50aW1lcy9nb29nbGUtMjItZnVsbC9ydW50aW1lcy9ub2RlanMyMkAB for region us-central1
[debug] [2025-10-02T16:54:49.911Z] <<< [apiv2][status] GET https://cloudfunctions.googleapis.com/v2/projects/monify-1384d/locations/us-central1/operations/operation-1759424079814-6402fd749613f-7662d2a2-581d2da4 200
[debug] [2025-10-02T16:54:49.911Z] <<< [apiv2][body] GET https://cloudfunctions.googleapis.com/v2/projects/monify-1384d/locations/us-central1/operations/operation-1759424079814-6402fd749613f-7662d2a2-581d2da4 {"name":"projects/monify-1384d/locations/us-central1/operations/operation-1759424079814-6402fd749613f-7662d2a2-581d2da4","metadata":{"@type":"type.googleapis.com/google.cloud.functions.v2.OperationMetadata","createTime":"2025-10-02T16:54:40.278005720Z","endTime":"2025-10-02T16:54:49.155916610Z","target":"projects/monify-1384d/locations/us-central1/functions/updateGoalProgress","verb":"create","cancelRequested":false,"apiVersion":"v2","requestResource":{"@type":"type.googleapis.com/google.cloud.functions.v2.Function","name":"projects/monify-1384d/locations/us-central1/functions/updateGoalProgress","buildConfig":{"runtime":"nodejs22","entryPoint":"updateGoalProgress","source":{"storageSource":{"bucket":"gcf-v2-sources-783109027463-us-central1","object":"updateGoalProgress/function-source.zip","generation":"1759424080060524"}},"environmentVariables":{"GOOGLE_NODE_RUN_SCRIPTS":""},"sourceToken":"Cldwcm9qZWN0cy83ODMxMDkwMjc0NjMvbG9jYXRpb25zL3VzLWNlbnRyYWwxL2J1aWxkcy84Mjc3N2IwNS1jN2U0LTRiYjItOGM4OC0xYTE5OTg1MDBhYTUSa3VzLWNlbnRyYWwxLWRvY2tlci5wa2cuZGV2L21vbmlmeS0xMzg0ZC9nY2YtYXJ0aWZhY3RzL21vbmlmeS0tMTM4NGRfX3VzLS1jZW50cmFsMV9fdXBkYXRlX3Byb2ZpbGU6dmVyc2lvbl8xGIftvaflFiJDcHJvamVjdHMvbW9uaWZ5LTEzODRkL2xvY2F0aW9ucy91cy1jZW50cmFsMS9mdW5jdGlvbnMvdXBkYXRlUHJvZmlsZSoMCMnc+sYGEPi7t7MBMghub2RlanMyMjp2CiNnY3IuaW8vZ2FlLXJ1bnRpbWVzL25vZGVqczIyOnN0YWJsZRJPdXMtY2VudHJhbDEtZG9ja2VyLnBrZy5kZXYvc2VydmVybGVzcy1ydW50aW1lcy9nb29nbGUtMjItZnVsbC9ydW50aW1lcy9ub2RlanMyMkAB","serviceAccount":"projects/monify-1384d/serviceAccounts/783109027463-compute@developer.gserviceaccount.com","automaticUpdatePolicy":{}},"serviceConfig":{"service":"projects/monify-1384d/locations/us-central1/services/updategoalprogress","timeoutSeconds":60,"environmentVariables":{"FIREBASE_CONFIG":"{\"projectId\":\"monify-1384d\",\"storageBucket\":\"monify-1384d.firebasestorage.app\"}","GCLOUD_PROJECT":"monify-1384d","EVENTARC_CLOUD_EVENT_SOURCE":"projects/monify-1384d/locations/us-central1/services/updateGoalProgress","FUNCTION_TARGET":"updateGoalProgress","LOG_EXECUTION_ID":"true","FUNCTION_SIGNATURE_TYPE":"http"},"ingressSettings":"ALLOW_ALL","serviceAccountEmail":"783109027463-compute@developer.gserviceaccount.com","availableMemory":"256Mi","maxInstanceRequestConcurrency":80,"availableCpu":"1"},"labels":{"deployment-tool":"cli-firebase","deployment-callable":"true","firebase-functions-hash":"c0b78d8feae55a5b4c4dde57911fd078c0b5d0a1"},"environment":"GEN_2"},"stages":[{"name":"BUILD","message":"Reusing build","state":"COMPLETE","resource":"projects/783109027463/locations/us-central1/builds/82777b05-c7e4-4bb2-8c88-1a1998500aa5"},{"name":"SERVICE","message":"Creating Cloud Run service","state":"COMPLETE","resource":"projects/monify-1384d/locations/us-central1/services/updategoalprogress","resourceUri":"https://console.cloud.google.com/run/detail/us-central1/updategoalprogress?project=monify-1384d"}],"sourceToken":"Cldwcm9qZWN0cy83ODMxMDkwMjc0NjMvbG9jYXRpb25zL3VzLWNlbnRyYWwxL2J1aWxkcy84Mjc3N2IwNS1jN2U0LTRiYjItOGM4OC0xYTE5OTg1MDBhYTUSa3VzLWNlbnRyYWwxLWRvY2tlci5wa2cuZGV2L21vbmlmeS0xMzg0ZC9nY2YtYXJ0aWZhY3RzL21vbmlmeS0tMTM4NGRfX3VzLS1jZW50cmFsMV9fdXBkYXRlX3Byb2ZpbGU6dmVyc2lvbl8xGIftvaflFiJDcHJvamVjdHMvbW9uaWZ5LTEzODRkL2xvY2F0aW9ucy91cy1jZW50cmFsMS9mdW5jdGlvbnMvdXBkYXRlUHJvZmlsZSoMCMnc+sYGEPi7t7MBMghub2RlanMyMjp2CiNnY3IuaW8vZ2FlLXJ1bnRpbWVzL25vZGVqczIyOnN0YWJsZRJPdXMtY2VudHJhbDEtZG9ja2VyLnBrZy5kZXYvc2VydmVybGVzcy1ydW50aW1lcy9nb29nbGUtMjItZnVsbC9ydW50aW1lcy9ub2RlanMyMkAB","operationType":"CREATE_FUNCTION","buildName":"projects/783109027463/locations/us-central1/builds/82777b05-c7e4-4bb2-8c88-1a1998500aa5"},"done":true,"response":{"@type":"type.googleapis.com/google.cloud.functions.v2.Function","name":"projects/monify-1384d/locations/us-central1/functions/updateGoalProgress","buildConfig":{"build":"projects/783109027463/locations/us-central1/builds/82777b05-c7e4-4bb2-8c88-1a1998500aa5","runtime":"nodejs22","entryPoint":"updateGoalProgress","source":{"storageSource":{"bucket":"gcf-v2-sources-783109027463-us-central1","object":"updateGoalProgress/function-source.zip","generation":"1759424080060524"}},"environmentVariables":{"GOOGLE_NODE_RUN_SCRIPTS":""},"dockerRepository":"projects/monify-1384d/locations/us-central1/repositories/gcf-artifacts","sourceProvenance":{"resolvedStorageSource":{"bucket":"gcf-v2-sources-783109027463-us-central1","object":"updateGoalProgress/function-source.zip","generation":"1759424080060524"}},"dockerRegistry":"ARTIFACT_REGISTRY","serviceAccount":"projects/monify-1384d/serviceAccounts/783109027463-compute@developer.gserviceaccount.com","automaticUpdatePolicy":{}},"serviceConfig":{"service":"projects/monify-1384d/locations/us-central1/services/updategoalprogress","timeoutSeconds":60,"environmentVariables":{"FIREBASE_CONFIG":"{\"projectId\":\"monify-1384d\",\"storageBucket\":\"monify-1384d.firebasestorage.app\"}","GCLOUD_PROJECT":"monify-1384d","EVENTARC_CLOUD_EVENT_SOURCE":"projects/monify-1384d/locations/us-central1/services/updateGoalProgress","FUNCTION_TARGET":"updateGoalProgress","LOG_EXECUTION_ID":"true","FUNCTION_SIGNATURE_TYPE":"http"},"maxInstanceCount":20,"ingressSettings":"ALLOW_ALL","uri":"https://updategoalprogress-fbbni7pmxa-uc.a.run.app","serviceAccountEmail":"783109027463-compute@developer.gserviceaccount.com","availableMemory":"256Mi","allTrafficOnLatestRevision":true,"revision":"updategoalprogress-00001-ziw","maxInstanceRequestConcurrency":80,"availableCpu":"1"},"state":"ACTIVE","updateTime":"2025-10-02T16:54:40.274021940Z","labels":{"deployment-tool":"cli-firebase","deployment-callable":"true","firebase-functions-hash":"c0b78d8feae55a5b4c4dde57911fd078c0b5d0a1"},"environment":"GEN_2","url":"https://us-central1-monify-1384d.cloudfunctions.net/updateGoalProgress","createTime":"2025-10-02T16:54:40.274021940Z","satisfiesPzi":true}}
[debug] [2025-10-02T16:54:49.911Z] Got source token Cldwcm9qZWN0cy83ODMxMDkwMjc0NjMvbG9jYXRpb25zL3VzLWNlbnRyYWwxL2J1aWxkcy84Mjc3N2IwNS1jN2U0LTRiYjItOGM4OC0xYTE5OTg1MDBhYTUSa3VzLWNlbnRyYWwxLWRvY2tlci5wa2cuZGV2L21vbmlmeS0xMzg0ZC9nY2YtYXJ0aWZhY3RzL21vbmlmeS0tMTM4NGRfX3VzLS1jZW50cmFsMV9fdXBkYXRlX3Byb2ZpbGU6dmVyc2lvbl8xGIftvaflFiJDcHJvamVjdHMvbW9uaWZ5LTEzODRkL2xvY2F0aW9ucy91cy1jZW50cmFsMS9mdW5jdGlvbnMvdXBkYXRlUHJvZmlsZSoMCMnc+sYGEPi7t7MBMghub2RlanMyMjp2CiNnY3IuaW8vZ2FlLXJ1bnRpbWVzL25vZGVqczIyOnN0YWJsZRJPdXMtY2VudHJhbDEtZG9ja2VyLnBrZy5kZXYvc2VydmVybGVzcy1ydW50aW1lcy9nb29nbGUtMjItZnVsbC9ydW50aW1lcy9ub2RlanMyMkAB for region us-central1
[debug] [2025-10-02T16:54:49.913Z] Checked if tokens are valid: true, expires at: 1759427532850
[debug] [2025-10-02T16:54:49.913Z] Checked if tokens are valid: true, expires at: 1759427532850
[debug] [2025-10-02T16:54:49.913Z] >>> [apiv2][query] POST https://run.googleapis.com/v1/projects/monify-1384d/locations/us-central1/services/updategoalprogress:setIamPolicy [none]
[debug] [2025-10-02T16:54:49.913Z] >>> [apiv2][body] POST https://run.googleapis.com/v1/projects/monify-1384d/locations/us-central1/services/updategoalprogress:setIamPolicy {"policy":{"bindings":[{"role":"roles/run.invoker","members":["allUsers"]}],"etag":"","version":3},"updateMask":"bindings,etag,version"}
[debug] [2025-10-02T16:54:49.915Z] <<< [apiv2][status] GET https://cloudfunctions.googleapis.com/v2/projects/monify-1384d/locations/us-central1/operations/operation-1759424079808-6402fd74947ff-6b87e780-103c1f6e 200
[debug] [2025-10-02T16:54:49.915Z] <<< [apiv2][body] GET https://cloudfunctions.googleapis.com/v2/projects/monify-1384d/locations/us-central1/operations/operation-1759424079808-6402fd74947ff-6b87e780-103c1f6e {"name":"projects/monify-1384d/locations/us-central1/operations/operation-1759424079808-6402fd74947ff-6b87e780-103c1f6e","metadata":{"@type":"type.googleapis.com/google.cloud.functions.v2.OperationMetadata","createTime":"2025-10-02T16:54:40.267072686Z","target":"projects/monify-1384d/locations/us-central1/functions/createGoal","verb":"create","cancelRequested":false,"apiVersion":"v2","requestResource":{"@type":"type.googleapis.com/google.cloud.functions.v2.Function","name":"projects/monify-1384d/locations/us-central1/functions/createGoal","buildConfig":{"runtime":"nodejs22","entryPoint":"createGoal","source":{"storageSource":{"bucket":"gcf-v2-sources-783109027463-us-central1","object":"createGoal/function-source.zip","generation":"1759424080029850"}},"environmentVariables":{"GOOGLE_NODE_RUN_SCRIPTS":""},"sourceToken":"Cldwcm9qZWN0cy83ODMxMDkwMjc0NjMvbG9jYXRpb25zL3VzLWNlbnRyYWwxL2J1aWxkcy84Mjc3N2IwNS1jN2U0LTRiYjItOGM4OC0xYTE5OTg1MDBhYTUSa3VzLWNlbnRyYWwxLWRvY2tlci5wa2cuZGV2L21vbmlmeS0xMzg0ZC9nY2YtYXJ0aWZhY3RzL21vbmlmeS0tMTM4NGRfX3VzLS1jZW50cmFsMV9fdXBkYXRlX3Byb2ZpbGU6dmVyc2lvbl8xGIftvaflFiJDcHJvamVjdHMvbW9uaWZ5LTEzODRkL2xvY2F0aW9ucy91cy1jZW50cmFsMS9mdW5jdGlvbnMvdXBkYXRlUHJvZmlsZSoMCMnc+sYGEPi7t7MBMghub2RlanMyMjp2CiNnY3IuaW8vZ2FlLXJ1bnRpbWVzL25vZGVqczIyOnN0YWJsZRJPdXMtY2VudHJhbDEtZG9ja2VyLnBrZy5kZXYvc2VydmVybGVzcy1ydW50aW1lcy9nb29nbGUtMjItZnVsbC9ydW50aW1lcy9ub2RlanMyMkAB","serviceAccount":"projects/monify-1384d/serviceAccounts/783109027463-compute@developer.gserviceaccount.com","automaticUpdatePolicy":{}},"serviceConfig":{"service":"projects/monify-1384d/locations/us-central1/services/creategoal","timeoutSeconds":60,"environmentVariables":{"FIREBASE_CONFIG":"{\"projectId\":\"monify-1384d\",\"storageBucket\":\"monify-1384d.firebasestorage.app\"}","GCLOUD_PROJECT":"monify-1384d","EVENTARC_CLOUD_EVENT_SOURCE":"projects/monify-1384d/locations/us-central1/services/createGoal","FUNCTION_TARGET":"createGoal","LOG_EXECUTION_ID":"true","FUNCTION_SIGNATURE_TYPE":"http"},"ingressSettings":"ALLOW_ALL","serviceAccountEmail":"783109027463-compute@developer.gserviceaccount.com","availableMemory":"256Mi","maxInstanceRequestConcurrency":80,"availableCpu":"1"},"labels":{"deployment-tool":"cli-firebase","deployment-callable":"true","firebase-functions-hash":"c0b78d8feae55a5b4c4dde57911fd078c0b5d0a1"},"environment":"GEN_2"},"stages":[{"name":"BUILD","message":"Reusing build","state":"COMPLETE","resource":"projects/783109027463/locations/us-central1/builds/82777b05-c7e4-4bb2-8c88-1a1998500aa5"},{"name":"SERVICE","message":"Creating Cloud Run service","state":"IN_PROGRESS","resource":"projects/monify-1384d/locations/us-central1/services/creategoal","resourceUri":"https://console.cloud.google.com/run/detail/us-central1/creategoal?project=monify-1384d"}],"sourceToken":"Cldwcm9qZWN0cy83ODMxMDkwMjc0NjMvbG9jYXRpb25zL3VzLWNlbnRyYWwxL2J1aWxkcy84Mjc3N2IwNS1jN2U0LTRiYjItOGM4OC0xYTE5OTg1MDBhYTUSa3VzLWNlbnRyYWwxLWRvY2tlci5wa2cuZGV2L21vbmlmeS0xMzg0ZC9nY2YtYXJ0aWZhY3RzL21vbmlmeS0tMTM4NGRfX3VzLS1jZW50cmFsMV9fdXBkYXRlX3Byb2ZpbGU6dmVyc2lvbl8xGIftvaflFiJDcHJvamVjdHMvbW9uaWZ5LTEzODRkL2xvY2F0aW9ucy91cy1jZW50cmFsMS9mdW5jdGlvbnMvdXBkYXRlUHJvZmlsZSoMCMnc+sYGEPi7t7MBMghub2RlanMyMjp2CiNnY3IuaW8vZ2FlLXJ1bnRpbWVzL25vZGVqczIyOnN0YWJsZRJPdXMtY2VudHJhbDEtZG9ja2VyLnBrZy5kZXYvc2VydmVybGVzcy1ydW50aW1lcy9nb29nbGUtMjItZnVsbC9ydW50aW1lcy9ub2RlanMyMkAB","operationType":"CREATE_FUNCTION","buildName":"projects/783109027463/locations/us-central1/builds/82777b05-c7e4-4bb2-8c88-1a1998500aa5"},"done":false}
[debug] [2025-10-02T16:54:49.915Z] Got source token Cldwcm9qZWN0cy83ODMxMDkwMjc0NjMvbG9jYXRpb25zL3VzLWNlbnRyYWwxL2J1aWxkcy84Mjc3N2IwNS1jN2U0LTRiYjItOGM4OC0xYTE5OTg1MDBhYTUSa3VzLWNlbnRyYWwxLWRvY2tlci5wa2cuZGV2L21vbmlmeS0xMzg0ZC9nY2YtYXJ0aWZhY3RzL21vbmlmeS0tMTM4NGRfX3VzLS1jZW50cmFsMV9fdXBkYXRlX3Byb2ZpbGU6dmVyc2lvbl8xGIftvaflFiJDcHJvamVjdHMvbW9uaWZ5LTEzODRkL2xvY2F0aW9ucy91cy1jZW50cmFsMS9mdW5jdGlvbnMvdXBkYXRlUHJvZmlsZSoMCMnc+sYGEPi7t7MBMghub2RlanMyMjp2CiNnY3IuaW8vZ2FlLXJ1bnRpbWVzL25vZGVqczIyOnN0YWJsZRJPdXMtY2VudHJhbDEtZG9ja2VyLnBrZy5kZXYvc2VydmVybGVzcy1ydW50aW1lcy9nb29nbGUtMjItZnVsbC9ydW50aW1lcy9ub2RlanMyMkAB for region us-central1
[debug] [2025-10-02T16:54:49.978Z] [create-default-us-central1-updateProfile] Retrying task index 0
[debug] [2025-10-02T16:54:49.978Z] Checked if tokens are valid: true, expires at: 1759427532850
[debug] [2025-10-02T16:54:49.978Z] Checked if tokens are valid: true, expires at: 1759427532850
[debug] [2025-10-02T16:54:49.978Z] >>> [apiv2][query] GET https://cloudfunctions.googleapis.com/v2/projects/monify-1384d/locations/us-central1/operations/operation-1759424007748-6402fd2fdbc36-cd779c19-52b033e7 [none]
[debug] [2025-10-02T16:54:49.980Z] <<< [apiv2][status] GET https://cloudfunctions.googleapis.com/v2/projects/monify-1384d/locations/us-central1/operations/operation-1759424079724-6402fd74800ab-afe514bd-5b98ddfb 200
[debug] [2025-10-02T16:54:49.980Z] <<< [apiv2][body] GET https://cloudfunctions.googleapis.com/v2/projects/monify-1384d/locations/us-central1/operations/operation-1759424079724-6402fd74800ab-afe514bd-5b98ddfb {"name":"projects/monify-1384d/locations/us-central1/operations/operation-1759424079724-6402fd74800ab-afe514bd-5b98ddfb","metadata":{"@type":"type.googleapis.com/google.cloud.functions.v2.OperationMetadata","createTime":"2025-10-02T16:54:40.195572935Z","target":"projects/monify-1384d/locations/us-central1/functions/createCategory","verb":"create","cancelRequested":false,"apiVersion":"v2","requestResource":{"@type":"type.googleapis.com/google.cloud.functions.v2.Function","name":"projects/monify-1384d/locations/us-central1/functions/createCategory","buildConfig":{"runtime":"nodejs22","entryPoint":"createCategory","source":{"storageSource":{"bucket":"gcf-v2-sources-783109027463-us-central1","object":"createCategory/function-source.zip","generation":"1759424079960007"}},"environmentVariables":{"GOOGLE_NODE_RUN_SCRIPTS":""},"sourceToken":"Cldwcm9qZWN0cy83ODMxMDkwMjc0NjMvbG9jYXRpb25zL3VzLWNlbnRyYWwxL2J1aWxkcy84Mjc3N2IwNS1jN2U0LTRiYjItOGM4OC0xYTE5OTg1MDBhYTUSa3VzLWNlbnRyYWwxLWRvY2tlci5wa2cuZGV2L21vbmlmeS0xMzg0ZC9nY2YtYXJ0aWZhY3RzL21vbmlmeS0tMTM4NGRfX3VzLS1jZW50cmFsMV9fdXBkYXRlX3Byb2ZpbGU6dmVyc2lvbl8xGIftvaflFiJDcHJvamVjdHMvbW9uaWZ5LTEzODRkL2xvY2F0aW9ucy91cy1jZW50cmFsMS9mdW5jdGlvbnMvdXBkYXRlUHJvZmlsZSoMCMnc+sYGEPi7t7MBMghub2RlanMyMjp2CiNnY3IuaW8vZ2FlLXJ1bnRpbWVzL25vZGVqczIyOnN0YWJsZRJPdXMtY2VudHJhbDEtZG9ja2VyLnBrZy5kZXYvc2VydmVybGVzcy1ydW50aW1lcy9nb29nbGUtMjItZnVsbC9ydW50aW1lcy9ub2RlanMyMkAB","serviceAccount":"projects/monify-1384d/serviceAccounts/783109027463-compute@developer.gserviceaccount.com","automaticUpdatePolicy":{}},"serviceConfig":{"service":"projects/monify-1384d/locations/us-central1/services/createcategory","timeoutSeconds":60,"environmentVariables":{"FIREBASE_CONFIG":"{\"projectId\":\"monify-1384d\",\"storageBucket\":\"monify-1384d.firebasestorage.app\"}","GCLOUD_PROJECT":"monify-1384d","EVENTARC_CLOUD_EVENT_SOURCE":"projects/monify-1384d/locations/us-central1/services/createCategory","FUNCTION_TARGET":"createCategory","LOG_EXECUTION_ID":"true","FUNCTION_SIGNATURE_TYPE":"http"},"ingressSettings":"ALLOW_ALL","serviceAccountEmail":"783109027463-compute@developer.gserviceaccount.com","availableMemory":"256Mi","maxInstanceRequestConcurrency":80,"availableCpu":"1"},"labels":{"deployment-tool":"cli-firebase","deployment-callable":"true","firebase-functions-hash":"c0b78d8feae55a5b4c4dde57911fd078c0b5d0a1"},"environment":"GEN_2"},"stages":[{"name":"BUILD","message":"Reusing build","state":"COMPLETE","resource":"projects/783109027463/locations/us-central1/builds/82777b05-c7e4-4bb2-8c88-1a1998500aa5"},{"name":"SERVICE","message":"Creating Cloud Run service","state":"IN_PROGRESS","resource":"projects/monify-1384d/locations/us-central1/services/createcategory","resourceUri":"https://console.cloud.google.com/run/detail/us-central1/createcategory?project=monify-1384d"}],"sourceToken":"Cldwcm9qZWN0cy83ODMxMDkwMjc0NjMvbG9jYXRpb25zL3VzLWNlbnRyYWwxL2J1aWxkcy84Mjc3N2IwNS1jN2U0LTRiYjItOGM4OC0xYTE5OTg1MDBhYTUSa3VzLWNlbnRyYWwxLWRvY2tlci5wa2cuZGV2L21vbmlmeS0xMzg0ZC9nY2YtYXJ0aWZhY3RzL21vbmlmeS0tMTM4NGRfX3VzLS1jZW50cmFsMV9fdXBkYXRlX3Byb2ZpbGU6dmVyc2lvbl8xGIftvaflFiJDcHJvamVjdHMvbW9uaWZ5LTEzODRkL2xvY2F0aW9ucy91cy1jZW50cmFsMS9mdW5jdGlvbnMvdXBkYXRlUHJvZmlsZSoMCMnc+sYGEPi7t7MBMghub2RlanMyMjp2CiNnY3IuaW8vZ2FlLXJ1bnRpbWVzL25vZGVqczIyOnN0YWJsZRJPdXMtY2VudHJhbDEtZG9ja2VyLnBrZy5kZXYvc2VydmVybGVzcy1ydW50aW1lcy9nb29nbGUtMjItZnVsbC9ydW50aW1lcy9ub2RlanMyMkAB","operationType":"CREATE_FUNCTION","buildName":"projects/783109027463/locations/us-central1/builds/82777b05-c7e4-4bb2-8c88-1a1998500aa5"},"done":false}
[debug] [2025-10-02T16:54:49.980Z] Got source token Cldwcm9qZWN0cy83ODMxMDkwMjc0NjMvbG9jYXRpb25zL3VzLWNlbnRyYWwxL2J1aWxkcy84Mjc3N2IwNS1jN2U0LTRiYjItOGM4OC0xYTE5OTg1MDBhYTUSa3VzLWNlbnRyYWwxLWRvY2tlci5wa2cuZGV2L21vbmlmeS0xMzg0ZC9nY2YtYXJ0aWZhY3RzL21vbmlmeS0tMTM4NGRfX3VzLS1jZW50cmFsMV9fdXBkYXRlX3Byb2ZpbGU6dmVyc2lvbl8xGIftvaflFiJDcHJvamVjdHMvbW9uaWZ5LTEzODRkL2xvY2F0aW9ucy91cy1jZW50cmFsMS9mdW5jdGlvbnMvdXBkYXRlUHJvZmlsZSoMCMnc+sYGEPi7t7MBMghub2RlanMyMjp2CiNnY3IuaW8vZ2FlLXJ1bnRpbWVzL25vZGVqczIyOnN0YWJsZRJPdXMtY2VudHJhbDEtZG9ja2VyLnBrZy5kZXYvc2VydmVybGVzcy1ydW50aW1lcy9nb29nbGUtMjItZnVsbC9ydW50aW1lcy9ub2RlanMyMkAB for region us-central1
[debug] [2025-10-02T16:54:49.990Z] <<< [apiv2][status] GET https://cloudfunctions.googleapis.com/v2/projects/monify-1384d/locations/us-central1/operations/operation-1759424079827-6402fd74991eb-1c9caca7-d015f9ee 200
[debug] [2025-10-02T16:54:49.991Z] <<< [apiv2][body] GET https://cloudfunctions.googleapis.com/v2/projects/monify-1384d/locations/us-central1/operations/operation-1759424079827-6402fd74991eb-1c9caca7-d015f9ee {"name":"projects/monify-1384d/locations/us-central1/operations/operation-1759424079827-6402fd74991eb-1c9caca7-d015f9ee","metadata":{"@type":"type.googleapis.com/google.cloud.functions.v2.OperationMetadata","createTime":"2025-10-02T16:54:40.291453169Z","target":"projects/monify-1384d/locations/us-central1/functions/createIncome","verb":"create","cancelRequested":false,"apiVersion":"v2","requestResource":{"@type":"type.googleapis.com/google.cloud.functions.v2.Function","name":"projects/monify-1384d/locations/us-central1/functions/createIncome","buildConfig":{"runtime":"nodejs22","entryPoint":"createIncome","source":{"storageSource":{"bucket":"gcf-v2-sources-783109027463-us-central1","object":"createIncome/function-source.zip","generation":"1759424080080315"}},"environmentVariables":{"GOOGLE_NODE_RUN_SCRIPTS":""},"sourceToken":"Cldwcm9qZWN0cy83ODMxMDkwMjc0NjMvbG9jYXRpb25zL3VzLWNlbnRyYWwxL2J1aWxkcy84Mjc3N2IwNS1jN2U0LTRiYjItOGM4OC0xYTE5OTg1MDBhYTUSa3VzLWNlbnRyYWwxLWRvY2tlci5wa2cuZGV2L21vbmlmeS0xMzg0ZC9nY2YtYXJ0aWZhY3RzL21vbmlmeS0tMTM4NGRfX3VzLS1jZW50cmFsMV9fdXBkYXRlX3Byb2ZpbGU6dmVyc2lvbl8xGIftvaflFiJDcHJvamVjdHMvbW9uaWZ5LTEzODRkL2xvY2F0aW9ucy91cy1jZW50cmFsMS9mdW5jdGlvbnMvdXBkYXRlUHJvZmlsZSoMCMnc+sYGEPi7t7MBMghub2RlanMyMjp2CiNnY3IuaW8vZ2FlLXJ1bnRpbWVzL25vZGVqczIyOnN0YWJsZRJPdXMtY2VudHJhbDEtZG9ja2VyLnBrZy5kZXYvc2VydmVybGVzcy1ydW50aW1lcy9nb29nbGUtMjItZnVsbC9ydW50aW1lcy9ub2RlanMyMkAB","serviceAccount":"projects/monify-1384d/serviceAccounts/783109027463-compute@developer.gserviceaccount.com","automaticUpdatePolicy":{}},"serviceConfig":{"service":"projects/monify-1384d/locations/us-central1/services/createincome","timeoutSeconds":60,"environmentVariables":{"FIREBASE_CONFIG":"{\"projectId\":\"monify-1384d\",\"storageBucket\":\"monify-1384d.firebasestorage.app\"}","GCLOUD_PROJECT":"monify-1384d","EVENTARC_CLOUD_EVENT_SOURCE":"projects/monify-1384d/locations/us-central1/services/createIncome","FUNCTION_TARGET":"createIncome","LOG_EXECUTION_ID":"true","FUNCTION_SIGNATURE_TYPE":"http"},"ingressSettings":"ALLOW_ALL","serviceAccountEmail":"783109027463-compute@developer.gserviceaccount.com","availableMemory":"256Mi","maxInstanceRequestConcurrency":80,"availableCpu":"1"},"labels":{"deployment-tool":"cli-firebase","deployment-callable":"true","firebase-functions-hash":"c0b78d8feae55a5b4c4dde57911fd078c0b5d0a1"},"environment":"GEN_2"},"stages":[{"name":"BUILD","message":"Reusing build","state":"COMPLETE","resource":"projects/783109027463/locations/us-central1/builds/82777b05-c7e4-4bb2-8c88-1a1998500aa5"},{"name":"SERVICE","message":"Creating Cloud Run service","state":"IN_PROGRESS","resource":"projects/monify-1384d/locations/us-central1/services/createincome","resourceUri":"https://console.cloud.google.com/run/detail/us-central1/createincome?project=monify-1384d"}],"sourceToken":"Cldwcm9qZWN0cy83ODMxMDkwMjc0NjMvbG9jYXRpb25zL3VzLWNlbnRyYWwxL2J1aWxkcy84Mjc3N2IwNS1jN2U0LTRiYjItOGM4OC0xYTE5OTg1MDBhYTUSa3VzLWNlbnRyYWwxLWRvY2tlci5wa2cuZGV2L21vbmlmeS0xMzg0ZC9nY2YtYXJ0aWZhY3RzL21vbmlmeS0tMTM4NGRfX3VzLS1jZW50cmFsMV9fdXBkYXRlX3Byb2ZpbGU6dmVyc2lvbl8xGIftvaflFiJDcHJvamVjdHMvbW9uaWZ5LTEzODRkL2xvY2F0aW9ucy91cy1jZW50cmFsMS9mdW5jdGlvbnMvdXBkYXRlUHJvZmlsZSoMCMnc+sYGEPi7t7MBMghub2RlanMyMjp2CiNnY3IuaW8vZ2FlLXJ1bnRpbWVzL25vZGVqczIyOnN0YWJsZRJPdXMtY2VudHJhbDEtZG9ja2VyLnBrZy5kZXYvc2VydmVybGVzcy1ydW50aW1lcy9nb29nbGUtMjItZnVsbC9ydW50aW1lcy9ub2RlanMyMkAB","operationType":"CREATE_FUNCTION","buildName":"projects/783109027463/locations/us-central1/builds/82777b05-c7e4-4bb2-8c88-1a1998500aa5"},"done":false}
[debug] [2025-10-02T16:54:49.991Z] Got source token Cldwcm9qZWN0cy83ODMxMDkwMjc0NjMvbG9jYXRpb25zL3VzLWNlbnRyYWwxL2J1aWxkcy84Mjc3N2IwNS1jN2U0LTRiYjItOGM4OC0xYTE5OTg1MDBhYTUSa3VzLWNlbnRyYWwxLWRvY2tlci5wa2cuZGV2L21vbmlmeS0xMzg0ZC9nY2YtYXJ0aWZhY3RzL21vbmlmeS0tMTM4NGRfX3VzLS1jZW50cmFsMV9fdXBkYXRlX3Byb2ZpbGU6dmVyc2lvbl8xGIftvaflFiJDcHJvamVjdHMvbW9uaWZ5LTEzODRkL2xvY2F0aW9ucy91cy1jZW50cmFsMS9mdW5jdGlvbnMvdXBkYXRlUHJvZmlsZSoMCMnc+sYGEPi7t7MBMghub2RlanMyMjp2CiNnY3IuaW8vZ2FlLXJ1bnRpbWVzL25vZGVqczIyOnN0YWJsZRJPdXMtY2VudHJhbDEtZG9ja2VyLnBrZy5kZXYvc2VydmVybGVzcy1ydW50aW1lcy9nb29nbGUtMjItZnVsbC9ydW50aW1lcy9ub2RlanMyMkAB for region us-central1
[debug] [2025-10-02T16:54:50.004Z] <<< [apiv2][status] GET https://cloudfunctions.googleapis.com/v2/projects/monify-1384d/locations/us-central1/operations/operation-1759424079828-6402fd7499420-213634f8-9bae3fbe 200
[debug] [2025-10-02T16:54:50.004Z] <<< [apiv2][body] GET https://cloudfunctions.googleapis.com/v2/projects/monify-1384d/locations/us-central1/operations/operation-1759424079828-6402fd7499420-213634f8-9bae3fbe {"name":"projects/monify-1384d/locations/us-central1/operations/operation-1759424079828-6402fd7499420-213634f8-9bae3fbe","metadata":{"@type":"type.googleapis.com/google.cloud.functions.v2.OperationMetadata","createTime":"2025-10-02T16:54:40.310897607Z","target":"projects/monify-1384d/locations/us-central1/functions/getMonthlySummary","verb":"create","cancelRequested":false,"apiVersion":"v2","requestResource":{"@type":"type.googleapis.com/google.cloud.functions.v2.Function","name":"projects/monify-1384d/locations/us-central1/functions/getMonthlySummary","buildConfig":{"runtime":"nodejs22","entryPoint":"getMonthlySummary","source":{"storageSource":{"bucket":"gcf-v2-sources-783109027463-us-central1","object":"getMonthlySummary/function-source.zip","generation":"1759424080081870"}},"environmentVariables":{"GOOGLE_NODE_RUN_SCRIPTS":""},"sourceToken":"Cldwcm9qZWN0cy83ODMxMDkwMjc0NjMvbG9jYXRpb25zL3VzLWNlbnRyYWwxL2J1aWxkcy84Mjc3N2IwNS1jN2U0LTRiYjItOGM4OC0xYTE5OTg1MDBhYTUSa3VzLWNlbnRyYWwxLWRvY2tlci5wa2cuZGV2L21vbmlmeS0xMzg0ZC9nY2YtYXJ0aWZhY3RzL21vbmlmeS0tMTM4NGRfX3VzLS1jZW50cmFsMV9fdXBkYXRlX3Byb2ZpbGU6dmVyc2lvbl8xGIftvaflFiJDcHJvamVjdHMvbW9uaWZ5LTEzODRkL2xvY2F0aW9ucy91cy1jZW50cmFsMS9mdW5jdGlvbnMvdXBkYXRlUHJvZmlsZSoMCMnc+sYGEPi7t7MBMghub2RlanMyMjp2CiNnY3IuaW8vZ2FlLXJ1bnRpbWVzL25vZGVqczIyOnN0YWJsZRJPdXMtY2VudHJhbDEtZG9ja2VyLnBrZy5kZXYvc2VydmVybGVzcy1ydW50aW1lcy9nb29nbGUtMjItZnVsbC9ydW50aW1lcy9ub2RlanMyMkAB","serviceAccount":"projects/monify-1384d/serviceAccounts/783109027463-compute@developer.gserviceaccount.com","automaticUpdatePolicy":{}},"serviceConfig":{"service":"projects/monify-1384d/locations/us-central1/services/getmonthlysummary","timeoutSeconds":60,"environmentVariables":{"FIREBASE_CONFIG":"{\"projectId\":\"monify-1384d\",\"storageBucket\":\"monify-1384d.firebasestorage.app\"}","GCLOUD_PROJECT":"monify-1384d","EVENTARC_CLOUD_EVENT_SOURCE":"projects/monify-1384d/locations/us-central1/services/getMonthlySummary","FUNCTION_TARGET":"getMonthlySummary","LOG_EXECUTION_ID":"true","FUNCTION_SIGNATURE_TYPE":"http"},"ingressSettings":"ALLOW_ALL","serviceAccountEmail":"783109027463-compute@developer.gserviceaccount.com","availableMemory":"256Mi","maxInstanceRequestConcurrency":80,"availableCpu":"1"},"labels":{"deployment-tool":"cli-firebase","deployment-callable":"true","firebase-functions-hash":"c0b78d8feae55a5b4c4dde57911fd078c0b5d0a1"},"environment":"GEN_2"},"stages":[{"name":"BUILD","message":"Reusing build","state":"COMPLETE","resource":"projects/783109027463/locations/us-central1/builds/82777b05-c7e4-4bb2-8c88-1a1998500aa5"},{"name":"SERVICE","message":"Creating Cloud Run service","state":"IN_PROGRESS","resource":"projects/monify-1384d/locations/us-central1/services/getmonthlysummary","resourceUri":"https://console.cloud.google.com/run/detail/us-central1/getmonthlysummary?project=monify-1384d"}],"sourceToken":"Cldwcm9qZWN0cy83ODMxMDkwMjc0NjMvbG9jYXRpb25zL3VzLWNlbnRyYWwxL2J1aWxkcy84Mjc3N2IwNS1jN2U0LTRiYjItOGM4OC0xYTE5OTg1MDBhYTUSa3VzLWNlbnRyYWwxLWRvY2tlci5wa2cuZGV2L21vbmlmeS0xMzg0ZC9nY2YtYXJ0aWZhY3RzL21vbmlmeS0tMTM4NGRfX3VzLS1jZW50cmFsMV9fdXBkYXRlX3Byb2ZpbGU6dmVyc2lvbl8xGIftvaflFiJDcHJvamVjdHMvbW9uaWZ5LTEzODRkL2xvY2F0aW9ucy91cy1jZW50cmFsMS9mdW5jdGlvbnMvdXBkYXRlUHJvZmlsZSoMCMnc+sYGEPi7t7MBMghub2RlanMyMjp2CiNnY3IuaW8vZ2FlLXJ1bnRpbWVzL25vZGVqczIyOnN0YWJsZRJPdXMtY2VudHJhbDEtZG9ja2VyLnBrZy5kZXYvc2VydmVybGVzcy1ydW50aW1lcy9nb29nbGUtMjItZnVsbC9ydW50aW1lcy9ub2RlanMyMkAB","operationType":"CREATE_FUNCTION","buildName":"projects/783109027463/locations/us-central1/builds/82777b05-c7e4-4bb2-8c88-1a1998500aa5"},"done":false}
[debug] [2025-10-02T16:54:50.004Z] Got source token Cldwcm9qZWN0cy83ODMxMDkwMjc0NjMvbG9jYXRpb25zL3VzLWNlbnRyYWwxL2J1aWxkcy84Mjc3N2IwNS1jN2U0LTRiYjItOGM4OC0xYTE5OTg1MDBhYTUSa3VzLWNlbnRyYWwxLWRvY2tlci5wa2cuZGV2L21vbmlmeS0xMzg0ZC9nY2YtYXJ0aWZhY3RzL21vbmlmeS0tMTM4NGRfX3VzLS1jZW50cmFsMV9fdXBkYXRlX3Byb2ZpbGU6dmVyc2lvbl8xGIftvaflFiJDcHJvamVjdHMvbW9uaWZ5LTEzODRkL2xvY2F0aW9ucy91cy1jZW50cmFsMS9mdW5jdGlvbnMvdXBkYXRlUHJvZmlsZSoMCMnc+sYGEPi7t7MBMghub2RlanMyMjp2CiNnY3IuaW8vZ2FlLXJ1bnRpbWVzL25vZGVqczIyOnN0YWJsZRJPdXMtY2VudHJhbDEtZG9ja2VyLnBrZy5kZXYvc2VydmVybGVzcy1ydW50aW1lcy9nb29nbGUtMjItZnVsbC9ydW50aW1lcy9ub2RlanMyMkAB for region us-central1
[debug] [2025-10-02T16:54:50.023Z] <<< [apiv2][status] GET https://cloudfunctions.googleapis.com/v2/projects/monify-1384d/locations/us-central1/operations/operation-1759424079815-6402fd749620c-196af513-57866773 200
[debug] [2025-10-02T16:54:50.023Z] <<< [apiv2][body] GET https://cloudfunctions.googleapis.com/v2/projects/monify-1384d/locations/us-central1/operations/operation-1759424079815-6402fd749620c-196af513-57866773 {"name":"projects/monify-1384d/locations/us-central1/operations/operation-1759424079815-6402fd749620c-196af513-57866773","metadata":{"@type":"type.googleapis.com/google.cloud.functions.v2.OperationMetadata","createTime":"2025-10-02T16:54:40.300714210Z","target":"projects/monify-1384d/locations/us-central1/functions/getGoalProgressSummary","verb":"create","cancelRequested":false,"apiVersion":"v2","requestResource":{"@type":"type.googleapis.com/google.cloud.functions.v2.Function","name":"projects/monify-1384d/locations/us-central1/functions/getGoalProgressSummary","buildConfig":{"runtime":"nodejs22","entryPoint":"getGoalProgressSummary","source":{"storageSource":{"bucket":"gcf-v2-sources-783109027463-us-central1","object":"getGoalProgressSummary/function-source.zip","generation":"1759424080046847"}},"environmentVariables":{"GOOGLE_NODE_RUN_SCRIPTS":""},"sourceToken":"Cldwcm9qZWN0cy83ODMxMDkwMjc0NjMvbG9jYXRpb25zL3VzLWNlbnRyYWwxL2J1aWxkcy84Mjc3N2IwNS1jN2U0LTRiYjItOGM4OC0xYTE5OTg1MDBhYTUSa3VzLWNlbnRyYWwxLWRvY2tlci5wa2cuZGV2L21vbmlmeS0xMzg0ZC9nY2YtYXJ0aWZhY3RzL21vbmlmeS0tMTM4NGRfX3VzLS1jZW50cmFsMV9fdXBkYXRlX3Byb2ZpbGU6dmVyc2lvbl8xGIftvaflFiJDcHJvamVjdHMvbW9uaWZ5LTEzODRkL2xvY2F0aW9ucy91cy1jZW50cmFsMS9mdW5jdGlvbnMvdXBkYXRlUHJvZmlsZSoMCMnc+sYGEPi7t7MBMghub2RlanMyMjp2CiNnY3IuaW8vZ2FlLXJ1bnRpbWVzL25vZGVqczIyOnN0YWJsZRJPdXMtY2VudHJhbDEtZG9ja2VyLnBrZy5kZXYvc2VydmVybGVzcy1ydW50aW1lcy9nb29nbGUtMjItZnVsbC9ydW50aW1lcy9ub2RlanMyMkAB","serviceAccount":"projects/monify-1384d/serviceAccounts/783109027463-compute@developer.gserviceaccount.com","automaticUpdatePolicy":{}},"serviceConfig":{"service":"projects/monify-1384d/locations/us-central1/services/getgoalprogresssummary","timeoutSeconds":60,"environmentVariables":{"FIREBASE_CONFIG":"{\"projectId\":\"monify-1384d\",\"storageBucket\":\"monify-1384d.firebasestorage.app\"}","GCLOUD_PROJECT":"monify-1384d","EVENTARC_CLOUD_EVENT_SOURCE":"projects/monify-1384d/locations/us-central1/services/getGoalProgressSummary","FUNCTION_TARGET":"getGoalProgressSummary","LOG_EXECUTION_ID":"true","FUNCTION_SIGNATURE_TYPE":"http"},"ingressSettings":"ALLOW_ALL","serviceAccountEmail":"783109027463-compute@developer.gserviceaccount.com","availableMemory":"256Mi","maxInstanceRequestConcurrency":80,"availableCpu":"1"},"labels":{"deployment-tool":"cli-firebase","deployment-callable":"true","firebase-functions-hash":"c0b78d8feae55a5b4c4dde57911fd078c0b5d0a1"},"environment":"GEN_2"},"stages":[{"name":"BUILD","message":"Reusing build","state":"COMPLETE","resource":"projects/783109027463/locations/us-central1/builds/82777b05-c7e4-4bb2-8c88-1a1998500aa5"},{"name":"SERVICE","message":"Creating Cloud Run service","state":"IN_PROGRESS","resource":"projects/monify-1384d/locations/us-central1/services/getgoalprogresssummary","resourceUri":"https://console.cloud.google.com/run/detail/us-central1/getgoalprogresssummary?project=monify-1384d"}],"sourceToken":"Cldwcm9qZWN0cy83ODMxMDkwMjc0NjMvbG9jYXRpb25zL3VzLWNlbnRyYWwxL2J1aWxkcy84Mjc3N2IwNS1jN2U0LTRiYjItOGM4OC0xYTE5OTg1MDBhYTUSa3VzLWNlbnRyYWwxLWRvY2tlci5wa2cuZGV2L21vbmlmeS0xMzg0ZC9nY2YtYXJ0aWZhY3RzL21vbmlmeS0tMTM4NGRfX3VzLS1jZW50cmFsMV9fdXBkYXRlX3Byb2ZpbGU6dmVyc2lvbl8xGIftvaflFiJDcHJvamVjdHMvbW9uaWZ5LTEzODRkL2xvY2F0aW9ucy91cy1jZW50cmFsMS9mdW5jdGlvbnMvdXBkYXRlUHJvZmlsZSoMCMnc+sYGEPi7t7MBMghub2RlanMyMjp2CiNnY3IuaW8vZ2FlLXJ1bnRpbWVzL25vZGVqczIyOnN0YWJsZRJPdXMtY2VudHJhbDEtZG9ja2VyLnBrZy5kZXYvc2VydmVybGVzcy1ydW50aW1lcy9nb29nbGUtMjItZnVsbC9ydW50aW1lcy9ub2RlanMyMkAB","operationType":"CREATE_FUNCTION","buildName":"projects/783109027463/locations/us-central1/builds/82777b05-c7e4-4bb2-8c88-1a1998500aa5"},"done":false}
[debug] [2025-10-02T16:54:50.023Z] Got source token Cldwcm9qZWN0cy83ODMxMDkwMjc0NjMvbG9jYXRpb25zL3VzLWNlbnRyYWwxL2J1aWxkcy84Mjc3N2IwNS1jN2U0LTRiYjItOGM4OC0xYTE5OTg1MDBhYTUSa3VzLWNlbnRyYWwxLWRvY2tlci5wa2cuZGV2L21vbmlmeS0xMzg0ZC9nY2YtYXJ0aWZhY3RzL21vbmlmeS0tMTM4NGRfX3VzLS1jZW50cmFsMV9fdXBkYXRlX3Byb2ZpbGU6dmVyc2lvbl8xGIftvaflFiJDcHJvamVjdHMvbW9uaWZ5LTEzODRkL2xvY2F0aW9ucy91cy1jZW50cmFsMS9mdW5jdGlvbnMvdXBkYXRlUHJvZmlsZSoMCMnc+sYGEPi7t7MBMghub2RlanMyMjp2CiNnY3IuaW8vZ2FlLXJ1bnRpbWVzL25vZGVqczIyOnN0YWJsZRJPdXMtY2VudHJhbDEtZG9ja2VyLnBrZy5kZXYvc2VydmVybGVzcy1ydW50aW1lcy9nb29nbGUtMjItZnVsbC9ydW50aW1lcy9ub2RlanMyMkAB for region us-central1
[debug] [2025-10-02T16:54:50.371Z] <<< [apiv2][status] GET https://cloudfunctions.googleapis.com/v2/projects/monify-1384d/locations/us-central1/operations/operation-1759424007748-6402fd2fdbc36-cd779c19-52b033e7 200
[debug] [2025-10-02T16:54:50.371Z] <<< [apiv2][body] GET https://cloudfunctions.googleapis.com/v2/projects/monify-1384d/locations/us-central1/operations/operation-1759424007748-6402fd2fdbc36-cd779c19-52b033e7 {"name":"projects/monify-1384d/locations/us-central1/operations/operation-1759424007748-6402fd2fdbc36-cd779c19-52b033e7","metadata":{"@type":"type.googleapis.com/google.cloud.functions.v2.OperationMetadata","createTime":"2025-10-02T16:53:28.945642315Z","target":"projects/monify-1384d/locations/us-central1/functions/updateProfile","verb":"create","cancelRequested":false,"apiVersion":"v2","requestResource":{"@type":"type.googleapis.com/google.cloud.functions.v2.Function","name":"projects/monify-1384d/locations/us-central1/functions/updateProfile","buildConfig":{"runtime":"nodejs22","entryPoint":"updateProfile","source":{"storageSource":{"bucket":"gcf-v2-sources-783109027463-us-central1","object":"updateProfile/function-source.zip","generation":"1759424008562502"}},"environmentVariables":{"GOOGLE_NODE_RUN_SCRIPTS":""},"serviceAccount":"projects/monify-1384d/serviceAccounts/783109027463-compute@developer.gserviceaccount.com","automaticUpdatePolicy":{}},"serviceConfig":{"service":"projects/monify-1384d/locations/us-central1/services/updateprofile","timeoutSeconds":60,"environmentVariables":{"FIREBASE_CONFIG":"{\"projectId\":\"monify-1384d\",\"storageBucket\":\"monify-1384d.firebasestorage.app\"}","GCLOUD_PROJECT":"monify-1384d","EVENTARC_CLOUD_EVENT_SOURCE":"projects/monify-1384d/locations/us-central1/services/updateProfile","FUNCTION_TARGET":"updateProfile","LOG_EXECUTION_ID":"true"},"ingressSettings":"ALLOW_ALL","serviceAccountEmail":"783109027463-compute@developer.gserviceaccount.com","availableMemory":"256Mi","maxInstanceRequestConcurrency":80,"availableCpu":"1"},"labels":{"deployment-tool":"cli-firebase","deployment-callable":"true","firebase-functions-hash":"c0b78d8feae55a5b4c4dde57911fd078c0b5d0a1"},"environment":"GEN_2"},"stages":[{"name":"BUILD","message":"Build finished","state":"COMPLETE","resource":"projects/783109027463/locations/us-central1/builds/82777b05-c7e4-4bb2-8c88-1a1998500aa5","resourceUri":"https://console.cloud.google.com/cloud-build/builds;region=us-central1/82777b05-c7e4-4bb2-8c88-1a1998500aa5?project=783109027463"},{"name":"SERVICE","message":"Creating Cloud Run service","state":"IN_PROGRESS","resource":"projects/monify-1384d/locations/us-central1/services/updateprofile","resourceUri":"https://console.cloud.google.com/run/detail/us-central1/updateprofile?project=monify-1384d"}],"sourceToken":"Cldwcm9qZWN0cy83ODMxMDkwMjc0NjMvbG9jYXRpb25zL3VzLWNlbnRyYWwxL2J1aWxkcy84Mjc3N2IwNS1jN2U0LTRiYjItOGM4OC0xYTE5OTg1MDBhYTUSa3VzLWNlbnRyYWwxLWRvY2tlci5wa2cuZGV2L21vbmlmeS0xMzg0ZC9nY2YtYXJ0aWZhY3RzL21vbmlmeS0tMTM4NGRfX3VzLS1jZW50cmFsMV9fdXBkYXRlX3Byb2ZpbGU6dmVyc2lvbl8xGIftvaflFiJDcHJvamVjdHMvbW9uaWZ5LTEzODRkL2xvY2F0aW9ucy91cy1jZW50cmFsMS9mdW5jdGlvbnMvdXBkYXRlUHJvZmlsZSoMCMnc+sYGEPi7t7MBMghub2RlanMyMjp2CiNnY3IuaW8vZ2FlLXJ1bnRpbWVzL25vZGVqczIyOnN0YWJsZRJPdXMtY2VudHJhbDEtZG9ja2VyLnBrZy5kZXYvc2VydmVybGVzcy1ydW50aW1lcy9nb29nbGUtMjItZnVsbC9ydW50aW1lcy9ub2RlanMyMkAB","operationType":"CREATE_FUNCTION","buildName":"projects/783109027463/locations/us-central1/builds/82777b05-c7e4-4bb2-8c88-1a1998500aa5"},"done":false}
[debug] [2025-10-02T16:54:50.371Z] Got source token Cldwcm9qZWN0cy83ODMxMDkwMjc0NjMvbG9jYXRpb25zL3VzLWNlbnRyYWwxL2J1aWxkcy84Mjc3N2IwNS1jN2U0LTRiYjItOGM4OC0xYTE5OTg1MDBhYTUSa3VzLWNlbnRyYWwxLWRvY2tlci5wa2cuZGV2L21vbmlmeS0xMzg0ZC9nY2YtYXJ0aWZhY3RzL21vbmlmeS0tMTM4NGRfX3VzLS1jZW50cmFsMV9fdXBkYXRlX3Byb2ZpbGU6dmVyc2lvbl8xGIftvaflFiJDcHJvamVjdHMvbW9uaWZ5LTEzODRkL2xvY2F0aW9ucy91cy1jZW50cmFsMS9mdW5jdGlvbnMvdXBkYXRlUHJvZmlsZSoMCMnc+sYGEPi7t7MBMghub2RlanMyMjp2CiNnY3IuaW8vZ2FlLXJ1bnRpbWVzL25vZGVqczIyOnN0YWJsZRJPdXMtY2VudHJhbDEtZG9ja2VyLnBrZy5kZXYvc2VydmVybGVzcy1ydW50aW1lcy9nb29nbGUtMjItZnVsbC9ydW50aW1lcy9ub2RlanMyMkAB for region us-central1
[debug] [2025-10-02T16:54:50.934Z] <<< [apiv2][status] POST https://run.googleapis.com/v1/projects/monify-1384d/locations/us-central1/services/updategoalprogress:setIamPolicy 200
[debug] [2025-10-02T16:54:50.934Z] <<< [apiv2][body] POST https://run.googleapis.com/v1/projects/monify-1384d/locations/us-central1/services/updategoalprogress:setIamPolicy {"version":1,"etag":"BwZAL9fo8yo=","bindings":[{"role":"roles/run.invoker","members":["allUsers"]}]}
[info] +  functions[updateGoalProgress(us-central1)] Successful create operation. 
[debug] [2025-10-02T16:54:57.723Z] [create-default-us-central1-createExpense] Retrying task index 0
[debug] [2025-10-02T16:54:57.724Z] Checked if tokens are valid: true, expires at: 1759427532850
[debug] [2025-10-02T16:54:57.724Z] Checked if tokens are valid: true, expires at: 1759427532850
[debug] [2025-10-02T16:54:57.724Z] >>> [apiv2][query] GET https://cloudfunctions.googleapis.com/v2/projects/monify-1384d/locations/us-central1/operations/operation-1759424079812-6402fd74957db-a48719b1-70f5e374 [none]
[debug] [2025-10-02T16:54:57.919Z] [create-default-us-central1-createGoal] Retrying task index 0
[debug] [2025-10-02T16:54:57.919Z] Checked if tokens are valid: true, expires at: 1759427532850
[debug] [2025-10-02T16:54:57.919Z] Checked if tokens are valid: true, expires at: 1759427532850
[debug] [2025-10-02T16:54:57.920Z] >>> [apiv2][query] GET https://cloudfunctions.googleapis.com/v2/projects/monify-1384d/locations/us-central1/operations/operation-1759424079808-6402fd74947ff-6b87e780-103c1f6e [none]
[debug] [2025-10-02T16:54:57.987Z] [create-default-us-central1-createCategory] Retrying task index 0
[debug] [2025-10-02T16:54:57.987Z] Checked if tokens are valid: true, expires at: 1759427532850
[debug] [2025-10-02T16:54:57.987Z] Checked if tokens are valid: true, expires at: 1759427532850
[debug] [2025-10-02T16:54:57.987Z] >>> [apiv2][query] GET https://cloudfunctions.googleapis.com/v2/projects/monify-1384d/locations/us-central1/operations/operation-1759424079724-6402fd74800ab-afe514bd-5b98ddfb [none]
[debug] [2025-10-02T16:54:57.990Z] [create-default-us-central1-createIncome] Retrying task index 0
[debug] [2025-10-02T16:54:57.991Z] Checked if tokens are valid: true, expires at: 1759427532850
[debug] [2025-10-02T16:54:57.991Z] Checked if tokens are valid: true, expires at: 1759427532850
[debug] [2025-10-02T16:54:57.991Z] >>> [apiv2][query] GET https://cloudfunctions.googleapis.com/v2/projects/monify-1384d/locations/us-central1/operations/operation-1759424079827-6402fd74991eb-1c9caca7-d015f9ee [none]
[debug] [2025-10-02T16:54:58.007Z] [create-default-us-central1-getMonthlySummary] Retrying task index 0
[debug] [2025-10-02T16:54:58.007Z] Checked if tokens are valid: true, expires at: 1759427532850
[debug] [2025-10-02T16:54:58.007Z] Checked if tokens are valid: true, expires at: 1759427532850
[debug] [2025-10-02T16:54:58.007Z] >>> [apiv2][query] GET https://cloudfunctions.googleapis.com/v2/projects/monify-1384d/locations/us-central1/operations/operation-1759424079828-6402fd7499420-213634f8-9bae3fbe [none]
[debug] [2025-10-02T16:54:58.023Z] [create-default-us-central1-getGoalProgressSummary] Retrying task index 0
[debug] [2025-10-02T16:54:58.023Z] Checked if tokens are valid: true, expires at: 1759427532850
[debug] [2025-10-02T16:54:58.023Z] Checked if tokens are valid: true, expires at: 1759427532850
[debug] [2025-10-02T16:54:58.023Z] >>> [apiv2][query] GET https://cloudfunctions.googleapis.com/v2/projects/monify-1384d/locations/us-central1/operations/operation-1759424079815-6402fd749620c-196af513-57866773 [none]
[debug] [2025-10-02T16:54:58.034Z] <<< [apiv2][status] GET https://cloudfunctions.googleapis.com/v2/projects/monify-1384d/locations/us-central1/operations/operation-1759424079812-6402fd74957db-a48719b1-70f5e374 200
[debug] [2025-10-02T16:54:58.034Z] <<< [apiv2][body] GET https://cloudfunctions.googleapis.com/v2/projects/monify-1384d/locations/us-central1/operations/operation-1759424079812-6402fd74957db-a48719b1-70f5e374 {"name":"projects/monify-1384d/locations/us-central1/operations/operation-1759424079812-6402fd74957db-a48719b1-70f5e374","metadata":{"@type":"type.googleapis.com/google.cloud.functions.v2.OperationMetadata","createTime":"2025-10-02T16:54:40.299667718Z","endTime":"2025-10-02T16:54:49.569445346Z","target":"projects/monify-1384d/locations/us-central1/functions/createExpense","verb":"create","cancelRequested":false,"apiVersion":"v2","requestResource":{"@type":"type.googleapis.com/google.cloud.functions.v2.Function","name":"projects/monify-1384d/locations/us-central1/functions/createExpense","buildConfig":{"runtime":"nodejs22","entryPoint":"createExpense","source":{"storageSource":{"bucket":"gcf-v2-sources-783109027463-us-central1","object":"createExpense/function-source.zip","generation":"1759424080080262"}},"environmentVariables":{"GOOGLE_NODE_RUN_SCRIPTS":""},"sourceToken":"Cldwcm9qZWN0cy83ODMxMDkwMjc0NjMvbG9jYXRpb25zL3VzLWNlbnRyYWwxL2J1aWxkcy84Mjc3N2IwNS1jN2U0LTRiYjItOGM4OC0xYTE5OTg1MDBhYTUSa3VzLWNlbnRyYWwxLWRvY2tlci5wa2cuZGV2L21vbmlmeS0xMzg0ZC9nY2YtYXJ0aWZhY3RzL21vbmlmeS0tMTM4NGRfX3VzLS1jZW50cmFsMV9fdXBkYXRlX3Byb2ZpbGU6dmVyc2lvbl8xGIftvaflFiJDcHJvamVjdHMvbW9uaWZ5LTEzODRkL2xvY2F0aW9ucy91cy1jZW50cmFsMS9mdW5jdGlvbnMvdXBkYXRlUHJvZmlsZSoMCMnc+sYGEPi7t7MBMghub2RlanMyMjp2CiNnY3IuaW8vZ2FlLXJ1bnRpbWVzL25vZGVqczIyOnN0YWJsZRJPdXMtY2VudHJhbDEtZG9ja2VyLnBrZy5kZXYvc2VydmVybGVzcy1ydW50aW1lcy9nb29nbGUtMjItZnVsbC9ydW50aW1lcy9ub2RlanMyMkAB","serviceAccount":"projects/monify-1384d/serviceAccounts/783109027463-compute@developer.gserviceaccount.com","automaticUpdatePolicy":{}},"serviceConfig":{"service":"projects/monify-1384d/locations/us-central1/services/createexpense","timeoutSeconds":60,"environmentVariables":{"FIREBASE_CONFIG":"{\"projectId\":\"monify-1384d\",\"storageBucket\":\"monify-1384d.firebasestorage.app\"}","GCLOUD_PROJECT":"monify-1384d","EVENTARC_CLOUD_EVENT_SOURCE":"projects/monify-1384d/locations/us-central1/services/createExpense","FUNCTION_TARGET":"createExpense","LOG_EXECUTION_ID":"true","FUNCTION_SIGNATURE_TYPE":"http"},"ingressSettings":"ALLOW_ALL","serviceAccountEmail":"783109027463-compute@developer.gserviceaccount.com","availableMemory":"256Mi","maxInstanceRequestConcurrency":80,"availableCpu":"1"},"labels":{"deployment-tool":"cli-firebase","deployment-callable":"true","firebase-functions-hash":"c0b78d8feae55a5b4c4dde57911fd078c0b5d0a1"},"environment":"GEN_2"},"stages":[{"name":"BUILD","message":"Reusing build","state":"COMPLETE","resource":"projects/783109027463/locations/us-central1/builds/82777b05-c7e4-4bb2-8c88-1a1998500aa5"},{"name":"SERVICE","message":"Creating Cloud Run service","state":"COMPLETE","resource":"projects/monify-1384d/locations/us-central1/services/createexpense","resourceUri":"https://console.cloud.google.com/run/detail/us-central1/createexpense?project=monify-1384d"}],"sourceToken":"Cldwcm9qZWN0cy83ODMxMDkwMjc0NjMvbG9jYXRpb25zL3VzLWNlbnRyYWwxL2J1aWxkcy84Mjc3N2IwNS1jN2U0LTRiYjItOGM4OC0xYTE5OTg1MDBhYTUSa3VzLWNlbnRyYWwxLWRvY2tlci5wa2cuZGV2L21vbmlmeS0xMzg0ZC9nY2YtYXJ0aWZhY3RzL21vbmlmeS0tMTM4NGRfX3VzLS1jZW50cmFsMV9fdXBkYXRlX3Byb2ZpbGU6dmVyc2lvbl8xGIftvaflFiJDcHJvamVjdHMvbW9uaWZ5LTEzODRkL2xvY2F0aW9ucy91cy1jZW50cmFsMS9mdW5jdGlvbnMvdXBkYXRlUHJvZmlsZSoMCMnc+sYGEPi7t7MBMghub2RlanMyMjp2CiNnY3IuaW8vZ2FlLXJ1bnRpbWVzL25vZGVqczIyOnN0YWJsZRJPdXMtY2VudHJhbDEtZG9ja2VyLnBrZy5kZXYvc2VydmVybGVzcy1ydW50aW1lcy9nb29nbGUtMjItZnVsbC9ydW50aW1lcy9ub2RlanMyMkAB","operationType":"CREATE_FUNCTION","buildName":"projects/783109027463/locations/us-central1/builds/82777b05-c7e4-4bb2-8c88-1a1998500aa5"},"done":true,"response":{"@type":"type.googleapis.com/google.cloud.functions.v2.Function","name":"projects/monify-1384d/locations/us-central1/functions/createExpense","buildConfig":{"build":"projects/783109027463/locations/us-central1/builds/82777b05-c7e4-4bb2-8c88-1a1998500aa5","runtime":"nodejs22","entryPoint":"createExpense","source":{"storageSource":{"bucket":"gcf-v2-sources-783109027463-us-central1","object":"createExpense/function-source.zip","generation":"1759424080080262"}},"environmentVariables":{"GOOGLE_NODE_RUN_SCRIPTS":""},"dockerRepository":"projects/monify-1384d/locations/us-central1/repositories/gcf-artifacts","sourceProvenance":{"resolvedStorageSource":{"bucket":"gcf-v2-sources-783109027463-us-central1","object":"createExpense/function-source.zip","generation":"1759424080080262"}},"dockerRegistry":"ARTIFACT_REGISTRY","serviceAccount":"projects/monify-1384d/serviceAccounts/783109027463-compute@developer.gserviceaccount.com","automaticUpdatePolicy":{}},"serviceConfig":{"service":"projects/monify-1384d/locations/us-central1/services/createexpense","timeoutSeconds":60,"environmentVariables":{"FIREBASE_CONFIG":"{\"projectId\":\"monify-1384d\",\"storageBucket\":\"monify-1384d.firebasestorage.app\"}","GCLOUD_PROJECT":"monify-1384d","EVENTARC_CLOUD_EVENT_SOURCE":"projects/monify-1384d/locations/us-central1/services/createExpense","FUNCTION_TARGET":"createExpense","LOG_EXECUTION_ID":"true","FUNCTION_SIGNATURE_TYPE":"http"},"maxInstanceCount":20,"ingressSettings":"ALLOW_ALL","uri":"https://createexpense-fbbni7pmxa-uc.a.run.app","serviceAccountEmail":"783109027463-compute@developer.gserviceaccount.com","availableMemory":"256Mi","allTrafficOnLatestRevision":true,"revision":"createexpense-00001-lar","maxInstanceRequestConcurrency":80,"availableCpu":"1"},"state":"ACTIVE","updateTime":"2025-10-02T16:54:40.295612072Z","labels":{"firebase-functions-hash":"c0b78d8feae55a5b4c4dde57911fd078c0b5d0a1","deployment-tool":"cli-firebase","deployment-callable":"true"},"environment":"GEN_2","url":"https://us-central1-monify-1384d.cloudfunctions.net/createExpense","createTime":"2025-10-02T16:54:40.295612072Z","satisfiesPzi":true}}
[debug] [2025-10-02T16:54:58.035Z] Got source token Cldwcm9qZWN0cy83ODMxMDkwMjc0NjMvbG9jYXRpb25zL3VzLWNlbnRyYWwxL2J1aWxkcy84Mjc3N2IwNS1jN2U0LTRiYjItOGM4OC0xYTE5OTg1MDBhYTUSa3VzLWNlbnRyYWwxLWRvY2tlci5wa2cuZGV2L21vbmlmeS0xMzg0ZC9nY2YtYXJ0aWZhY3RzL21vbmlmeS0tMTM4NGRfX3VzLS1jZW50cmFsMV9fdXBkYXRlX3Byb2ZpbGU6dmVyc2lvbl8xGIftvaflFiJDcHJvamVjdHMvbW9uaWZ5LTEzODRkL2xvY2F0aW9ucy91cy1jZW50cmFsMS9mdW5jdGlvbnMvdXBkYXRlUHJvZmlsZSoMCMnc+sYGEPi7t7MBMghub2RlanMyMjp2CiNnY3IuaW8vZ2FlLXJ1bnRpbWVzL25vZGVqczIyOnN0YWJsZRJPdXMtY2VudHJhbDEtZG9ja2VyLnBrZy5kZXYvc2VydmVybGVzcy1ydW50aW1lcy9nb29nbGUtMjItZnVsbC9ydW50aW1lcy9ub2RlanMyMkAB for region us-central1
[debug] [2025-10-02T16:54:58.035Z] Checked if tokens are valid: true, expires at: 1759427532850
[debug] [2025-10-02T16:54:58.035Z] Checked if tokens are valid: true, expires at: 1759427532850
[debug] [2025-10-02T16:54:58.035Z] >>> [apiv2][query] POST https://run.googleapis.com/v1/projects/monify-1384d/locations/us-central1/services/createexpense:setIamPolicy [none]
[debug] [2025-10-02T16:54:58.035Z] >>> [apiv2][body] POST https://run.googleapis.com/v1/projects/monify-1384d/locations/us-central1/services/createexpense:setIamPolicy {"policy":{"bindings":[{"role":"roles/run.invoker","members":["allUsers"]}],"etag":"","version":3},"updateMask":"bindings,etag,version"}
[debug] [2025-10-02T16:54:58.412Z] <<< [apiv2][status] GET https://cloudfunctions.googleapis.com/v2/projects/monify-1384d/locations/us-central1/operations/operation-1759424079815-6402fd749620c-196af513-57866773 200
[debug] [2025-10-02T16:54:58.413Z] <<< [apiv2][body] GET https://cloudfunctions.googleapis.com/v2/projects/monify-1384d/locations/us-central1/operations/operation-1759424079815-6402fd749620c-196af513-57866773 {"name":"projects/monify-1384d/locations/us-central1/operations/operation-1759424079815-6402fd749620c-196af513-57866773","metadata":{"@type":"type.googleapis.com/google.cloud.functions.v2.OperationMetadata","createTime":"2025-10-02T16:54:40.300714210Z","endTime":"2025-10-02T16:54:49.376466166Z","target":"projects/monify-1384d/locations/us-central1/functions/getGoalProgressSummary","verb":"create","cancelRequested":false,"apiVersion":"v2","requestResource":{"@type":"type.googleapis.com/google.cloud.functions.v2.Function","name":"projects/monify-1384d/locations/us-central1/functions/getGoalProgressSummary","buildConfig":{"runtime":"nodejs22","entryPoint":"getGoalProgressSummary","source":{"storageSource":{"bucket":"gcf-v2-sources-783109027463-us-central1","object":"getGoalProgressSummary/function-source.zip","generation":"1759424080046847"}},"environmentVariables":{"GOOGLE_NODE_RUN_SCRIPTS":""},"sourceToken":"Cldwcm9qZWN0cy83ODMxMDkwMjc0NjMvbG9jYXRpb25zL3VzLWNlbnRyYWwxL2J1aWxkcy84Mjc3N2IwNS1jN2U0LTRiYjItOGM4OC0xYTE5OTg1MDBhYTUSa3VzLWNlbnRyYWwxLWRvY2tlci5wa2cuZGV2L21vbmlmeS0xMzg0ZC9nY2YtYXJ0aWZhY3RzL21vbmlmeS0tMTM4NGRfX3VzLS1jZW50cmFsMV9fdXBkYXRlX3Byb2ZpbGU6dmVyc2lvbl8xGIftvaflFiJDcHJvamVjdHMvbW9uaWZ5LTEzODRkL2xvY2F0aW9ucy91cy1jZW50cmFsMS9mdW5jdGlvbnMvdXBkYXRlUHJvZmlsZSoMCMnc+sYGEPi7t7MBMghub2RlanMyMjp2CiNnY3IuaW8vZ2FlLXJ1bnRpbWVzL25vZGVqczIyOnN0YWJsZRJPdXMtY2VudHJhbDEtZG9ja2VyLnBrZy5kZXYvc2VydmVybGVzcy1ydW50aW1lcy9nb29nbGUtMjItZnVsbC9ydW50aW1lcy9ub2RlanMyMkAB","serviceAccount":"projects/monify-1384d/serviceAccounts/783109027463-compute@developer.gserviceaccount.com","automaticUpdatePolicy":{}},"serviceConfig":{"service":"projects/monify-1384d/locations/us-central1/services/getgoalprogresssummary","timeoutSeconds":60,"environmentVariables":{"FIREBASE_CONFIG":"{\"projectId\":\"monify-1384d\",\"storageBucket\":\"monify-1384d.firebasestorage.app\"}","GCLOUD_PROJECT":"monify-1384d","EVENTARC_CLOUD_EVENT_SOURCE":"projects/monify-1384d/locations/us-central1/services/getGoalProgressSummary","FUNCTION_TARGET":"getGoalProgressSummary","LOG_EXECUTION_ID":"true","FUNCTION_SIGNATURE_TYPE":"http"},"ingressSettings":"ALLOW_ALL","serviceAccountEmail":"783109027463-compute@developer.gserviceaccount.com","availableMemory":"256Mi","maxInstanceRequestConcurrency":80,"availableCpu":"1"},"labels":{"deployment-tool":"cli-firebase","deployment-callable":"true","firebase-functions-hash":"c0b78d8feae55a5b4c4dde57911fd078c0b5d0a1"},"environment":"GEN_2"},"stages":[{"name":"BUILD","message":"Reusing build","state":"COMPLETE","resource":"projects/783109027463/locations/us-central1/builds/82777b05-c7e4-4bb2-8c88-1a1998500aa5"},{"name":"SERVICE","message":"Creating Cloud Run service","state":"COMPLETE","resource":"projects/monify-1384d/locations/us-central1/services/getgoalprogresssummary","resourceUri":"https://console.cloud.google.com/run/detail/us-central1/getgoalprogresssummary?project=monify-1384d"}],"sourceToken":"Cldwcm9qZWN0cy83ODMxMDkwMjc0NjMvbG9jYXRpb25zL3VzLWNlbnRyYWwxL2J1aWxkcy84Mjc3N2IwNS1jN2U0LTRiYjItOGM4OC0xYTE5OTg1MDBhYTUSa3VzLWNlbnRyYWwxLWRvY2tlci5wa2cuZGV2L21vbmlmeS0xMzg0ZC9nY2YtYXJ0aWZhY3RzL21vbmlmeS0tMTM4NGRfX3VzLS1jZW50cmFsMV9fdXBkYXRlX3Byb2ZpbGU6dmVyc2lvbl8xGIftvaflFiJDcHJvamVjdHMvbW9uaWZ5LTEzODRkL2xvY2F0aW9ucy91cy1jZW50cmFsMS9mdW5jdGlvbnMvdXBkYXRlUHJvZmlsZSoMCMnc+sYGEPi7t7MBMghub2RlanMyMjp2CiNnY3IuaW8vZ2FlLXJ1bnRpbWVzL25vZGVqczIyOnN0YWJsZRJPdXMtY2VudHJhbDEtZG9ja2VyLnBrZy5kZXYvc2VydmVybGVzcy1ydW50aW1lcy9nb29nbGUtMjItZnVsbC9ydW50aW1lcy9ub2RlanMyMkAB","operationType":"CREATE_FUNCTION","buildName":"projects/783109027463/locations/us-central1/builds/82777b05-c7e4-4bb2-8c88-1a1998500aa5"},"done":true,"response":{"@type":"type.googleapis.com/google.cloud.functions.v2.Function","name":"projects/monify-1384d/locations/us-central1/functions/getGoalProgressSummary","buildConfig":{"build":"projects/783109027463/locations/us-central1/builds/82777b05-c7e4-4bb2-8c88-1a1998500aa5","runtime":"nodejs22","entryPoint":"getGoalProgressSummary","source":{"storageSource":{"bucket":"gcf-v2-sources-783109027463-us-central1","object":"getGoalProgressSummary/function-source.zip","generation":"1759424080046847"}},"environmentVariables":{"GOOGLE_NODE_RUN_SCRIPTS":""},"dockerRepository":"projects/monify-1384d/locations/us-central1/repositories/gcf-artifacts","sourceProvenance":{"resolvedStorageSource":{"bucket":"gcf-v2-sources-783109027463-us-central1","object":"getGoalProgressSummary/function-source.zip","generation":"1759424080046847"}},"dockerRegistry":"ARTIFACT_REGISTRY","serviceAccount":"projects/monify-1384d/serviceAccounts/783109027463-compute@developer.gserviceaccount.com","automaticUpdatePolicy":{}},"serviceConfig":{"service":"projects/monify-1384d/locations/us-central1/services/getgoalprogresssummary","timeoutSeconds":60,"environmentVariables":{"FIREBASE_CONFIG":"{\"projectId\":\"monify-1384d\",\"storageBucket\":\"monify-1384d.firebasestorage.app\"}","GCLOUD_PROJECT":"monify-1384d","EVENTARC_CLOUD_EVENT_SOURCE":"projects/monify-1384d/locations/us-central1/services/getGoalProgressSummary","FUNCTION_TARGET":"getGoalProgressSummary","LOG_EXECUTION_ID":"true","FUNCTION_SIGNATURE_TYPE":"http"},"maxInstanceCount":20,"ingressSettings":"ALLOW_ALL","uri":"https://getgoalprogresssummary-fbbni7pmxa-uc.a.run.app","serviceAccountEmail":"783109027463-compute@developer.gserviceaccount.com","availableMemory":"256Mi","allTrafficOnLatestRevision":true,"revision":"getgoalprogresssummary-00001-buf","maxInstanceRequestConcurrency":80,"availableCpu":"1"},"state":"ACTIVE","updateTime":"2025-10-02T16:54:40.297972110Z","labels":{"deployment-tool":"cli-firebase","deployment-callable":"true","firebase-functions-hash":"c0b78d8feae55a5b4c4dde57911fd078c0b5d0a1"},"environment":"GEN_2","url":"https://us-central1-monify-1384d.cloudfunctions.net/getGoalProgressSummary","createTime":"2025-10-02T16:54:40.297972110Z","satisfiesPzi":true}}
[debug] [2025-10-02T16:54:58.413Z] Got source token Cldwcm9qZWN0cy83ODMxMDkwMjc0NjMvbG9jYXRpb25zL3VzLWNlbnRyYWwxL2J1aWxkcy84Mjc3N2IwNS1jN2U0LTRiYjItOGM4OC0xYTE5OTg1MDBhYTUSa3VzLWNlbnRyYWwxLWRvY2tlci5wa2cuZGV2L21vbmlmeS0xMzg0ZC9nY2YtYXJ0aWZhY3RzL21vbmlmeS0tMTM4NGRfX3VzLS1jZW50cmFsMV9fdXBkYXRlX3Byb2ZpbGU6dmVyc2lvbl8xGIftvaflFiJDcHJvamVjdHMvbW9uaWZ5LTEzODRkL2xvY2F0aW9ucy91cy1jZW50cmFsMS9mdW5jdGlvbnMvdXBkYXRlUHJvZmlsZSoMCMnc+sYGEPi7t7MBMghub2RlanMyMjp2CiNnY3IuaW8vZ2FlLXJ1bnRpbWVzL25vZGVqczIyOnN0YWJsZRJPdXMtY2VudHJhbDEtZG9ja2VyLnBrZy5kZXYvc2VydmVybGVzcy1ydW50aW1lcy9nb29nbGUtMjItZnVsbC9ydW50aW1lcy9ub2RlanMyMkAB for region us-central1
[debug] [2025-10-02T16:54:58.413Z] Checked if tokens are valid: true, expires at: 1759427532850
[debug] [2025-10-02T16:54:58.413Z] Checked if tokens are valid: true, expires at: 1759427532850
[debug] [2025-10-02T16:54:58.413Z] >>> [apiv2][query] POST https://run.googleapis.com/v1/projects/monify-1384d/locations/us-central1/services/getgoalprogresssummary:setIamPolicy [none]
[debug] [2025-10-02T16:54:58.413Z] >>> [apiv2][body] POST https://run.googleapis.com/v1/projects/monify-1384d/locations/us-central1/services/getgoalprogresssummary:setIamPolicy {"policy":{"bindings":[{"role":"roles/run.invoker","members":["allUsers"]}],"etag":"","version":3},"updateMask":"bindings,etag,version"}
[debug] [2025-10-02T16:54:58.417Z] <<< [apiv2][status] GET https://cloudfunctions.googleapis.com/v2/projects/monify-1384d/locations/us-central1/operations/operation-1759424079828-6402fd7499420-213634f8-9bae3fbe 200
[debug] [2025-10-02T16:54:58.417Z] <<< [apiv2][body] GET https://cloudfunctions.googleapis.com/v2/projects/monify-1384d/locations/us-central1/operations/operation-1759424079828-6402fd7499420-213634f8-9bae3fbe {"name":"projects/monify-1384d/locations/us-central1/operations/operation-1759424079828-6402fd7499420-213634f8-9bae3fbe","metadata":{"@type":"type.googleapis.com/google.cloud.functions.v2.OperationMetadata","createTime":"2025-10-02T16:54:40.310897607Z","endTime":"2025-10-02T16:54:49.790930839Z","target":"projects/monify-1384d/locations/us-central1/functions/getMonthlySummary","verb":"create","cancelRequested":false,"apiVersion":"v2","requestResource":{"@type":"type.googleapis.com/google.cloud.functions.v2.Function","name":"projects/monify-1384d/locations/us-central1/functions/getMonthlySummary","buildConfig":{"runtime":"nodejs22","entryPoint":"getMonthlySummary","source":{"storageSource":{"bucket":"gcf-v2-sources-783109027463-us-central1","object":"getMonthlySummary/function-source.zip","generation":"1759424080081870"}},"environmentVariables":{"GOOGLE_NODE_RUN_SCRIPTS":""},"sourceToken":"Cldwcm9qZWN0cy83ODMxMDkwMjc0NjMvbG9jYXRpb25zL3VzLWNlbnRyYWwxL2J1aWxkcy84Mjc3N2IwNS1jN2U0LTRiYjItOGM4OC0xYTE5OTg1MDBhYTUSa3VzLWNlbnRyYWwxLWRvY2tlci5wa2cuZGV2L21vbmlmeS0xMzg0ZC9nY2YtYXJ0aWZhY3RzL21vbmlmeS0tMTM4NGRfX3VzLS1jZW50cmFsMV9fdXBkYXRlX3Byb2ZpbGU6dmVyc2lvbl8xGIftvaflFiJDcHJvamVjdHMvbW9uaWZ5LTEzODRkL2xvY2F0aW9ucy91cy1jZW50cmFsMS9mdW5jdGlvbnMvdXBkYXRlUHJvZmlsZSoMCMnc+sYGEPi7t7MBMghub2RlanMyMjp2CiNnY3IuaW8vZ2FlLXJ1bnRpbWVzL25vZGVqczIyOnN0YWJsZRJPdXMtY2VudHJhbDEtZG9ja2VyLnBrZy5kZXYvc2VydmVybGVzcy1ydW50aW1lcy9nb29nbGUtMjItZnVsbC9ydW50aW1lcy9ub2RlanMyMkAB","serviceAccount":"projects/monify-1384d/serviceAccounts/783109027463-compute@developer.gserviceaccount.com","automaticUpdatePolicy":{}},"serviceConfig":{"service":"projects/monify-1384d/locations/us-central1/services/getmonthlysummary","timeoutSeconds":60,"environmentVariables":{"FIREBASE_CONFIG":"{\"projectId\":\"monify-1384d\",\"storageBucket\":\"monify-1384d.firebasestorage.app\"}","GCLOUD_PROJECT":"monify-1384d","EVENTARC_CLOUD_EVENT_SOURCE":"projects/monify-1384d/locations/us-central1/services/getMonthlySummary","FUNCTION_TARGET":"getMonthlySummary","LOG_EXECUTION_ID":"true","FUNCTION_SIGNATURE_TYPE":"http"},"ingressSettings":"ALLOW_ALL","serviceAccountEmail":"783109027463-compute@developer.gserviceaccount.com","availableMemory":"256Mi","maxInstanceRequestConcurrency":80,"availableCpu":"1"},"labels":{"deployment-tool":"cli-firebase","deployment-callable":"true","firebase-functions-hash":"c0b78d8feae55a5b4c4dde57911fd078c0b5d0a1"},"environment":"GEN_2"},"stages":[{"name":"BUILD","message":"Reusing build","state":"COMPLETE","resource":"projects/783109027463/locations/us-central1/builds/82777b05-c7e4-4bb2-8c88-1a1998500aa5"},{"name":"SERVICE","message":"Creating Cloud Run service","state":"COMPLETE","resource":"projects/monify-1384d/locations/us-central1/services/getmonthlysummary","resourceUri":"https://console.cloud.google.com/run/detail/us-central1/getmonthlysummary?project=monify-1384d"}],"sourceToken":"Cldwcm9qZWN0cy83ODMxMDkwMjc0NjMvbG9jYXRpb25zL3VzLWNlbnRyYWwxL2J1aWxkcy84Mjc3N2IwNS1jN2U0LTRiYjItOGM4OC0xYTE5OTg1MDBhYTUSa3VzLWNlbnRyYWwxLWRvY2tlci5wa2cuZGV2L21vbmlmeS0xMzg0ZC9nY2YtYXJ0aWZhY3RzL21vbmlmeS0tMTM4NGRfX3VzLS1jZW50cmFsMV9fdXBkYXRlX3Byb2ZpbGU6dmVyc2lvbl8xGIftvaflFiJDcHJvamVjdHMvbW9uaWZ5LTEzODRkL2xvY2F0aW9ucy91cy1jZW50cmFsMS9mdW5jdGlvbnMvdXBkYXRlUHJvZmlsZSoMCMnc+sYGEPi7t7MBMghub2RlanMyMjp2CiNnY3IuaW8vZ2FlLXJ1bnRpbWVzL25vZGVqczIyOnN0YWJsZRJPdXMtY2VudHJhbDEtZG9ja2VyLnBrZy5kZXYvc2VydmVybGVzcy1ydW50aW1lcy9nb29nbGUtMjItZnVsbC9ydW50aW1lcy9ub2RlanMyMkAB","operationType":"CREATE_FUNCTION","buildName":"projects/783109027463/locations/us-central1/builds/82777b05-c7e4-4bb2-8c88-1a1998500aa5"},"done":true,"response":{"@type":"type.googleapis.com/google.cloud.functions.v2.Function","name":"projects/monify-1384d/locations/us-central1/functions/getMonthlySummary","buildConfig":{"build":"projects/783109027463/locations/us-central1/builds/82777b05-c7e4-4bb2-8c88-1a1998500aa5","runtime":"nodejs22","entryPoint":"getMonthlySummary","source":{"storageSource":{"bucket":"gcf-v2-sources-783109027463-us-central1","object":"getMonthlySummary/function-source.zip","generation":"1759424080081870"}},"environmentVariables":{"GOOGLE_NODE_RUN_SCRIPTS":""},"dockerRepository":"projects/monify-1384d/locations/us-central1/repositories/gcf-artifacts","sourceProvenance":{"resolvedStorageSource":{"bucket":"gcf-v2-sources-783109027463-us-central1","object":"getMonthlySummary/function-source.zip","generation":"1759424080081870"}},"dockerRegistry":"ARTIFACT_REGISTRY","serviceAccount":"projects/monify-1384d/serviceAccounts/783109027463-compute@developer.gserviceaccount.com","automaticUpdatePolicy":{}},"serviceConfig":{"service":"projects/monify-1384d/locations/us-central1/services/getmonthlysummary","timeoutSeconds":60,"environmentVariables":{"FIREBASE_CONFIG":"{\"projectId\":\"monify-1384d\",\"storageBucket\":\"monify-1384d.firebasestorage.app\"}","GCLOUD_PROJECT":"monify-1384d","EVENTARC_CLOUD_EVENT_SOURCE":"projects/monify-1384d/locations/us-central1/services/getMonthlySummary","FUNCTION_TARGET":"getMonthlySummary","LOG_EXECUTION_ID":"true","FUNCTION_SIGNATURE_TYPE":"http"},"maxInstanceCount":20,"ingressSettings":"ALLOW_ALL","uri":"https://getmonthlysummary-fbbni7pmxa-uc.a.run.app","serviceAccountEmail":"783109027463-compute@developer.gserviceaccount.com","availableMemory":"256Mi","allTrafficOnLatestRevision":true,"revision":"getmonthlysummary-00001-sog","maxInstanceRequestConcurrency":80,"availableCpu":"1"},"state":"ACTIVE","updateTime":"2025-10-02T16:54:40.305389864Z","labels":{"deployment-tool":"cli-firebase","deployment-callable":"true","firebase-functions-hash":"c0b78d8feae55a5b4c4dde57911fd078c0b5d0a1"},"environment":"GEN_2","url":"https://us-central1-monify-1384d.cloudfunctions.net/getMonthlySummary","createTime":"2025-10-02T16:54:40.305389864Z","satisfiesPzi":true}}
[debug] [2025-10-02T16:54:58.417Z] Got source token Cldwcm9qZWN0cy83ODMxMDkwMjc0NjMvbG9jYXRpb25zL3VzLWNlbnRyYWwxL2J1aWxkcy84Mjc3N2IwNS1jN2U0LTRiYjItOGM4OC0xYTE5OTg1MDBhYTUSa3VzLWNlbnRyYWwxLWRvY2tlci5wa2cuZGV2L21vbmlmeS0xMzg0ZC9nY2YtYXJ0aWZhY3RzL21vbmlmeS0tMTM4NGRfX3VzLS1jZW50cmFsMV9fdXBkYXRlX3Byb2ZpbGU6dmVyc2lvbl8xGIftvaflFiJDcHJvamVjdHMvbW9uaWZ5LTEzODRkL2xvY2F0aW9ucy91cy1jZW50cmFsMS9mdW5jdGlvbnMvdXBkYXRlUHJvZmlsZSoMCMnc+sYGEPi7t7MBMghub2RlanMyMjp2CiNnY3IuaW8vZ2FlLXJ1bnRpbWVzL25vZGVqczIyOnN0YWJsZRJPdXMtY2VudHJhbDEtZG9ja2VyLnBrZy5kZXYvc2VydmVybGVzcy1ydW50aW1lcy9nb29nbGUtMjItZnVsbC9ydW50aW1lcy9ub2RlanMyMkAB for region us-central1
[debug] [2025-10-02T16:54:58.417Z] Checked if tokens are valid: true, expires at: 1759427532850
[debug] [2025-10-02T16:54:58.418Z] Checked if tokens are valid: true, expires at: 1759427532850
[debug] [2025-10-02T16:54:58.418Z] >>> [apiv2][query] POST https://run.googleapis.com/v1/projects/monify-1384d/locations/us-central1/services/getmonthlysummary:setIamPolicy [none]
[debug] [2025-10-02T16:54:58.418Z] >>> [apiv2][body] POST https://run.googleapis.com/v1/projects/monify-1384d/locations/us-central1/services/getmonthlysummary:setIamPolicy {"policy":{"bindings":[{"role":"roles/run.invoker","members":["allUsers"]}],"etag":"","version":3},"updateMask":"bindings,etag,version"}
[debug] [2025-10-02T16:54:58.422Z] <<< [apiv2][status] GET https://cloudfunctions.googleapis.com/v2/projects/monify-1384d/locations/us-central1/operations/operation-1759424079808-6402fd74947ff-6b87e780-103c1f6e 200
[debug] [2025-10-02T16:54:58.422Z] <<< [apiv2][body] GET https://cloudfunctions.googleapis.com/v2/projects/monify-1384d/locations/us-central1/operations/operation-1759424079808-6402fd74947ff-6b87e780-103c1f6e {"name":"projects/monify-1384d/locations/us-central1/operations/operation-1759424079808-6402fd74947ff-6b87e780-103c1f6e","metadata":{"@type":"type.googleapis.com/google.cloud.functions.v2.OperationMetadata","createTime":"2025-10-02T16:54:40.267072686Z","endTime":"2025-10-02T16:54:50.586836973Z","target":"projects/monify-1384d/locations/us-central1/functions/createGoal","verb":"create","cancelRequested":false,"apiVersion":"v2","requestResource":{"@type":"type.googleapis.com/google.cloud.functions.v2.Function","name":"projects/monify-1384d/locations/us-central1/functions/createGoal","buildConfig":{"runtime":"nodejs22","entryPoint":"createGoal","source":{"storageSource":{"bucket":"gcf-v2-sources-783109027463-us-central1","object":"createGoal/function-source.zip","generation":"1759424080029850"}},"environmentVariables":{"GOOGLE_NODE_RUN_SCRIPTS":""},"sourceToken":"Cldwcm9qZWN0cy83ODMxMDkwMjc0NjMvbG9jYXRpb25zL3VzLWNlbnRyYWwxL2J1aWxkcy84Mjc3N2IwNS1jN2U0LTRiYjItOGM4OC0xYTE5OTg1MDBhYTUSa3VzLWNlbnRyYWwxLWRvY2tlci5wa2cuZGV2L21vbmlmeS0xMzg0ZC9nY2YtYXJ0aWZhY3RzL21vbmlmeS0tMTM4NGRfX3VzLS1jZW50cmFsMV9fdXBkYXRlX3Byb2ZpbGU6dmVyc2lvbl8xGIftvaflFiJDcHJvamVjdHMvbW9uaWZ5LTEzODRkL2xvY2F0aW9ucy91cy1jZW50cmFsMS9mdW5jdGlvbnMvdXBkYXRlUHJvZmlsZSoMCMnc+sYGEPi7t7MBMghub2RlanMyMjp2CiNnY3IuaW8vZ2FlLXJ1bnRpbWVzL25vZGVqczIyOnN0YWJsZRJPdXMtY2VudHJhbDEtZG9ja2VyLnBrZy5kZXYvc2VydmVybGVzcy1ydW50aW1lcy9nb29nbGUtMjItZnVsbC9ydW50aW1lcy9ub2RlanMyMkAB","serviceAccount":"projects/monify-1384d/serviceAccounts/783109027463-compute@developer.gserviceaccount.com","automaticUpdatePolicy":{}},"serviceConfig":{"service":"projects/monify-1384d/locations/us-central1/services/creategoal","timeoutSeconds":60,"environmentVariables":{"FIREBASE_CONFIG":"{\"projectId\":\"monify-1384d\",\"storageBucket\":\"monify-1384d.firebasestorage.app\"}","GCLOUD_PROJECT":"monify-1384d","EVENTARC_CLOUD_EVENT_SOURCE":"projects/monify-1384d/locations/us-central1/services/createGoal","FUNCTION_TARGET":"createGoal","LOG_EXECUTION_ID":"true","FUNCTION_SIGNATURE_TYPE":"http"},"ingressSettings":"ALLOW_ALL","serviceAccountEmail":"783109027463-compute@developer.gserviceaccount.com","availableMemory":"256Mi","maxInstanceRequestConcurrency":80,"availableCpu":"1"},"labels":{"deployment-tool":"cli-firebase","deployment-callable":"true","firebase-functions-hash":"c0b78d8feae55a5b4c4dde57911fd078c0b5d0a1"},"environment":"GEN_2"},"stages":[{"name":"BUILD","message":"Reusing build","state":"COMPLETE","resource":"projects/783109027463/locations/us-central1/builds/82777b05-c7e4-4bb2-8c88-1a1998500aa5"},{"name":"SERVICE","message":"Creating Cloud Run service","state":"COMPLETE","resource":"projects/monify-1384d/locations/us-central1/services/creategoal","resourceUri":"https://console.cloud.google.com/run/detail/us-central1/creategoal?project=monify-1384d"}],"sourceToken":"Cldwcm9qZWN0cy83ODMxMDkwMjc0NjMvbG9jYXRpb25zL3VzLWNlbnRyYWwxL2J1aWxkcy84Mjc3N2IwNS1jN2U0LTRiYjItOGM4OC0xYTE5OTg1MDBhYTUSa3VzLWNlbnRyYWwxLWRvY2tlci5wa2cuZGV2L21vbmlmeS0xMzg0ZC9nY2YtYXJ0aWZhY3RzL21vbmlmeS0tMTM4NGRfX3VzLS1jZW50cmFsMV9fdXBkYXRlX3Byb2ZpbGU6dmVyc2lvbl8xGIftvaflFiJDcHJvamVjdHMvbW9uaWZ5LTEzODRkL2xvY2F0aW9ucy91cy1jZW50cmFsMS9mdW5jdGlvbnMvdXBkYXRlUHJvZmlsZSoMCMnc+sYGEPi7t7MBMghub2RlanMyMjp2CiNnY3IuaW8vZ2FlLXJ1bnRpbWVzL25vZGVqczIyOnN0YWJsZRJPdXMtY2VudHJhbDEtZG9ja2VyLnBrZy5kZXYvc2VydmVybGVzcy1ydW50aW1lcy9nb29nbGUtMjItZnVsbC9ydW50aW1lcy9ub2RlanMyMkAB","operationType":"CREATE_FUNCTION","buildName":"projects/783109027463/locations/us-central1/builds/82777b05-c7e4-4bb2-8c88-1a1998500aa5"},"done":true,"response":{"@type":"type.googleapis.com/google.cloud.functions.v2.Function","name":"projects/monify-1384d/locations/us-central1/functions/createGoal","buildConfig":{"build":"projects/783109027463/locations/us-central1/builds/82777b05-c7e4-4bb2-8c88-1a1998500aa5","runtime":"nodejs22","entryPoint":"createGoal","source":{"storageSource":{"bucket":"gcf-v2-sources-783109027463-us-central1","object":"createGoal/function-source.zip","generation":"1759424080029850"}},"environmentVariables":{"GOOGLE_NODE_RUN_SCRIPTS":""},"dockerRepository":"projects/monify-1384d/locations/us-central1/repositories/gcf-artifacts","sourceProvenance":{"resolvedStorageSource":{"bucket":"gcf-v2-sources-783109027463-us-central1","object":"createGoal/function-source.zip","generation":"1759424080029850"}},"dockerRegistry":"ARTIFACT_REGISTRY","serviceAccount":"projects/monify-1384d/serviceAccounts/783109027463-compute@developer.gserviceaccount.com","automaticUpdatePolicy":{}},"serviceConfig":{"service":"projects/monify-1384d/locations/us-central1/services/creategoal","timeoutSeconds":60,"environmentVariables":{"FIREBASE_CONFIG":"{\"projectId\":\"monify-1384d\",\"storageBucket\":\"monify-1384d.firebasestorage.app\"}","GCLOUD_PROJECT":"monify-1384d","EVENTARC_CLOUD_EVENT_SOURCE":"projects/monify-1384d/locations/us-central1/services/createGoal","FUNCTION_TARGET":"createGoal","LOG_EXECUTION_ID":"true","FUNCTION_SIGNATURE_TYPE":"http"},"maxInstanceCount":20,"ingressSettings":"ALLOW_ALL","uri":"https://creategoal-fbbni7pmxa-uc.a.run.app","serviceAccountEmail":"783109027463-compute@developer.gserviceaccount.com","availableMemory":"256Mi","allTrafficOnLatestRevision":true,"revision":"creategoal-00001-dig","maxInstanceRequestConcurrency":80,"availableCpu":"1"},"state":"ACTIVE","updateTime":"2025-10-02T16:54:40.263397726Z","labels":{"deployment-tool":"cli-firebase","deployment-callable":"true","firebase-functions-hash":"c0b78d8feae55a5b4c4dde57911fd078c0b5d0a1"},"environment":"GEN_2","url":"https://us-central1-monify-1384d.cloudfunctions.net/createGoal","createTime":"2025-10-02T16:54:40.263397726Z","satisfiesPzi":true}}
[debug] [2025-10-02T16:54:58.422Z] Got source token Cldwcm9qZWN0cy83ODMxMDkwMjc0NjMvbG9jYXRpb25zL3VzLWNlbnRyYWwxL2J1aWxkcy84Mjc3N2IwNS1jN2U0LTRiYjItOGM4OC0xYTE5OTg1MDBhYTUSa3VzLWNlbnRyYWwxLWRvY2tlci5wa2cuZGV2L21vbmlmeS0xMzg0ZC9nY2YtYXJ0aWZhY3RzL21vbmlmeS0tMTM4NGRfX3VzLS1jZW50cmFsMV9fdXBkYXRlX3Byb2ZpbGU6dmVyc2lvbl8xGIftvaflFiJDcHJvamVjdHMvbW9uaWZ5LTEzODRkL2xvY2F0aW9ucy91cy1jZW50cmFsMS9mdW5jdGlvbnMvdXBkYXRlUHJvZmlsZSoMCMnc+sYGEPi7t7MBMghub2RlanMyMjp2CiNnY3IuaW8vZ2FlLXJ1bnRpbWVzL25vZGVqczIyOnN0YWJsZRJPdXMtY2VudHJhbDEtZG9ja2VyLnBrZy5kZXYvc2VydmVybGVzcy1ydW50aW1lcy9nb29nbGUtMjItZnVsbC9ydW50aW1lcy9ub2RlanMyMkAB for region us-central1
[debug] [2025-10-02T16:54:58.422Z] Checked if tokens are valid: true, expires at: 1759427532850
[debug] [2025-10-02T16:54:58.423Z] Checked if tokens are valid: true, expires at: 1759427532850
[debug] [2025-10-02T16:54:58.423Z] >>> [apiv2][query] POST https://run.googleapis.com/v1/projects/monify-1384d/locations/us-central1/services/creategoal:setIamPolicy [none]
[debug] [2025-10-02T16:54:58.423Z] >>> [apiv2][body] POST https://run.googleapis.com/v1/projects/monify-1384d/locations/us-central1/services/creategoal:setIamPolicy {"policy":{"bindings":[{"role":"roles/run.invoker","members":["allUsers"]}],"etag":"","version":3},"updateMask":"bindings,etag,version"}
[debug] [2025-10-02T16:54:58.426Z] <<< [apiv2][status] GET https://cloudfunctions.googleapis.com/v2/projects/monify-1384d/locations/us-central1/operations/operation-1759424079724-6402fd74800ab-afe514bd-5b98ddfb 200
[debug] [2025-10-02T16:54:58.426Z] <<< [apiv2][body] GET https://cloudfunctions.googleapis.com/v2/projects/monify-1384d/locations/us-central1/operations/operation-1759424079724-6402fd74800ab-afe514bd-5b98ddfb {"name":"projects/monify-1384d/locations/us-central1/operations/operation-1759424079724-6402fd74800ab-afe514bd-5b98ddfb","metadata":{"@type":"type.googleapis.com/google.cloud.functions.v2.OperationMetadata","createTime":"2025-10-02T16:54:40.195572935Z","endTime":"2025-10-02T16:54:49.373598322Z","target":"projects/monify-1384d/locations/us-central1/functions/createCategory","verb":"create","cancelRequested":false,"apiVersion":"v2","requestResource":{"@type":"type.googleapis.com/google.cloud.functions.v2.Function","name":"projects/monify-1384d/locations/us-central1/functions/createCategory","buildConfig":{"runtime":"nodejs22","entryPoint":"createCategory","source":{"storageSource":{"bucket":"gcf-v2-sources-783109027463-us-central1","object":"createCategory/function-source.zip","generation":"1759424079960007"}},"environmentVariables":{"GOOGLE_NODE_RUN_SCRIPTS":""},"sourceToken":"Cldwcm9qZWN0cy83ODMxMDkwMjc0NjMvbG9jYXRpb25zL3VzLWNlbnRyYWwxL2J1aWxkcy84Mjc3N2IwNS1jN2U0LTRiYjItOGM4OC0xYTE5OTg1MDBhYTUSa3VzLWNlbnRyYWwxLWRvY2tlci5wa2cuZGV2L21vbmlmeS0xMzg0ZC9nY2YtYXJ0aWZhY3RzL21vbmlmeS0tMTM4NGRfX3VzLS1jZW50cmFsMV9fdXBkYXRlX3Byb2ZpbGU6dmVyc2lvbl8xGIftvaflFiJDcHJvamVjdHMvbW9uaWZ5LTEzODRkL2xvY2F0aW9ucy91cy1jZW50cmFsMS9mdW5jdGlvbnMvdXBkYXRlUHJvZmlsZSoMCMnc+sYGEPi7t7MBMghub2RlanMyMjp2CiNnY3IuaW8vZ2FlLXJ1bnRpbWVzL25vZGVqczIyOnN0YWJsZRJPdXMtY2VudHJhbDEtZG9ja2VyLnBrZy5kZXYvc2VydmVybGVzcy1ydW50aW1lcy9nb29nbGUtMjItZnVsbC9ydW50aW1lcy9ub2RlanMyMkAB","serviceAccount":"projects/monify-1384d/serviceAccounts/783109027463-compute@developer.gserviceaccount.com","automaticUpdatePolicy":{}},"serviceConfig":{"service":"projects/monify-1384d/locations/us-central1/services/createcategory","timeoutSeconds":60,"environmentVariables":{"FIREBASE_CONFIG":"{\"projectId\":\"monify-1384d\",\"storageBucket\":\"monify-1384d.firebasestorage.app\"}","GCLOUD_PROJECT":"monify-1384d","EVENTARC_CLOUD_EVENT_SOURCE":"projects/monify-1384d/locations/us-central1/services/createCategory","FUNCTION_TARGET":"createCategory","LOG_EXECUTION_ID":"true","FUNCTION_SIGNATURE_TYPE":"http"},"ingressSettings":"ALLOW_ALL","serviceAccountEmail":"783109027463-compute@developer.gserviceaccount.com","availableMemory":"256Mi","maxInstanceRequestConcurrency":80,"availableCpu":"1"},"labels":{"deployment-tool":"cli-firebase","deployment-callable":"true","firebase-functions-hash":"c0b78d8feae55a5b4c4dde57911fd078c0b5d0a1"},"environment":"GEN_2"},"stages":[{"name":"BUILD","message":"Reusing build","state":"COMPLETE","resource":"projects/783109027463/locations/us-central1/builds/82777b05-c7e4-4bb2-8c88-1a1998500aa5"},{"name":"SERVICE","message":"Creating Cloud Run service","state":"COMPLETE","resource":"projects/monify-1384d/locations/us-central1/services/createcategory","resourceUri":"https://console.cloud.google.com/run/detail/us-central1/createcategory?project=monify-1384d"}],"sourceToken":"Cldwcm9qZWN0cy83ODMxMDkwMjc0NjMvbG9jYXRpb25zL3VzLWNlbnRyYWwxL2J1aWxkcy84Mjc3N2IwNS1jN2U0LTRiYjItOGM4OC0xYTE5OTg1MDBhYTUSa3VzLWNlbnRyYWwxLWRvY2tlci5wa2cuZGV2L21vbmlmeS0xMzg0ZC9nY2YtYXJ0aWZhY3RzL21vbmlmeS0tMTM4NGRfX3VzLS1jZW50cmFsMV9fdXBkYXRlX3Byb2ZpbGU6dmVyc2lvbl8xGIftvaflFiJDcHJvamVjdHMvbW9uaWZ5LTEzODRkL2xvY2F0aW9ucy91cy1jZW50cmFsMS9mdW5jdGlvbnMvdXBkYXRlUHJvZmlsZSoMCMnc+sYGEPi7t7MBMghub2RlanMyMjp2CiNnY3IuaW8vZ2FlLXJ1bnRpbWVzL25vZGVqczIyOnN0YWJsZRJPdXMtY2VudHJhbDEtZG9ja2VyLnBrZy5kZXYvc2VydmVybGVzcy1ydW50aW1lcy9nb29nbGUtMjItZnVsbC9ydW50aW1lcy9ub2RlanMyMkAB","operationType":"CREATE_FUNCTION","buildName":"projects/783109027463/locations/us-central1/builds/82777b05-c7e4-4bb2-8c88-1a1998500aa5"},"done":true,"response":{"@type":"type.googleapis.com/google.cloud.functions.v2.Function","name":"projects/monify-1384d/locations/us-central1/functions/createCategory","buildConfig":{"build":"projects/783109027463/locations/us-central1/builds/82777b05-c7e4-4bb2-8c88-1a1998500aa5","runtime":"nodejs22","entryPoint":"createCategory","source":{"storageSource":{"bucket":"gcf-v2-sources-783109027463-us-central1","object":"createCategory/function-source.zip","generation":"1759424079960007"}},"environmentVariables":{"GOOGLE_NODE_RUN_SCRIPTS":""},"dockerRepository":"projects/monify-1384d/locations/us-central1/repositories/gcf-artifacts","sourceProvenance":{"resolvedStorageSource":{"bucket":"gcf-v2-sources-783109027463-us-central1","object":"createCategory/function-source.zip","generation":"1759424079960007"}},"dockerRegistry":"ARTIFACT_REGISTRY","serviceAccount":"projects/monify-1384d/serviceAccounts/783109027463-compute@developer.gserviceaccount.com","automaticUpdatePolicy":{}},"serviceConfig":{"service":"projects/monify-1384d/locations/us-central1/services/createcategory","timeoutSeconds":60,"environmentVariables":{"FIREBASE_CONFIG":"{\"projectId\":\"monify-1384d\",\"storageBucket\":\"monify-1384d.firebasestorage.app\"}","GCLOUD_PROJECT":"monify-1384d","EVENTARC_CLOUD_EVENT_SOURCE":"projects/monify-1384d/locations/us-central1/services/createCategory","FUNCTION_TARGET":"createCategory","LOG_EXECUTION_ID":"true","FUNCTION_SIGNATURE_TYPE":"http"},"maxInstanceCount":20,"ingressSettings":"ALLOW_ALL","uri":"https://createcategory-fbbni7pmxa-uc.a.run.app","serviceAccountEmail":"783109027463-compute@developer.gserviceaccount.com","availableMemory":"256Mi","allTrafficOnLatestRevision":true,"revision":"createcategory-00001-hav","maxInstanceRequestConcurrency":80,"availableCpu":"1"},"state":"ACTIVE","updateTime":"2025-10-02T16:54:40.190321059Z","labels":{"deployment-callable":"true","firebase-functions-hash":"c0b78d8feae55a5b4c4dde57911fd078c0b5d0a1","deployment-tool":"cli-firebase"},"environment":"GEN_2","url":"https://us-central1-monify-1384d.cloudfunctions.net/createCategory","createTime":"2025-10-02T16:54:40.190321059Z","satisfiesPzi":true}}
[debug] [2025-10-02T16:54:58.426Z] Got source token Cldwcm9qZWN0cy83ODMxMDkwMjc0NjMvbG9jYXRpb25zL3VzLWNlbnRyYWwxL2J1aWxkcy84Mjc3N2IwNS1jN2U0LTRiYjItOGM4OC0xYTE5OTg1MDBhYTUSa3VzLWNlbnRyYWwxLWRvY2tlci5wa2cuZGV2L21vbmlmeS0xMzg0ZC9nY2YtYXJ0aWZhY3RzL21vbmlmeS0tMTM4NGRfX3VzLS1jZW50cmFsMV9fdXBkYXRlX3Byb2ZpbGU6dmVyc2lvbl8xGIftvaflFiJDcHJvamVjdHMvbW9uaWZ5LTEzODRkL2xvY2F0aW9ucy91cy1jZW50cmFsMS9mdW5jdGlvbnMvdXBkYXRlUHJvZmlsZSoMCMnc+sYGEPi7t7MBMghub2RlanMyMjp2CiNnY3IuaW8vZ2FlLXJ1bnRpbWVzL25vZGVqczIyOnN0YWJsZRJPdXMtY2VudHJhbDEtZG9ja2VyLnBrZy5kZXYvc2VydmVybGVzcy1ydW50aW1lcy9nb29nbGUtMjItZnVsbC9ydW50aW1lcy9ub2RlanMyMkAB for region us-central1
[debug] [2025-10-02T16:54:58.426Z] Checked if tokens are valid: true, expires at: 1759427532850
[debug] [2025-10-02T16:54:58.426Z] Checked if tokens are valid: true, expires at: 1759427532850
[debug] [2025-10-02T16:54:58.426Z] >>> [apiv2][query] POST https://run.googleapis.com/v1/projects/monify-1384d/locations/us-central1/services/createcategory:setIamPolicy [none]
[debug] [2025-10-02T16:54:58.426Z] >>> [apiv2][body] POST https://run.googleapis.com/v1/projects/monify-1384d/locations/us-central1/services/createcategory:setIamPolicy {"policy":{"bindings":[{"role":"roles/run.invoker","members":["allUsers"]}],"etag":"","version":3},"updateMask":"bindings,etag,version"}
[debug] [2025-10-02T16:54:58.430Z] <<< [apiv2][status] GET https://cloudfunctions.googleapis.com/v2/projects/monify-1384d/locations/us-central1/operations/operation-1759424079827-6402fd74991eb-1c9caca7-d015f9ee 200
[debug] [2025-10-02T16:54:58.430Z] <<< [apiv2][body] GET https://cloudfunctions.googleapis.com/v2/projects/monify-1384d/locations/us-central1/operations/operation-1759424079827-6402fd74991eb-1c9caca7-d015f9ee {"name":"projects/monify-1384d/locations/us-central1/operations/operation-1759424079827-6402fd74991eb-1c9caca7-d015f9ee","metadata":{"@type":"type.googleapis.com/google.cloud.functions.v2.OperationMetadata","createTime":"2025-10-02T16:54:40.291453169Z","endTime":"2025-10-02T16:54:49.424366371Z","target":"projects/monify-1384d/locations/us-central1/functions/createIncome","verb":"create","cancelRequested":false,"apiVersion":"v2","requestResource":{"@type":"type.googleapis.com/google.cloud.functions.v2.Function","name":"projects/monify-1384d/locations/us-central1/functions/createIncome","buildConfig":{"runtime":"nodejs22","entryPoint":"createIncome","source":{"storageSource":{"bucket":"gcf-v2-sources-783109027463-us-central1","object":"createIncome/function-source.zip","generation":"1759424080080315"}},"environmentVariables":{"GOOGLE_NODE_RUN_SCRIPTS":""},"sourceToken":"Cldwcm9qZWN0cy83ODMxMDkwMjc0NjMvbG9jYXRpb25zL3VzLWNlbnRyYWwxL2J1aWxkcy84Mjc3N2IwNS1jN2U0LTRiYjItOGM4OC0xYTE5OTg1MDBhYTUSa3VzLWNlbnRyYWwxLWRvY2tlci5wa2cuZGV2L21vbmlmeS0xMzg0ZC9nY2YtYXJ0aWZhY3RzL21vbmlmeS0tMTM4NGRfX3VzLS1jZW50cmFsMV9fdXBkYXRlX3Byb2ZpbGU6dmVyc2lvbl8xGIftvaflFiJDcHJvamVjdHMvbW9uaWZ5LTEzODRkL2xvY2F0aW9ucy91cy1jZW50cmFsMS9mdW5jdGlvbnMvdXBkYXRlUHJvZmlsZSoMCMnc+sYGEPi7t7MBMghub2RlanMyMjp2CiNnY3IuaW8vZ2FlLXJ1bnRpbWVzL25vZGVqczIyOnN0YWJsZRJPdXMtY2VudHJhbDEtZG9ja2VyLnBrZy5kZXYvc2VydmVybGVzcy1ydW50aW1lcy9nb29nbGUtMjItZnVsbC9ydW50aW1lcy9ub2RlanMyMkAB","serviceAccount":"projects/monify-1384d/serviceAccounts/783109027463-compute@developer.gserviceaccount.com","automaticUpdatePolicy":{}},"serviceConfig":{"service":"projects/monify-1384d/locations/us-central1/services/createincome","timeoutSeconds":60,"environmentVariables":{"FIREBASE_CONFIG":"{\"projectId\":\"monify-1384d\",\"storageBucket\":\"monify-1384d.firebasestorage.app\"}","GCLOUD_PROJECT":"monify-1384d","EVENTARC_CLOUD_EVENT_SOURCE":"projects/monify-1384d/locations/us-central1/services/createIncome","FUNCTION_TARGET":"createIncome","LOG_EXECUTION_ID":"true","FUNCTION_SIGNATURE_TYPE":"http"},"ingressSettings":"ALLOW_ALL","serviceAccountEmail":"783109027463-compute@developer.gserviceaccount.com","availableMemory":"256Mi","maxInstanceRequestConcurrency":80,"availableCpu":"1"},"labels":{"deployment-tool":"cli-firebase","deployment-callable":"true","firebase-functions-hash":"c0b78d8feae55a5b4c4dde57911fd078c0b5d0a1"},"environment":"GEN_2"},"stages":[{"name":"BUILD","message":"Reusing build","state":"COMPLETE","resource":"projects/783109027463/locations/us-central1/builds/82777b05-c7e4-4bb2-8c88-1a1998500aa5"},{"name":"SERVICE","message":"Creating Cloud Run service","state":"COMPLETE","resource":"projects/monify-1384d/locations/us-central1/services/createincome","resourceUri":"https://console.cloud.google.com/run/detail/us-central1/createincome?project=monify-1384d"}],"sourceToken":"Cldwcm9qZWN0cy83ODMxMDkwMjc0NjMvbG9jYXRpb25zL3VzLWNlbnRyYWwxL2J1aWxkcy84Mjc3N2IwNS1jN2U0LTRiYjItOGM4OC0xYTE5OTg1MDBhYTUSa3VzLWNlbnRyYWwxLWRvY2tlci5wa2cuZGV2L21vbmlmeS0xMzg0ZC9nY2YtYXJ0aWZhY3RzL21vbmlmeS0tMTM4NGRfX3VzLS1jZW50cmFsMV9fdXBkYXRlX3Byb2ZpbGU6dmVyc2lvbl8xGIftvaflFiJDcHJvamVjdHMvbW9uaWZ5LTEzODRkL2xvY2F0aW9ucy91cy1jZW50cmFsMS9mdW5jdGlvbnMvdXBkYXRlUHJvZmlsZSoMCMnc+sYGEPi7t7MBMghub2RlanMyMjp2CiNnY3IuaW8vZ2FlLXJ1bnRpbWVzL25vZGVqczIyOnN0YWJsZRJPdXMtY2VudHJhbDEtZG9ja2VyLnBrZy5kZXYvc2VydmVybGVzcy1ydW50aW1lcy9nb29nbGUtMjItZnVsbC9ydW50aW1lcy9ub2RlanMyMkAB","operationType":"CREATE_FUNCTION","buildName":"projects/783109027463/locations/us-central1/builds/82777b05-c7e4-4bb2-8c88-1a1998500aa5"},"done":true,"response":{"@type":"type.googleapis.com/google.cloud.functions.v2.Function","name":"projects/monify-1384d/locations/us-central1/functions/createIncome","buildConfig":{"build":"projects/783109027463/locations/us-central1/builds/82777b05-c7e4-4bb2-8c88-1a1998500aa5","runtime":"nodejs22","entryPoint":"createIncome","source":{"storageSource":{"bucket":"gcf-v2-sources-783109027463-us-central1","object":"createIncome/function-source.zip","generation":"1759424080080315"}},"environmentVariables":{"GOOGLE_NODE_RUN_SCRIPTS":""},"dockerRepository":"projects/monify-1384d/locations/us-central1/repositories/gcf-artifacts","sourceProvenance":{"resolvedStorageSource":{"bucket":"gcf-v2-sources-783109027463-us-central1","object":"createIncome/function-source.zip","generation":"1759424080080315"}},"dockerRegistry":"ARTIFACT_REGISTRY","serviceAccount":"projects/monify-1384d/serviceAccounts/783109027463-compute@developer.gserviceaccount.com","automaticUpdatePolicy":{}},"serviceConfig":{"service":"projects/monify-1384d/locations/us-central1/services/createincome","timeoutSeconds":60,"environmentVariables":{"FIREBASE_CONFIG":"{\"projectId\":\"monify-1384d\",\"storageBucket\":\"monify-1384d.firebasestorage.app\"}","GCLOUD_PROJECT":"monify-1384d","EVENTARC_CLOUD_EVENT_SOURCE":"projects/monify-1384d/locations/us-central1/services/createIncome","FUNCTION_TARGET":"createIncome","LOG_EXECUTION_ID":"true","FUNCTION_SIGNATURE_TYPE":"http"},"maxInstanceCount":20,"ingressSettings":"ALLOW_ALL","uri":"https://createincome-fbbni7pmxa-uc.a.run.app","serviceAccountEmail":"783109027463-compute@developer.gserviceaccount.com","availableMemory":"256Mi","allTrafficOnLatestRevision":true,"revision":"createincome-00001-fad","maxInstanceRequestConcurrency":80,"availableCpu":"1"},"state":"ACTIVE","updateTime":"2025-10-02T16:54:40.287682720Z","labels":{"deployment-tool":"cli-firebase","deployment-callable":"true","firebase-functions-hash":"c0b78d8feae55a5b4c4dde57911fd078c0b5d0a1"},"environment":"GEN_2","url":"https://us-central1-monify-1384d.cloudfunctions.net/createIncome","createTime":"2025-10-02T16:54:40.287682720Z","satisfiesPzi":true}}
[debug] [2025-10-02T16:54:58.430Z] Got source token Cldwcm9qZWN0cy83ODMxMDkwMjc0NjMvbG9jYXRpb25zL3VzLWNlbnRyYWwxL2J1aWxkcy84Mjc3N2IwNS1jN2U0LTRiYjItOGM4OC0xYTE5OTg1MDBhYTUSa3VzLWNlbnRyYWwxLWRvY2tlci5wa2cuZGV2L21vbmlmeS0xMzg0ZC9nY2YtYXJ0aWZhY3RzL21vbmlmeS0tMTM4NGRfX3VzLS1jZW50cmFsMV9fdXBkYXRlX3Byb2ZpbGU6dmVyc2lvbl8xGIftvaflFiJDcHJvamVjdHMvbW9uaWZ5LTEzODRkL2xvY2F0aW9ucy91cy1jZW50cmFsMS9mdW5jdGlvbnMvdXBkYXRlUHJvZmlsZSoMCMnc+sYGEPi7t7MBMghub2RlanMyMjp2CiNnY3IuaW8vZ2FlLXJ1bnRpbWVzL25vZGVqczIyOnN0YWJsZRJPdXMtY2VudHJhbDEtZG9ja2VyLnBrZy5kZXYvc2VydmVybGVzcy1ydW50aW1lcy9nb29nbGUtMjItZnVsbC9ydW50aW1lcy9ub2RlanMyMkAB for region us-central1
[debug] [2025-10-02T16:54:58.431Z] Checked if tokens are valid: true, expires at: 1759427532850
[debug] [2025-10-02T16:54:58.431Z] Checked if tokens are valid: true, expires at: 1759427532850
[debug] [2025-10-02T16:54:58.431Z] >>> [apiv2][query] POST https://run.googleapis.com/v1/projects/monify-1384d/locations/us-central1/services/createincome:setIamPolicy [none]
[debug] [2025-10-02T16:54:58.431Z] >>> [apiv2][body] POST https://run.googleapis.com/v1/projects/monify-1384d/locations/us-central1/services/createincome:setIamPolicy {"policy":{"bindings":[{"role":"roles/run.invoker","members":["allUsers"]}],"etag":"","version":3},"updateMask":"bindings,etag,version"}
[debug] [2025-10-02T16:54:59.071Z] <<< [apiv2][status] POST https://run.googleapis.com/v1/projects/monify-1384d/locations/us-central1/services/createexpense:setIamPolicy 200
[debug] [2025-10-02T16:54:59.072Z] <<< [apiv2][body] POST https://run.googleapis.com/v1/projects/monify-1384d/locations/us-central1/services/createexpense:setIamPolicy {"version":1,"etag":"BwZAL9hkfiw=","bindings":[{"role":"roles/run.invoker","members":["allUsers"]}]}
[info] +  functions[createExpense(us-central1)] Successful create operation. 
[debug] [2025-10-02T16:54:59.348Z] <<< [apiv2][status] POST https://run.googleapis.com/v1/projects/monify-1384d/locations/us-central1/services/getmonthlysummary:setIamPolicy 200
[debug] [2025-10-02T16:54:59.348Z] <<< [apiv2][body] POST https://run.googleapis.com/v1/projects/monify-1384d/locations/us-central1/services/getmonthlysummary:setIamPolicy {"version":1,"etag":"BwZAL9hqfvc=","bindings":[{"role":"roles/run.invoker","members":["allUsers"]}]}
[info] +  functions[getMonthlySummary(us-central1)] Successful create operation. 
[debug] [2025-10-02T16:54:59.377Z] <<< [apiv2][status] POST https://run.googleapis.com/v1/projects/monify-1384d/locations/us-central1/services/getgoalprogresssummary:setIamPolicy 200
[debug] [2025-10-02T16:54:59.378Z] <<< [apiv2][body] POST https://run.googleapis.com/v1/projects/monify-1384d/locations/us-central1/services/getgoalprogresssummary:setIamPolicy {"version":1,"etag":"BwZAL9hqlH4=","bindings":[{"role":"roles/run.invoker","members":["allUsers"]}]}
[info] +  functions[getGoalProgressSummary(us-central1)] Successful create operation. 
[debug] [2025-10-02T16:54:59.378Z] <<< [apiv2][status] POST https://run.googleapis.com/v1/projects/monify-1384d/locations/us-central1/services/creategoal:setIamPolicy 200
[debug] [2025-10-02T16:54:59.378Z] <<< [apiv2][body] POST https://run.googleapis.com/v1/projects/monify-1384d/locations/us-central1/services/creategoal:setIamPolicy {"version":1,"etag":"BwZAL9hqo00=","bindings":[{"role":"roles/run.invoker","members":["allUsers"]}]}
[info] +  functions[createGoal(us-central1)] Successful create operation. 
[debug] [2025-10-02T16:54:59.379Z] <<< [apiv2][status] POST https://run.googleapis.com/v1/projects/monify-1384d/locations/us-central1/services/createcategory:setIamPolicy 200
[debug] [2025-10-02T16:54:59.379Z] <<< [apiv2][body] POST https://run.googleapis.com/v1/projects/monify-1384d/locations/us-central1/services/createcategory:setIamPolicy {"version":1,"etag":"BwZAL9hql9U=","bindings":[{"role":"roles/run.invoker","members":["allUsers"]}]}
[info] +  functions[createCategory(us-central1)] Successful create operation. 
[debug] [2025-10-02T16:54:59.379Z] <<< [apiv2][status] POST https://run.googleapis.com/v1/projects/monify-1384d/locations/us-central1/services/createincome:setIamPolicy 200
[debug] [2025-10-02T16:54:59.379Z] <<< [apiv2][body] POST https://run.googleapis.com/v1/projects/monify-1384d/locations/us-central1/services/createincome:setIamPolicy {"version":1,"etag":"BwZAL9hqiUk=","bindings":[{"role":"roles/run.invoker","members":["allUsers"]}]}
[info] +  functions[createIncome(us-central1)] Successful create operation. 
[debug] [2025-10-02T16:55:00.375Z] [create-default-us-central1-updateProfile] Retrying task index 0
[debug] [2025-10-02T16:55:00.376Z] Checked if tokens are valid: true, expires at: 1759427532850
[debug] [2025-10-02T16:55:00.376Z] Checked if tokens are valid: true, expires at: 1759427532850
[debug] [2025-10-02T16:55:00.376Z] >>> [apiv2][query] GET https://cloudfunctions.googleapis.com/v2/projects/monify-1384d/locations/us-central1/operations/operation-1759424007748-6402fd2fdbc36-cd779c19-52b033e7 [none]
[debug] [2025-10-02T16:55:00.695Z] <<< [apiv2][status] GET https://cloudfunctions.googleapis.com/v2/projects/monify-1384d/locations/us-central1/operations/operation-1759424007748-6402fd2fdbc36-cd779c19-52b033e7 200
[debug] [2025-10-02T16:55:00.695Z] <<< [apiv2][body] GET https://cloudfunctions.googleapis.com/v2/projects/monify-1384d/locations/us-central1/operations/operation-1759424007748-6402fd2fdbc36-cd779c19-52b033e7 {"name":"projects/monify-1384d/locations/us-central1/operations/operation-1759424007748-6402fd2fdbc36-cd779c19-52b033e7","metadata":{"@type":"type.googleapis.com/google.cloud.functions.v2.OperationMetadata","createTime":"2025-10-02T16:53:28.945642315Z","endTime":"2025-10-02T16:54:50.706548922Z","target":"projects/monify-1384d/locations/us-central1/functions/updateProfile","verb":"create","cancelRequested":false,"apiVersion":"v2","requestResource":{"@type":"type.googleapis.com/google.cloud.functions.v2.Function","name":"projects/monify-1384d/locations/us-central1/functions/updateProfile","buildConfig":{"runtime":"nodejs22","entryPoint":"updateProfile","source":{"storageSource":{"bucket":"gcf-v2-sources-783109027463-us-central1","object":"updateProfile/function-source.zip","generation":"1759424008562502"}},"environmentVariables":{"GOOGLE_NODE_RUN_SCRIPTS":""},"serviceAccount":"projects/monify-1384d/serviceAccounts/783109027463-compute@developer.gserviceaccount.com","automaticUpdatePolicy":{}},"serviceConfig":{"service":"projects/monify-1384d/locations/us-central1/services/updateprofile","timeoutSeconds":60,"environmentVariables":{"FIREBASE_CONFIG":"{\"projectId\":\"monify-1384d\",\"storageBucket\":\"monify-1384d.firebasestorage.app\"}","GCLOUD_PROJECT":"monify-1384d","EVENTARC_CLOUD_EVENT_SOURCE":"projects/monify-1384d/locations/us-central1/services/updateProfile","FUNCTION_TARGET":"updateProfile","LOG_EXECUTION_ID":"true"},"ingressSettings":"ALLOW_ALL","serviceAccountEmail":"783109027463-compute@developer.gserviceaccount.com","availableMemory":"256Mi","maxInstanceRequestConcurrency":80,"availableCpu":"1"},"labels":{"deployment-tool":"cli-firebase","deployment-callable":"true","firebase-functions-hash":"c0b78d8feae55a5b4c4dde57911fd078c0b5d0a1"},"environment":"GEN_2"},"stages":[{"name":"BUILD","message":"Build finished","state":"COMPLETE","resource":"projects/783109027463/locations/us-central1/builds/82777b05-c7e4-4bb2-8c88-1a1998500aa5","resourceUri":"https://console.cloud.google.com/cloud-build/builds;region=us-central1/82777b05-c7e4-4bb2-8c88-1a1998500aa5?project=783109027463"},{"name":"SERVICE","message":"Creating Cloud Run service","state":"COMPLETE","resource":"projects/monify-1384d/locations/us-central1/services/updateprofile","resourceUri":"https://console.cloud.google.com/run/detail/us-central1/updateprofile?project=monify-1384d"}],"sourceToken":"Cldwcm9qZWN0cy83ODMxMDkwMjc0NjMvbG9jYXRpb25zL3VzLWNlbnRyYWwxL2J1aWxkcy84Mjc3N2IwNS1jN2U0LTRiYjItOGM4OC0xYTE5OTg1MDBhYTUSa3VzLWNlbnRyYWwxLWRvY2tlci5wa2cuZGV2L21vbmlmeS0xMzg0ZC9nY2YtYXJ0aWZhY3RzL21vbmlmeS0tMTM4NGRfX3VzLS1jZW50cmFsMV9fdXBkYXRlX3Byb2ZpbGU6dmVyc2lvbl8xGIftvaflFiJDcHJvamVjdHMvbW9uaWZ5LTEzODRkL2xvY2F0aW9ucy91cy1jZW50cmFsMS9mdW5jdGlvbnMvdXBkYXRlUHJvZmlsZSoMCMnc+sYGEPi7t7MBMghub2RlanMyMjp2CiNnY3IuaW8vZ2FlLXJ1bnRpbWVzL25vZGVqczIyOnN0YWJsZRJPdXMtY2VudHJhbDEtZG9ja2VyLnBrZy5kZXYvc2VydmVybGVzcy1ydW50aW1lcy9nb29nbGUtMjItZnVsbC9ydW50aW1lcy9ub2RlanMyMkAB","operationType":"CREATE_FUNCTION","buildName":"projects/783109027463/locations/us-central1/builds/82777b05-c7e4-4bb2-8c88-1a1998500aa5"},"done":true,"response":{"@type":"type.googleapis.com/google.cloud.functions.v2.Function","name":"projects/monify-1384d/locations/us-central1/functions/updateProfile","buildConfig":{"build":"projects/783109027463/locations/us-central1/builds/82777b05-c7e4-4bb2-8c88-1a1998500aa5","runtime":"nodejs22","entryPoint":"updateProfile","source":{"storageSource":{"bucket":"gcf-v2-sources-783109027463-us-central1","object":"updateProfile/function-source.zip","generation":"1759424008562502"}},"environmentVariables":{"GOOGLE_NODE_RUN_SCRIPTS":""},"dockerRepository":"projects/monify-1384d/locations/us-central1/repositories/gcf-artifacts","sourceProvenance":{"resolvedStorageSource":{"bucket":"gcf-v2-sources-783109027463-us-central1","object":"updateProfile/function-source.zip","generation":"1759424008562502"}},"dockerRegistry":"ARTIFACT_REGISTRY","serviceAccount":"projects/monify-1384d/serviceAccounts/783109027463-compute@developer.gserviceaccount.com","automaticUpdatePolicy":{}},"serviceConfig":{"service":"projects/monify-1384d/locations/us-central1/services/updateprofile","timeoutSeconds":60,"environmentVariables":{"FIREBASE_CONFIG":"{\"projectId\":\"monify-1384d\",\"storageBucket\":\"monify-1384d.firebasestorage.app\"}","GCLOUD_PROJECT":"monify-1384d","EVENTARC_CLOUD_EVENT_SOURCE":"projects/monify-1384d/locations/us-central1/services/updateProfile","FUNCTION_TARGET":"updateProfile","LOG_EXECUTION_ID":"true"},"maxInstanceCount":20,"ingressSettings":"ALLOW_ALL","uri":"https://updateprofile-fbbni7pmxa-uc.a.run.app","serviceAccountEmail":"783109027463-compute@developer.gserviceaccount.com","availableMemory":"256Mi","allTrafficOnLatestRevision":true,"revision":"updateprofile-00001-won","maxInstanceRequestConcurrency":80,"availableCpu":"1"},"state":"ACTIVE","updateTime":"2025-10-02T16:53:28.942135696Z","labels":{"deployment-tool":"cli-firebase","deployment-callable":"true","firebase-functions-hash":"c0b78d8feae55a5b4c4dde57911fd078c0b5d0a1"},"environment":"GEN_2","url":"https://us-central1-monify-1384d.cloudfunctions.net/updateProfile","createTime":"2025-10-02T16:53:28.942135696Z","satisfiesPzi":true}}
[debug] [2025-10-02T16:55:00.695Z] Got source token Cldwcm9qZWN0cy83ODMxMDkwMjc0NjMvbG9jYXRpb25zL3VzLWNlbnRyYWwxL2J1aWxkcy84Mjc3N2IwNS1jN2U0LTRiYjItOGM4OC0xYTE5OTg1MDBhYTUSa3VzLWNlbnRyYWwxLWRvY2tlci5wa2cuZGV2L21vbmlmeS0xMzg0ZC9nY2YtYXJ0aWZhY3RzL21vbmlmeS0tMTM4NGRfX3VzLS1jZW50cmFsMV9fdXBkYXRlX3Byb2ZpbGU6dmVyc2lvbl8xGIftvaflFiJDcHJvamVjdHMvbW9uaWZ5LTEzODRkL2xvY2F0aW9ucy91cy1jZW50cmFsMS9mdW5jdGlvbnMvdXBkYXRlUHJvZmlsZSoMCMnc+sYGEPi7t7MBMghub2RlanMyMjp2CiNnY3IuaW8vZ2FlLXJ1bnRpbWVzL25vZGVqczIyOnN0YWJsZRJPdXMtY2VudHJhbDEtZG9ja2VyLnBrZy5kZXYvc2VydmVybGVzcy1ydW50aW1lcy9nb29nbGUtMjItZnVsbC9ydW50aW1lcy9ub2RlanMyMkAB for region us-central1
[debug] [2025-10-02T16:55:00.695Z] Checked if tokens are valid: true, expires at: 1759427532850
[debug] [2025-10-02T16:55:00.695Z] Checked if tokens are valid: true, expires at: 1759427532850
[debug] [2025-10-02T16:55:00.696Z] >>> [apiv2][query] POST https://run.googleapis.com/v1/projects/monify-1384d/locations/us-central1/services/updateprofile:setIamPolicy [none]
[debug] [2025-10-02T16:55:00.696Z] >>> [apiv2][body] POST https://run.googleapis.com/v1/projects/monify-1384d/locations/us-central1/services/updateprofile:setIamPolicy {"policy":{"bindings":[{"role":"roles/run.invoker","members":["allUsers"]}],"etag":"","version":3},"updateMask":"bindings,etag,version"}
[debug] [2025-10-02T16:55:01.456Z] <<< [apiv2][status] POST https://run.googleapis.com/v1/projects/monify-1384d/locations/us-central1/services/updateprofile:setIamPolicy 200
[debug] [2025-10-02T16:55:01.456Z] <<< [apiv2][body] POST https://run.googleapis.com/v1/projects/monify-1384d/locations/us-central1/services/updateprofile:setIamPolicy {"version":1,"etag":"BwZAL9iKtes=","bindings":[{"role":"roles/run.invoker","members":["allUsers"]}]}
[info] +  functions[updateProfile(us-central1)] Successful create operation. 
[debug] [2025-10-02T16:55:01.477Z] Total Function Deployment time: 93672
[debug] [2025-10-02T16:55:01.477Z] 9 Functions Deployed
[debug] [2025-10-02T16:55:01.477Z] 1 Functions Errored
[debug] [2025-10-02T16:55:01.477Z] 0 Function Deployments Aborted
[debug] [2025-10-02T16:55:01.477Z] Average Function Deployment time: 80735.77777777778
[info] 
[info] Functions deploy had errors with the following functions:
	authOnCreate(us-central1)
[debug] [2025-10-02T16:55:01.677Z] Checked if tokens are valid: true, expires at: 1759427532850
[debug] [2025-10-02T16:55:01.677Z] Checked if tokens are valid: true, expires at: 1759427532850
[debug] [2025-10-02T16:55:01.677Z] >>> [apiv2][query] GET https://artifactregistry.googleapis.com/v1/projects/monify-1384d/locations/us-central1/repositories/gcf-artifacts [none]
[debug] [2025-10-02T16:55:02.136Z] <<< [apiv2][status] GET https://artifactregistry.googleapis.com/v1/projects/monify-1384d/locations/us-central1/repositories/gcf-artifacts 200
[debug] [2025-10-02T16:55:02.136Z] <<< [apiv2][body] GET https://artifactregistry.googleapis.com/v1/projects/monify-1384d/locations/us-central1/repositories/gcf-artifacts {"name":"projects/monify-1384d/locations/us-central1/repositories/gcf-artifacts","format":"DOCKER","description":"This repository is created and used by Cloud Functions for storing function docker images.","labels":{"goog-managed-by":"cloudfunctions"},"createTime":"2025-10-02T16:53:40.632Z","updateTime":"2025-10-02T16:54:25.424161Z","mode":"STANDARD_REPOSITORY","sizeBytes":"96068519","vulnerabilityScanningConfig":{"lastEnableTime":"2025-10-02T16:53:29.154385975Z","enablementState":"SCANNING_DISABLED","enablementStateReason":"API containerscanning.googleapis.com is not enabled."},"satisfiesPzi":true,"registryUri":"us-central1-docker.pkg.dev/monify-1384d/gcf-artifacts"}
[warn] !  functions: No cleanup policy detected for repositories in us-central1. This may result in a small monthly bill as container images accumulate over time. 
[debug] [2025-10-02T17:00:08.483Z] ExitPromptError: User force closed the prompt with SIGINT
    at Interface.sigint (C:\Users\sebas\AppData\Roaming\npm\node_modules\firebase-tools\node_modules\@inquirer\core\dist\commonjs\lib\create-prompt.js:101:37)
    at Interface.emit (node:events:518:28)
    at Interface.emit (node:domain:489:12)
    at [_ttyWrite] [as _ttyWrite] (node:internal/readline/interface:1128:18)
    at ReadStream.onkeypress (node:internal/readline/interface:267:20)
    at ReadStream.emit (node:events:530:35)
    at ReadStream.emit (node:domain:489:12)
    at emitKeys (node:internal/readline/utils:370:14)
    at emitKeys.next (<anonymous>)
    at ReadStream.onData (node:internal/readline/emitKeypressEvents:64:36)
[error] 
[error] Error: An unexpected error has occurred.
